{"type":"FeatureCollection","source":{"name":"大阪府 イベント一覧（BODIK）","url":"https://data.bodik.jp/ja/dataset/270008_event","feed_url":"https://data.bodik.jp/dataset/388c34d1-f97a-4865-a547-8e89c53a364a/resource/a6f32430-9e39-49f7-b429-6e4eadcc96de/download/270008_event.csv","license":"CC BY 4.0","license_url":"https://creativecommons.org/licenses/by/4.0/","fetched_at":"2026-09-18T14:35:26.570Z","as_of":"2026-09-18","coordinate_method":"大阪府CSVの緯度・経度","limitations":"公開CSVを抽出・加工。休催日・申込条件などは掲載元を確認してください。"},"features":[{"type":"Feature","geometry":{"type":"Point","coordinates":[135.44385,34.54496]},"properties":{"id":"bodik-osaka-6a03487324569967d3fc","name":"ナゾトキイベント「ぐわ兵衛とアソビ帝国」","venue":"浜寺公園","address":"","category":"その他","source_category":"","date":"2026-09-12","end_date":"2026-12-20","start":null,"end":null,"schedule":"","url":"https://hamadera.osaka-park.or.jp/event-information/%e3%83%8a%e3%82%be%e3%83%88%e3%82%ad%e3%82%a4%e3%83%99%e3%83%b3%e3%83%88%e3%80%8c%e3%81%90%e3%82%8f%e5%85%b5%e8%a1%9b%e3%81%a8%e3%82%a2%e3%82%bd%e3%83%93%e5%b8%9d%e5%9b%bd%e3%80%8d/","source":"大阪府 イベント一覧（BODIK）","source_updated":"2026-09-14T08:52:41.251751","fetched_at":"2026-09-18T14:35:26.570Z","coordinate_source":"https://data.bodik.jp/ja/dataset/270008_event","fictional":false,"access":{"rail-007626":{"out":24.93136926788592,"back":24.93136926788592,"walk_out":83.1045642262864,"walk_back":83.1045642262864},"rail-007693":{"out":20.257630327477422,"back":20.257630327477422,"walk_out":67.52543442492474,"walk_back":67.52543442492474},"rail-007735":{"out":12.67341442638911,"back":12.67341442638911,"walk_out":42.244714754630365,"walk_back":42.244714754630365},"nakamozu":{"out":23.44038543978677,"back":23.44038543978677,"walk_out":78.13461813262256,"walk_back":78.13461813262256},"rail-007779":{"out":7.658766002843005,"back":7.658766002843005,"walk_out":25.52922000947668,"walk_back":25.52922000947668},"rail-007841":{"out":20.277876979176764,"back":20.277876979176764,"walk_out":67.59292326392254,"walk_back":67.59292326392254},"rail-007821":{"out":15.334893581188707,"back":15.334893581188707,"walk_out":51.11631193729569,"walk_back":51.11631193729569},"rail-007808":{"out":15.58935006972542,"back":15.58935006972542,"walk_out":51.96450023241807,"walk_back":51.96450023241807},"rail-007871":{"out":26.378037803249068,"back":26.378037803249068,"walk_out":87.92679267749689,"walk_back":87.92679267749689},"rail-007649":{"out":18.742344842332823,"back":18.742344842332823,"walk_out":62.47448280777607,"walk_back":62.47448280777607},"rail-007660":{"out":24.783399991093525,"back":24.783399991093525,"walk_out":82.61133330364508,"walk_back":82.61133330364508},"rail-007667":{"out":20.404639108465293,"back":20.404639108465293,"walk_out":68.0154636948843,"walk_back":68.0154636948843},"rail-007622":{"out":27.120559303535217,"back":27.120559303535217,"walk_out":90.40186434511739,"walk_back":90.40186434511739},"rail-007654":{"out":18.89820851582549,"back":18.89820851582549,"walk_out":62.99402838608496,"walk_back":62.99402838608496},"rail-007646":{"out":21.443847699705938,"back":21.443847699705938,"walk_out":71.47949233235312,"walk_back":71.47949233235312},"rail-007666":{"out":17.380050135482186,"back":17.380050135482186,"walk_out":57.93350045160729,"walk_back":57.93350045160729},"rail-007791":{"out":10.33973053510914,"back":10.33973053510914,"walk_out":34.465768450363804,"walk_back":34.465768450363804},"rail-007673":{"out":15.814745822839477,"back":15.814745822839477,"walk_out":52.71581940946492,"walk_back":52.71581940946492},"rail-007575":{"out":29.6853598804985,"back":29.6853598804985,"walk_out":98.95119960166166,"walk_back":98.95119960166166},"rail-007682":{"out":14.20423284987899,"back":14.20423284987899,"walk_out":47.347442832929964,"walk_back":47.347442832929964},"rail-007607":{"out":29.59614610581444,"back":29.59614610581444,"walk_out":98.6538203527148,"walk_back":98.6538203527148},"rail-007690":{"out":28.129624203950186,"back":28.129624203950186,"walk_out":93.76541401316729,"walk_back":93.76541401316729},"rail-007699":{"out":11.210162513304875,"back":11.210162513304875,"walk_out":37.367208377682914,"walk_back":37.367208377682914},"rail-007762":{"out":4.444468483790343,"back":4.444468483790343,"walk_out":14.814894945967811,"walk_back":14.814894945967811},"rail-007824":{"out":19.22517610573631,"back":19.22517610573631,"walk_out":64.08392035245437,"walk_back":64.08392035245437},"rail-007834":{"out":22.933141559172874,"back":22.933141559172874,"walk_out":76.44380519724291,"walk_back":76.44380519724291},"rail-007746":{"out":9.018386840702636,"back":9.018386840702636,"walk_out":30.06128946900879,"walk_back":30.06128946900879},"rail-007641":{"out":27.984034094079593,"back":27.984034094079593,"walk_out":93.28011364693198,"walk_back":93.28011364693198},"rail-007630":{"out":26.35374192692289,"back":26.35374192692289,"walk_out":87.8458064230763,"walk_back":87.8458064230763},"rail-007751":{"out":1.636723815038199,"back":1.636723815038199,"walk_out":5.45574605012733,"walk_back":5.45574605012733},"rail-007748":{"out":1.5191503823014079,"back":1.5191503823014079,"walk_out":5.063834607671359,"walk_back":5.063834607671359},"rail-007776":{"out":20.720454530167327,"back":20.720454530167327,"walk_out":69.06818176722442,"walk_back":69.06818176722442},"rail-007683":{"out":12.871174528776866,"back":12.871174528776866,"walk_out":42.90391509592289,"walk_back":42.90391509592289},"rail-007733":{"out":25.56002844156071,"back":25.56002844156071,"walk_out":85.20009480520237,"walk_back":85.20009480520237},"rail-007709":{"out":17.65625240918001,"back":17.65625240918001,"walk_out":58.8541746972667,"walk_back":58.8541746972667},"rail-007704":{"out":21.162096493784663,"back":21.162096493784663,"walk_out":70.54032164594888,"walk_back":70.54032164594888},"rail-007714":{"out":6.1928382296110165,"back":6.1928382296110165,"walk_out":20.642794098703387,"walk_back":20.642794098703387},"rail-007706":{"out":8.84566920336786,"back":8.84566920336786,"walk_out":29.4855640112262,"walk_back":29.4855640112262},"rail-007707":{"out":7.262677518264479,"back":7.262677518264479,"walk_out":24.208925060881597,"walk_back":24.208925060881597},"rail-007640":{"out":22.47966824534385,"back":22.47966824534385,"walk_out":74.9322274844795,"walk_back":74.9322274844795},"rail-007635":{"out":23.931986495097416,"back":23.931986495097416,"walk_out":79.77328831699138,"walk_back":79.77328831699138},"rail-007764":{"out":4.8007635239303825,"back":4.8007635239303825,"walk_out":16.00254507976794,"walk_back":16.00254507976794},"rail-007734":{"out":3.3332699160482813,"back":3.3332699160482813,"walk_out":11.110899720160937,"walk_back":11.110899720160937},"rail-007650":{"out":20.367460946566847,"back":20.367460946566847,"walk_out":67.89153648855616,"walk_back":67.89153648855616},"rail-007729":{"out":3.618745513063517,"back":3.618745513063517,"walk_out":12.062485043545058,"walk_back":12.062485043545058},"rail-007781":{"out":8.955103023968107,"back":8.955103023968107,"walk_out":29.850343413227023,"walk_back":29.850343413227023},"rail-007794":{"out":11.200249342052711,"back":11.200249342052711,"walk_out":37.334164473509034,"walk_back":37.334164473509034},"rail-007628":{"out":25.29207418990663,"back":25.29207418990663,"walk_out":84.30691396635542,"walk_back":84.30691396635542},"rail-007773":{"out":8.010176970508555,"back":8.010176970508555,"walk_out":26.70058990169518,"walk_back":26.70058990169518}}}},{"type":"Feature","geometry":{"type":"Point","coordinates":[135.57449,34.44807]},"properties":{"id":"bodik-osaka-b92d554f47439a71b499","name":"長野公園で中秋の名月を楽しもう！","venue":"長野公園","address":"","category":"その他","source_category":"","date":"2026-09-19","end_date":"2026-10-04","start":null,"end":null,"schedule":"","url":"https://www.toshi-kouen.jp/staticpages/index.php/nagano_top","source":"大阪府 イベント一覧（BODIK）","source_updated":"2026-09-14T08:52:41.251751","fetched_at":"2026-09-18T14:35:26.570Z","coordinate_source":"https://data.bodik.jp/ja/dataset/270008_event","fictional":false,"access":{"rail-007957":{"out":5.2069842147972345,"back":5.2069842147972345,"walk_out":17.356614049324115,"walk_back":17.356614049324115},"rail-007909":{"out":9.778991152974498,"back":9.778991152974498,"walk_out":32.596637176581666,"walk_back":32.596637176581666},"rail-007991":{"out":17.1613808720401,"back":17.1613808720401,"walk_out":57.20460290680034,"walk_back":57.20460290680034},"rail-007831":{"out":25.98661862785348,"back":25.98661862785348,"walk_out":86.62206209284493,"walk_back":86.62206209284493},"rail-008028":{"out":23.7307399542312,"back":23.7307399542312,"walk_out":79.10246651410401,"walk_back":79.10246651410401},"rail-007832":{"out":26.812608701208912,"back":26.812608701208912,"walk_out":89.37536233736304,"walk_back":89.37536233736304},"rail-007840":{"out":24.555906563430973,"back":24.555906563430973,"walk_out":81.85302187810325,"walk_back":81.85302187810325},"rail-007856":{"out":20.404144890821296,"back":20.404144890821296,"walk_out":68.01381630273765,"walk_back":68.01381630273765},"rail-007912":{"out":8.592841972845187,"back":8.592841972845187,"walk_out":28.642806576150626,"walk_back":28.642806576150626},"rail-007934":{"out":1.435968780144363,"back":1.435968780144363,"walk_out":4.7865626004812105,"walk_back":4.7865626004812105},"rail-007887":{"out":14.72932141621519,"back":14.72932141621519,"walk_out":49.09773805405064,"walk_back":49.09773805405064},"rail-007882":{"out":15.48011079495993,"back":15.48011079495993,"walk_out":51.600369316533104,"walk_back":51.600369316533104},"rail-007977":{"out":10.402477503381059,"back":10.402477503381059,"walk_out":34.6749250112702,"walk_back":34.6749250112702},"rail-007851":{"out":21.69748123913452,"back":21.69748123913452,"walk_out":72.32493746378174,"walk_back":72.32493746378174}}}},{"type":"Feature","geometry":{"type":"Point","coordinates":[135.57272,34.48347]},"properties":{"id":"bodik-osaka-edb0878b5500c412f5d5","name":"森の実習隊","venue":"錦織公園","address":"","category":"その他","source_category":"","date":"2026-09-19","end_date":"2026-09-19","start":null,"end":null,"schedule":"","url":"https://nishikori.osaka-park.or.jp/","source":"大阪府 イベント一覧（BODIK）","source_updated":"2026-09-14T08:52:41.251751","fetched_at":"2026-09-18T14:35:26.570Z","coordinate_source":"https://data.bodik.jp/ja/dataset/270008_event","fictional":false,"access":{"rail-007957":{"out":20.828540053961294,"back":20.828540053961294,"walk_out":69.42846684653765,"walk_back":69.42846684653765},"rail-007788":{"out":20.617413612512,"back":20.617413612512,"walk_out":68.72471204170667,"walk_back":68.72471204170667},"rail-007909":{"out":6.849799733320226,"back":6.849799733320226,"walk_out":22.832665777734086,"walk_back":22.832665777734086},"rail-007790":{"out":21.53486454118113,"back":21.53486454118113,"walk_out":71.78288180393709,"walk_back":71.78288180393709},"rail-007831":{"out":11.028143520070044,"back":11.028143520070044,"walk_out":36.76047840023348,"walk_back":36.76047840023348},"rail-007832":{"out":13.843085662692246,"back":13.843085662692246,"walk_out":46.14361887564082,"walk_back":46.14361887564082},"rail-007840":{"out":11.422099063896493,"back":11.422099063896493,"walk_out":38.07366354632165,"walk_back":38.07366354632165},"rail-007856":{"out":7.585042718003429,"back":7.585042718003429,"walk_out":25.283475726678095,"walk_back":25.283475726678095},"rail-007912":{"out":7.686861488821962,"back":7.686861488821962,"walk_out":25.62287162940654,"walk_back":25.62287162940654},"rail-007934":{"out":14.396198844640194,"back":14.396198844640194,"walk_out":47.98732948213398,"walk_back":47.98732948213398},"rail-007846":{"out":23.255997905858937,"back":23.255997905858937,"walk_out":77.51999301952979,"walk_back":77.51999301952979},"rail-007887":{"out":4.256666256261785,"back":4.256666256261785,"walk_out":14.188887520872617,"walk_back":14.188887520872617},"rail-007882":{"out":5.202932056618796,"back":5.202932056618796,"walk_out":17.343106855395988,"walk_back":17.343106855395988},"rail-007800":{"out":17.28315973830153,"back":17.28315973830153,"walk_out":57.61053246100511,"walk_back":57.61053246100511},"rail-007977":{"out":26.153860966146148,"back":26.153860966146148,"walk_out":87.1795365538205,"walk_back":87.1795365538205},"rail-007760":{"out":27.555077495717445,"back":27.555077495717445,"walk_out":91.85025831905816,"walk_back":91.85025831905816},"rail-007851":{"out":7.154354878288646,"back":7.154354878288646,"walk_out":23.847849594295486,"walk_back":23.847849594295486}}}},{"type":"Feature","geometry":{"type":"Point","coordinates":[135.57449,34.44807]},"properties":{"id":"bodik-osaka-6224780abe9b47796f0c","name":"長野公園　蓮アート","venue":"長野公園","address":"","category":"その他","source_category":"","date":"2026-09-19","end_date":"2026-09-19","start":null,"end":null,"schedule":"","url":"https://www.toshi-kouen.jp/staticpages/index.php/nagano_top","source":"大阪府 イベント一覧（BODIK）","source_updated":"2026-09-14T08:52:41.251751","fetched_at":"2026-09-18T14:35:26.570Z","coordinate_source":"https://data.bodik.jp/ja/dataset/270008_event","fictional":false,"access":{"rail-007957":{"out":5.2069842147972345,"back":5.2069842147972345,"walk_out":17.356614049324115,"walk_back":17.356614049324115},"rail-007909":{"out":9.778991152974498,"back":9.778991152974498,"walk_out":32.596637176581666,"walk_back":32.596637176581666},"rail-007991":{"out":17.1613808720401,"back":17.1613808720401,"walk_out":57.20460290680034,"walk_back":57.20460290680034},"rail-007831":{"out":25.98661862785348,"back":25.98661862785348,"walk_out":86.62206209284493,"walk_back":86.62206209284493},"rail-008028":{"out":23.7307399542312,"back":23.7307399542312,"walk_out":79.10246651410401,"walk_back":79.10246651410401},"rail-007832":{"out":26.812608701208912,"back":26.812608701208912,"walk_out":89.37536233736304,"walk_back":89.37536233736304},"rail-007840":{"out":24.555906563430973,"back":24.555906563430973,"walk_out":81.85302187810325,"walk_back":81.85302187810325},"rail-007856":{"out":20.404144890821296,"back":20.404144890821296,"walk_out":68.01381630273765,"walk_back":68.01381630273765},"rail-007912":{"out":8.592841972845187,"back":8.592841972845187,"walk_out":28.642806576150626,"walk_back":28.642806576150626},"rail-007934":{"out":1.435968780144363,"back":1.435968780144363,"walk_out":4.7865626004812105,"walk_back":4.7865626004812105},"rail-007887":{"out":14.72932141621519,"back":14.72932141621519,"walk_out":49.09773805405064,"walk_back":49.09773805405064},"rail-007882":{"out":15.48011079495993,"back":15.48011079495993,"walk_out":51.600369316533104,"walk_back":51.600369316533104},"rail-007977":{"out":10.402477503381059,"back":10.402477503381059,"walk_out":34.6749250112702,"walk_back":34.6749250112702},"rail-007851":{"out":21.69748123913452,"back":21.69748123913452,"walk_out":72.32493746378174,"walk_back":72.32493746378174}}}},{"type":"Feature","geometry":{"type":"Point","coordinates":[135.65491,34.67479]},"properties":{"id":"bodik-osaka-691bba1f1d36cc3b6313","name":"枚岡公園ウォークラリー","venue":"枚岡公園","address":"","category":"その他","source_category":"","date":"2026-09-19","end_date":"2026-09-22","start":null,"end":null,"schedule":"","url":"https://hiraoka.osaka-park.or.jp/","source":"大阪府 イベント一覧（BODIK）","source_updated":"2026-09-14T08:52:41.251751","fetched_at":"2026-09-18T14:35:26.570Z","coordinate_source":"https://data.bodik.jp/ja/dataset/270008_event","fictional":false,"access":{"rail-007251":{"out":19.41229088225793,"back":19.41229088225793,"walk_out":64.7076362741931,"walk_back":64.7076362741931},"rail-007491":{"out":29.56369688397826,"back":29.56369688397826,"walk_out":98.54565627992753,"walk_back":98.54565627992753},"rail-007043":{"out":18.60309483114891,"back":18.60309483114891,"walk_out":62.01031610382969,"walk_back":62.01031610382969},"rail-007549":{"out":24.816119776637013,"back":24.816119776637013,"walk_out":82.72039925545671,"walk_back":82.72039925545671},"rail-007471":{"out":22.649648771070183,"back":22.649648771070183,"walk_out":75.4988292369006,"walk_back":75.4988292369006},"rail-007351":{"out":24.458933389771246,"back":24.458933389771246,"walk_out":81.52977796590416,"walk_back":81.52977796590416},"rail-007338":{"out":20.1662493615851,"back":20.1662493615851,"walk_out":67.22083120528366,"walk_back":67.22083120528366},"rail-007213":{"out":11.387932421034487,"back":11.387932421034487,"walk_out":37.959774736781625,"walk_back":37.959774736781625},"rail-006928":{"out":25.38884374471805,"back":25.38884374471805,"walk_out":84.62947914906016,"walk_back":84.62947914906016},"rail-007168":{"out":13.542741883067816,"back":13.542741883067816,"walk_out":45.14247294355938,"walk_back":45.14247294355938},"rail-007514":{"out":27.154016963890058,"back":27.154016963890058,"walk_out":90.51338987963352,"walk_back":90.51338987963352},"rail-007131":{"out":28.007859053119795,"back":28.007859053119795,"walk_out":93.35953017706598,"walk_back":93.35953017706598},"rail-007215":{"out":5.669079582199815,"back":5.669079582199815,"walk_out":18.89693194066605,"walk_back":18.89693194066605},"rail-007528":{"out":22.079281997327264,"back":22.079281997327264,"walk_out":73.59760665775755,"walk_back":73.59760665775755},"rail-007431":{"out":22.81271443992873,"back":22.81271443992873,"walk_out":76.0423814664291,"walk_back":76.0423814664291},"rail-007138":{"out":21.501740439586506,"back":21.501740439586506,"walk_out":71.67246813195501,"walk_back":71.67246813195501},"higashihanazono":{"out":11.677159160472586,"back":11.677159160472586,"walk_out":38.92386386824195,"walk_back":38.92386386824195},"rail-007287":{"out":3.426427710117633,"back":3.426427710117633,"walk_out":11.42142570039211,"walk_back":11.42142570039211},"rail-007185":{"out":12.221827430270375,"back":12.221827430270375,"walk_out":40.73942476756792,"walk_back":40.73942476756792},"rail-007350":{"out":27.345871092686707,"back":27.345871092686707,"walk_out":91.15290364228903,"walk_back":91.15290364228903},"kawachi_yamamoto":{"out":24.606961088883157,"back":24.606961088883157,"walk_out":82.02320362961052,"walk_back":82.02320362961052},"rail-007359":{"out":14.381687890281434,"back":14.381687890281434,"walk_out":47.93895963427144,"walk_back":47.93895963427144},"rail-007365":{"out":8.100340371069322,"back":8.100340371069322,"walk_out":27.001134570231073,"walk_back":27.001134570231073},"ikoma":{"out":17.757626975997525,"back":17.757626975997525,"walk_out":59.19208991999175,"walk_back":59.19208991999175},"rail-007219":{"out":9.616630600838066,"back":9.616630600838066,"walk_out":32.05543533612689,"walk_back":32.05543533612689},"rail-007178":{"out":4.441386662520072,"back":4.441386662520072,"walk_out":14.804622208400241,"walk_back":14.804622208400241},"rail-007354":{"out":17.80505551074384,"back":17.80505551074384,"walk_out":59.35018503581281,"walk_back":59.35018503581281},"rail-007234":{"out":18.339055660505803,"back":18.339055660505803,"walk_out":61.13018553501934,"walk_back":61.13018553501934},"rail-007175":{"out":19.528674345835675,"back":19.528674345835675,"walk_out":65.09558115278558,"walk_back":65.09558115278558},"rail-007390":{"out":21.30736126040691,"back":21.30736126040691,"walk_out":71.0245375346897,"walk_back":71.0245375346897},"kintetsu_yao":{"out":27.44255277566971,"back":27.44255277566971,"walk_out":91.47517591889904,"walk_back":91.47517591889904},"rail-006983":{"out":20.493027385604716,"back":20.493027385604716,"walk_out":68.31009128534906,"walk_back":68.31009128534906},"nagata":{"out":23.091219522255876,"back":23.091219522255876,"walk_out":76.97073174085293,"walk_back":76.97073174085293},"kadoma_minami":{"out":29.487687153990088,"back":29.487687153990088,"walk_out":98.29229051330029,"walk_back":98.29229051330029},"rail-007207":{"out":10.803074174271662,"back":10.803074174271662,"walk_out":36.01024724757221,"walk_back":36.01024724757221},"rail-007256":{"out":1.3997892242963414,"back":1.3997892242963414,"walk_out":4.665964080987805,"walk_back":4.665964080987805},"rail-007551":{"out":26.947789602748504,"back":26.947789602748504,"walk_out":89.82596534249501,"walk_back":89.82596534249501},"rail-007569":{"out":27.076366359387823,"back":27.076366359387823,"walk_out":90.25455453129274,"walk_back":90.25455453129274},"rail-007135":{"out":16.851134108105608,"back":16.851134108105608,"walk_out":56.17044702701869,"walk_back":56.17044702701869},"rail-007084":{"out":23.521286799672094,"back":23.521286799672094,"walk_out":78.40428933224031,"walk_back":78.40428933224031}}}},{"type":"Feature","geometry":{"type":"Point","coordinates":[135.47006,34.8435]},"properties":{"id":"bodik-osaka-52f6d0f0b98087ccb44f","name":"昆虫クラブ「初秋の昆虫観察」","venue":"箕面公園","address":"","category":"その他","source_category":"","date":"2026-09-20","end_date":"2026-09-20","start":null,"end":null,"schedule":"","url":"https://www.mino-konchu.jp/e795461.html","source":"大阪府 イベント一覧（BODIK）","source_updated":"2026-09-14T08:52:41.251751","fetched_at":"2026-09-18T14:35:26.570Z","coordinate_source":"https://data.bodik.jp/ja/dataset/270008_event","fictional":false,"access":{"rail-006364":{"out":24.328853549794506,"back":24.328853549794506,"walk_out":81.09617849931502,"walk_back":81.09617849931502},"rail-006601":{"out":27.354533152361476,"back":27.354533152361476,"walk_out":91.18177717453825,"walk_back":91.18177717453825},"rail-006309":{"out":28.782471246062965,"back":28.782471246062965,"walk_out":95.94157082020988,"walk_back":95.94157082020988},"rail-006584":{"out":29.305520303983467,"back":29.305520303983467,"walk_out":97.6850676799449,"walk_back":97.6850676799449},"rail-006624":{"out":26.46992640901589,"back":26.46992640901589,"walk_out":88.23308803005297,"walk_back":88.23308803005297},"rail-006543":{"out":18.272136160540168,"back":18.272136160540168,"walk_out":60.907120535133885,"walk_back":60.907120535133885},"rail-006587":{"out":18.471145900411802,"back":18.471145900411802,"walk_out":61.570486334706004,"walk_back":61.570486334706004},"rail-006668":{"out":26.75751168508239,"back":26.75751168508239,"walk_out":89.1917056169413,"walk_back":89.1917056169413},"rail-006408":{"out":20.902255054541463,"back":20.902255054541463,"walk_out":69.67418351513821,"walk_back":69.67418351513821},"rail-006674":{"out":25.37539716424179,"back":25.37539716424179,"walk_out":84.5846572141393,"walk_back":84.5846572141393},"rail-006608":{"out":17.55270039874694,"back":17.55270039874694,"walk_out":58.50900132915646,"walk_back":58.50900132915646},"rail-006604":{"out":24.238866234893987,"back":24.238866234893987,"walk_out":80.79622078297996,"walk_back":80.79622078297996},"rail-006717":{"out":28.781657305037402,"back":28.781657305037402,"walk_out":95.93885768345801,"walk_back":95.93885768345801},"rail-006522":{"out":23.50192167068743,"back":23.50192167068743,"walk_out":78.33973890229143,"walk_back":78.33973890229143},"kawanishi":{"out":21.88035532576545,"back":21.88035532576545,"walk_out":72.9345177525515,"walk_back":72.9345177525515},"rail-006391":{"out":22.284932422750607,"back":22.284932422750607,"walk_out":74.28310807583536,"walk_back":74.28310807583536},"rail-006427":{"out":19.949642577154414,"back":19.949642577154414,"walk_out":66.49880859051471,"walk_back":66.49880859051471},"rail-006627":{"out":19.643831885860063,"back":19.643831885860063,"walk_out":65.47943961953354,"walk_back":65.47943961953354},"rail-006664":{"out":24.433275835403766,"back":24.433275835403766,"walk_out":81.44425278467922,"walk_back":81.44425278467922},"rail-006560":{"out":12.389431094115407,"back":12.389431094115407,"walk_out":41.298103647051356,"walk_back":41.298103647051356},"rail-006535":{"out":18.92076874042969,"back":18.92076874042969,"walk_out":63.06922913476563,"walk_back":63.06922913476563},"rail-006458":{"out":17.858666641798255,"back":17.858666641798255,"walk_out":59.528888805994185,"walk_back":59.528888805994185},"rail-006527":{"out":9.037475814317752,"back":9.037475814317752,"walk_out":30.12491938105917,"walk_back":30.12491938105917},"rail-006350":{"out":27.101832814017612,"back":27.101832814017612,"walk_out":90.33944271339203,"walk_back":90.33944271339203},"ishibashi":{"out":18.084813700361337,"back":18.084813700361337,"walk_out":60.28271233453779,"walk_back":60.28271233453779},"rail-006322":{"out":29.67916385330692,"back":29.67916385330692,"walk_out":98.93054617768973,"walk_back":98.93054617768973},"rail-006481":{"out":4.157244366578371,"back":4.157244366578371,"walk_out":13.857481221927902,"walk_back":13.857481221927902},"rail-010184":{"out":12.188152281327541,"back":12.188152281327541,"walk_out":40.6271742710918,"walk_back":40.6271742710918},"rail-010183":{"out":8.739413229132532,"back":8.739413229132532,"walk_out":29.131377430441777,"walk_back":29.131377430441777},"rail-006476":{"out":17.583126266041088,"back":17.583126266041088,"walk_out":58.61042088680363,"walk_back":58.61042088680363},"rail-006656":{"out":23.02244471993704,"back":23.02244471993704,"walk_out":76.74148239979014,"walk_back":76.74148239979014},"toyonaka":{"out":25.209556614878778,"back":25.209556614878778,"walk_out":84.03185538292927,"walk_back":84.03185538292927},"rail-006478":{"out":21.06036507225619,"back":21.06036507225619,"walk_out":70.20121690752063,"walk_back":70.20121690752063},"rail-006550":{"out":24.472229472564383,"back":24.472229472564383,"walk_out":81.57409824188127,"walk_back":81.57409824188127},"rail-006505":{"out":25.549237580386503,"back":25.549237580386503,"walk_out":85.16412526795501,"walk_back":85.16412526795501},"rail-006445":{"out":18.79004999848321,"back":18.79004999848321,"walk_out":62.63349999494403,"walk_back":62.63349999494403},"rail-006429":{"out":19.527011213761845,"back":19.527011213761845,"walk_out":65.09003737920615,"walk_back":65.09003737920615}}}},{"type":"Feature","geometry":{"type":"Point","coordinates":[135.44385,34.54496]},"properties":{"id":"bodik-osaka-321bc846523b5a287e84","name":"ツリーイングイベント","venue":"浜寺公園","address":"","category":"その他","source_category":"","date":"2026-09-20","end_date":"2026-09-20","start":null,"end":null,"schedule":"","url":"https://hamadera.osaka-park.or.jp/event-information/%e3%80%90%e6%9c%a8%e7%99%bb%e3%82%8a%e3%80%91%e3%83%84%e3%83%aa%e3%83%bc%e3%82%a4%e3%83%b3%e3%82%b0%e3%82%a4%e3%83%99%e3%83%b3%e3%83%88%e9%96%8b%e5%82%ac%ef%bc%81/","source":"大阪府 イベント一覧（BODIK）","source_updated":"2026-09-14T08:52:41.251751","fetched_at":"2026-09-18T14:35:26.570Z","coordinate_source":"https://data.bodik.jp/ja/dataset/270008_event","fictional":false,"access":{"rail-007626":{"out":24.93136926788592,"back":24.93136926788592,"walk_out":83.1045642262864,"walk_back":83.1045642262864},"rail-007693":{"out":20.257630327477422,"back":20.257630327477422,"walk_out":67.52543442492474,"walk_back":67.52543442492474},"rail-007735":{"out":12.67341442638911,"back":12.67341442638911,"walk_out":42.244714754630365,"walk_back":42.244714754630365},"nakamozu":{"out":23.44038543978677,"back":23.44038543978677,"walk_out":78.13461813262256,"walk_back":78.13461813262256},"rail-007779":{"out":7.658766002843005,"back":7.658766002843005,"walk_out":25.52922000947668,"walk_back":25.52922000947668},"rail-007841":{"out":20.277876979176764,"back":20.277876979176764,"walk_out":67.59292326392254,"walk_back":67.59292326392254},"rail-007821":{"out":15.334893581188707,"back":15.334893581188707,"walk_out":51.11631193729569,"walk_back":51.11631193729569},"rail-007808":{"out":15.58935006972542,"back":15.58935006972542,"walk_out":51.96450023241807,"walk_back":51.96450023241807},"rail-007871":{"out":26.378037803249068,"back":26.378037803249068,"walk_out":87.92679267749689,"walk_back":87.92679267749689},"rail-007649":{"out":18.742344842332823,"back":18.742344842332823,"walk_out":62.47448280777607,"walk_back":62.47448280777607},"rail-007660":{"out":24.783399991093525,"back":24.783399991093525,"walk_out":82.61133330364508,"walk_back":82.61133330364508},"rail-007667":{"out":20.404639108465293,"back":20.404639108465293,"walk_out":68.0154636948843,"walk_back":68.0154636948843},"rail-007622":{"out":27.120559303535217,"back":27.120559303535217,"walk_out":90.40186434511739,"walk_back":90.40186434511739},"rail-007654":{"out":18.89820851582549,"back":18.89820851582549,"walk_out":62.99402838608496,"walk_back":62.99402838608496},"rail-007646":{"out":21.443847699705938,"back":21.443847699705938,"walk_out":71.47949233235312,"walk_back":71.47949233235312},"rail-007666":{"out":17.380050135482186,"back":17.380050135482186,"walk_out":57.93350045160729,"walk_back":57.93350045160729},"rail-007791":{"out":10.33973053510914,"back":10.33973053510914,"walk_out":34.465768450363804,"walk_back":34.465768450363804},"rail-007673":{"out":15.814745822839477,"back":15.814745822839477,"walk_out":52.71581940946492,"walk_back":52.71581940946492},"rail-007575":{"out":29.6853598804985,"back":29.6853598804985,"walk_out":98.95119960166166,"walk_back":98.95119960166166},"rail-007682":{"out":14.20423284987899,"back":14.20423284987899,"walk_out":47.347442832929964,"walk_back":47.347442832929964},"rail-007607":{"out":29.59614610581444,"back":29.59614610581444,"walk_out":98.6538203527148,"walk_back":98.6538203527148},"rail-007690":{"out":28.129624203950186,"back":28.129624203950186,"walk_out":93.76541401316729,"walk_back":93.76541401316729},"rail-007699":{"out":11.210162513304875,"back":11.210162513304875,"walk_out":37.367208377682914,"walk_back":37.367208377682914},"rail-007762":{"out":4.444468483790343,"back":4.444468483790343,"walk_out":14.814894945967811,"walk_back":14.814894945967811},"rail-007824":{"out":19.22517610573631,"back":19.22517610573631,"walk_out":64.08392035245437,"walk_back":64.08392035245437},"rail-007834":{"out":22.933141559172874,"back":22.933141559172874,"walk_out":76.44380519724291,"walk_back":76.44380519724291},"rail-007746":{"out":9.018386840702636,"back":9.018386840702636,"walk_out":30.06128946900879,"walk_back":30.06128946900879},"rail-007641":{"out":27.984034094079593,"back":27.984034094079593,"walk_out":93.28011364693198,"walk_back":93.28011364693198},"rail-007630":{"out":26.35374192692289,"back":26.35374192692289,"walk_out":87.8458064230763,"walk_back":87.8458064230763},"rail-007751":{"out":1.636723815038199,"back":1.636723815038199,"walk_out":5.45574605012733,"walk_back":5.45574605012733},"rail-007748":{"out":1.5191503823014079,"back":1.5191503823014079,"walk_out":5.063834607671359,"walk_back":5.063834607671359},"rail-007776":{"out":20.720454530167327,"back":20.720454530167327,"walk_out":69.06818176722442,"walk_back":69.06818176722442},"rail-007683":{"out":12.871174528776866,"back":12.871174528776866,"walk_out":42.90391509592289,"walk_back":42.90391509592289},"rail-007733":{"out":25.56002844156071,"back":25.56002844156071,"walk_out":85.20009480520237,"walk_back":85.20009480520237},"rail-007709":{"out":17.65625240918001,"back":17.65625240918001,"walk_out":58.8541746972667,"walk_back":58.8541746972667},"rail-007704":{"out":21.162096493784663,"back":21.162096493784663,"walk_out":70.54032164594888,"walk_back":70.54032164594888},"rail-007714":{"out":6.1928382296110165,"back":6.1928382296110165,"walk_out":20.642794098703387,"walk_back":20.642794098703387},"rail-007706":{"out":8.84566920336786,"back":8.84566920336786,"walk_out":29.4855640112262,"walk_back":29.4855640112262},"rail-007707":{"out":7.262677518264479,"back":7.262677518264479,"walk_out":24.208925060881597,"walk_back":24.208925060881597},"rail-007640":{"out":22.47966824534385,"back":22.47966824534385,"walk_out":74.9322274844795,"walk_back":74.9322274844795},"rail-007635":{"out":23.931986495097416,"back":23.931986495097416,"walk_out":79.77328831699138,"walk_back":79.77328831699138},"rail-007764":{"out":4.8007635239303825,"back":4.8007635239303825,"walk_out":16.00254507976794,"walk_back":16.00254507976794},"rail-007734":{"out":3.3332699160482813,"back":3.3332699160482813,"walk_out":11.110899720160937,"walk_back":11.110899720160937},"rail-007650":{"out":20.367460946566847,"back":20.367460946566847,"walk_out":67.89153648855616,"walk_back":67.89153648855616},"rail-007729":{"out":3.618745513063517,"back":3.618745513063517,"walk_out":12.062485043545058,"walk_back":12.062485043545058},"rail-007781":{"out":8.955103023968107,"back":8.955103023968107,"walk_out":29.850343413227023,"walk_back":29.850343413227023},"rail-007794":{"out":11.200249342052711,"back":11.200249342052711,"walk_out":37.334164473509034,"walk_back":37.334164473509034},"rail-007628":{"out":25.29207418990663,"back":25.29207418990663,"walk_out":84.30691396635542,"walk_back":84.30691396635542},"rail-007773":{"out":8.010176970508555,"back":8.010176970508555,"walk_out":26.70058990169518,"walk_back":26.70058990169518}}}},{"type":"Feature","geometry":{"type":"Point","coordinates":[135.52419,34.56602]},"properties":{"id":"bodik-osaka-b3bbd7a5e63a1193bd96","name":"大泉の森ヨガ　森林浴YOGA＆WALKING","venue":"大泉緑地","address":"","category":"その他","source_category":"","date":"2026-09-20","end_date":"2026-09-20","start":null,"end":null,"schedule":"","url":"https://oizumi.osaka-park.or.jp/event/","source":"大阪府 イベント一覧（BODIK）","source_updated":"2026-09-14T08:52:41.251751","fetched_at":"2026-09-18T14:35:26.570Z","coordinate_source":"https://data.bodik.jp/ja/dataset/270008_event","fictional":false,"access":{"rail-007626":{"out":19.782737707068787,"back":19.782737707068787,"walk_out":65.94245902356262,"walk_back":65.94245902356262},"rail-007693":{"out":11.508299122151096,"back":11.508299122151096,"walk_out":38.360997073836984,"walk_back":38.360997073836984},"rail-007735":{"out":18.45761170514828,"back":18.45761170514828,"walk_out":61.52537235049428,"walk_back":61.52537235049428},"nakamozu":{"out":7.825155483123821,"back":7.825155483123821,"walk_out":26.083851610412733,"walk_back":26.083851610412733},"rail-007529":{"out":26.932501752829193,"back":26.932501752829193,"walk_out":89.77500584276397,"walk_back":89.77500584276397},"rail-007593":{"out":22.139987025212935,"back":22.139987025212935,"walk_out":73.79995675070978,"walk_back":73.79995675070978},"rail-007580":{"out":26.70193046804018,"back":26.70193046804018,"walk_out":89.00643489346727,"walk_back":89.00643489346727},"rail-007567":{"out":24.401886974168463,"back":24.401886974168463,"walk_out":81.33962324722822,"walk_back":81.33962324722822},"rail-007573":{"out":24.16017542163456,"back":24.16017542163456,"walk_out":80.5339180721152,"walk_back":80.5339180721152},"rail-007572":{"out":23.20303579519925,"back":23.20303579519925,"walk_out":77.34345265066416,"walk_back":77.34345265066416},"rail-007574":{"out":23.95964628473421,"back":23.95964628473421,"walk_out":79.8654876157807,"walk_back":79.8654876157807},"rail-007618":{"out":25.57037607539488,"back":25.57037607539488,"walk_out":85.23458691798292,"walk_back":85.23458691798292},"rail-007582":{"out":24.37248373843173,"back":24.37248373843173,"walk_out":81.2416124614391,"walk_back":81.2416124614391},"rail-007747":{"out":10.617176062024015,"back":10.617176062024015,"walk_out":35.39058687341338,"walk_back":35.39058687341338},"rail-007544":{"out":29.562122294659005,"back":29.562122294659005,"walk_out":98.54040764886335,"walk_back":98.54040764886335},"rail-007502":{"out":29.411408570526255,"back":29.411408570526255,"walk_out":98.03802856842086,"walk_back":98.03802856842086},"rail-007522":{"out":28.10335159471841,"back":28.10335159471841,"walk_out":93.67783864906137,"walk_back":93.67783864906137},"rail-007647":{"out":7.864197344160726,"back":7.864197344160726,"walk_out":26.213991147202417,"walk_back":26.213991147202417},"rail-007788":{"out":20.392383079668765,"back":20.392383079668765,"walk_out":67.97461026556255,"walk_back":67.97461026556255},"rail-007531":{"out":26.510019580701197,"back":26.510019580701197,"walk_out":88.36673193567066,"walk_back":88.36673193567066},"rail-007581":{"out":21.7498061262108,"back":21.7498061262108,"walk_out":72.499353754036,"walk_back":72.499353754036},"rail-007649":{"out":21.516349302148946,"back":21.516349302148946,"walk_out":71.72116434049649,"walk_back":71.72116434049649},"rail-007660":{"out":10.67593136837051,"back":10.67593136837051,"walk_out":35.58643789456836,"walk_back":35.58643789456836},"rail-007667":{"out":14.994350618982999,"back":14.994350618982999,"walk_out":49.98116872994333,"walk_back":49.98116872994333},"rail-007534":{"out":27.787893287651542,"back":27.787893287651542,"walk_out":92.62631095883847,"walk_back":92.62631095883847},"rail-007622":{"out":18.714959319426644,"back":18.714959319426644,"walk_out":62.38319773142214,"walk_back":62.38319773142214},"rail-007654":{"out":19.1043932292385,"back":19.1043932292385,"walk_out":63.68131076412834,"walk_back":63.68131076412834},"rail-007831":{"out":29.827540712763508,"back":29.827540712763508,"walk_out":99.42513570921169,"walk_back":99.42513570921169},"rail-007515":{"out":29.72360462112311,"back":29.72360462112311,"walk_out":99.07868207041037,"walk_back":99.07868207041037},"rail-007646":{"out":18.411155121287468,"back":18.411155121287468,"walk_out":61.37051707095823,"walk_back":61.37051707095823},"rail-007532":{"out":26.95490744390536,"back":26.95490744390536,"walk_out":89.84969147968454,"walk_back":89.84969147968454},"rail-007592":{"out":21.532375314448604,"back":21.532375314448604,"walk_out":71.77458438149534,"walk_back":71.77458438149534},"rail-007666":{"out":19.66130724040419,"back":19.66130724040419,"walk_out":65.53769080134731,"walk_back":65.53769080134731},"rail-007673":{"out":20.351618163073688,"back":20.351618163073688,"walk_out":67.83872721024562,"walk_back":67.83872721024562},"rail-007517":{"out":29.694190029435948,"back":29.694190029435948,"walk_out":98.98063343145316,"walk_back":98.98063343145316},"rail-007657":{"out":7.665128800783616,"back":7.665128800783616,"walk_out":25.550429335945385,"walk_back":25.550429335945385},"rail-007538":{"out":26.614951954969904,"back":26.614951954969904,"walk_out":88.71650651656635,"walk_back":88.71650651656635},"rail-007547":{"out":25.731771033970126,"back":25.731771033970126,"walk_out":85.77257011323375,"walk_back":85.77257011323375},"rail-007559":{"out":24.73609014714906,"back":24.73609014714906,"walk_out":82.4536338238302,"walk_back":82.4536338238302},"rail-007546":{"out":26.072591594249158,"back":26.072591594249158,"walk_out":86.90863864749718,"walk_back":86.90863864749718},"rail-007682":{"out":21.153503248500105,"back":21.153503248500105,"walk_out":70.51167749500036,"walk_back":70.51167749500036},"rail-007674":{"out":18.123624985242518,"back":18.123624985242518,"walk_out":60.41208328414172,"walk_back":60.41208328414172},"rail-007611":{"out":15.262507030244395,"back":15.262507030244395,"walk_out":50.87502343414798,"walk_back":50.87502343414798},"rail-007609":{"out":18.12514057074336,"back":18.12514057074336,"walk_out":60.41713523581119,"walk_back":60.41713523581119},"rail-007595":{"out":17.31212140759033,"back":17.31212140759033,"walk_out":57.70707135863443,"walk_back":57.70707135863443},"rail-007607":{"out":20.0172799105858,"back":20.0172799105858,"walk_out":66.72426636861933,"walk_back":66.72426636861933},"rail-007690":{"out":3.407887527462735,"back":3.407887527462735,"walk_out":11.35962509154245,"walk_back":11.35962509154245},"rail-007499":{"out":29.900119320185986,"back":29.900119320185986,"walk_out":99.66706440061995,"walk_back":99.66706440061995},"rail-007623":{"out":14.29031656713143,"back":14.29031656713143,"walk_out":47.63438855710477,"walk_back":47.63438855710477},"rail-007699":{"out":22.528148249339246,"back":22.528148249339246,"walk_out":75.09382749779748,"walk_back":75.09382749779748},"rail-007525":{"out":28.96652166508333,"back":28.96652166508333,"walk_out":96.55507221694444,"walk_back":96.55507221694444},"rail-007553":{"out":25.94480313221004,"back":25.94480313221004,"walk_out":86.4826771073668,"walk_back":86.4826771073668},"rail-007587":{"out":20.528383558988807,"back":20.528383558988807,"walk_out":68.42794519662937,"walk_back":68.42794519662937},"rail-007639":{"out":9.72777671258199,"back":9.72777671258199,"walk_out":32.4259223752733,"walk_back":32.4259223752733},"rail-007668":{"out":12.87755335160262,"back":12.87755335160262,"walk_out":42.9251778386754,"walk_back":42.9251778386754},"rail-007746":{"out":23.052259510779233,"back":23.052259510779233,"walk_out":76.84086503593078,"walk_back":76.84086503593078},"rail-007641":{"out":11.690273841265247,"back":11.690273841265247,"walk_out":38.967579470884154,"walk_back":38.967579470884154},"rail-007630":{"out":16.0402720953413,"back":16.0402720953413,"walk_out":53.46757365113767,"walk_back":53.46757365113767},"rail-007776":{"out":18.626692965882885,"back":18.626692965882885,"walk_out":62.088976552942945,"walk_back":62.088976552942945},"rail-007683":{"out":23.564069878708057,"back":23.564069878708057,"walk_out":78.54689959569352,"walk_back":78.54689959569352},"rail-007800":{"out":23.652500540941663,"back":23.652500540941663,"walk_out":78.84166846980554,"walk_back":78.84166846980554},"rail-007533":{"out":28.622318461650295,"back":28.622318461650295,"walk_out":95.40772820550097,"walk_back":95.40772820550097},"rail-007519":{"out":27.827444880978664,"back":27.827444880978664,"walk_out":92.75814960326221,"walk_back":92.75814960326221},"rail-007733":{"out":8.118076047840942,"back":8.118076047840942,"walk_out":27.060253492803138,"walk_back":27.060253492803138},"rail-007709":{"out":13.262230490820661,"back":13.262230490820661,"walk_out":44.2074349694022,"walk_back":44.2074349694022},"rail-007704":{"out":9.75389436382508,"back":9.75389436382508,"walk_out":32.51298121275027,"walk_back":32.51298121275027},"rail-007590":{"out":18.02806086086241,"back":18.02806086086241,"walk_out":60.093536202874695,"walk_back":60.093536202874695},"rail-007714":{"out":25.767297053714078,"back":25.767297053714078,"walk_out":85.89099017904692,"walk_back":85.89099017904692},"rail-007706":{"out":23.977389458373203,"back":23.977389458373203,"walk_out":79.92463152791068,"walk_back":79.92463152791068},"rail-007707":{"out":26.148216977732332,"back":26.148216977732332,"walk_out":87.16072325910777,"walk_back":87.16072325910777},"rail-007564":{"out":24.327840259850813,"back":24.327840259850813,"walk_out":81.09280086616937,"walk_back":81.09280086616937},"rail-007640":{"out":18.213713601048482,"back":18.213713601048482,"walk_out":60.7123786701616,"walk_back":60.7123786701616},"rail-007554":{"out":26.039706011232333,"back":26.039706011232333,"walk_out":86.79902003744111,"walk_back":86.79902003744111},"rail-007579":{"out":22.888820131694565,"back":22.888820131694565,"walk_out":76.29606710564855,"walk_back":76.29606710564855},"rail-007635":{"out":17.893408692152146,"back":17.893408692152146,"walk_out":59.64469564050716,"walk_back":59.64469564050716},"rail-007734":{"out":27.868587439802532,"back":27.868587439802532,"walk_out":92.89529146600844,"walk_back":92.89529146600844},"rail-007650":{"out":18.669421024150807,"back":18.669421024150807,"walk_out":62.231403413836034,"walk_back":62.231403413836034},"rail-007760":{"out":13.47267573936368,"back":13.47267573936368,"walk_out":44.90891913121227,"walk_back":44.90891913121227},"rail-007678":{"out":25.684634369367625,"back":25.684634369367625,"walk_out":85.61544789789208,"walk_back":85.61544789789208},"rail-007540":{"out":24.962322178237045,"back":24.962322178237045,"walk_out":83.20774059412349,"walk_back":83.20774059412349},"rail-007729":{"out":28.193421573249278,"back":28.193421573249278,"walk_out":93.97807191083093,"walk_back":93.97807191083093},"rail-007562":{"out":22.92560672380577,"back":22.92560672380577,"walk_out":76.41868907935257,"walk_back":76.41868907935257},"rail-007594":{"out":24.34213050195954,"back":24.34213050195954,"walk_out":81.1404350065318,"walk_back":81.1404350065318},"nagai":{"out":19.925436873456313,"back":19.925436873456313,"walk_out":66.41812291152104,"walk_back":66.41812291152104},"rail-007543":{"out":24.893969561145756,"back":24.893969561145756,"walk_out":82.97989853715252,"walk_back":82.97989853715252},"rail-007669":{"out":8.96844808809805,"back":8.96844808809805,"walk_out":29.894826960326835,"walk_back":29.894826960326835},"rail-007628":{"out":17.936504089518788,"back":17.936504089518788,"walk_out":59.78834696506262,"walk_back":59.78834696506262},"rail-007679":{"out":22.227734845702678,"back":22.227734845702678,"walk_out":74.09244948567559,"walk_back":74.09244948567559},"rail-007773":{"out":28.352157159923646,"back":28.352157159923646,"walk_out":94.50719053307883,"walk_back":94.50719053307883},"rail-007556":{"out":23.27602134676747,"back":23.27602134676747,"walk_out":77.58673782255825,"walk_back":77.58673782255825}}}},{"type":"Feature","geometry":{"type":"Point","coordinates":[135.52419,34.56602]},"properties":{"id":"bodik-osaka-aa00aff09f9ac4319c0e","name":"ぬり絵で楽しむ水彩画","venue":"大泉緑地","address":"","category":"その他","source_category":"","date":"2026-09-20","end_date":"2026-09-20","start":null,"end":null,"schedule":"","url":"https://oizumi.osaka-park.or.jp/event/","source":"大阪府 イベント一覧（BODIK）","source_updated":"2026-09-14T08:52:41.251751","fetched_at":"2026-09-18T14:35:26.570Z","coordinate_source":"https://data.bodik.jp/ja/dataset/270008_event","fictional":false,"access":{"rail-007626":{"out":19.782737707068787,"back":19.782737707068787,"walk_out":65.94245902356262,"walk_back":65.94245902356262},"rail-007693":{"out":11.508299122151096,"back":11.508299122151096,"walk_out":38.360997073836984,"walk_back":38.360997073836984},"rail-007735":{"out":18.45761170514828,"back":18.45761170514828,"walk_out":61.52537235049428,"walk_back":61.52537235049428},"nakamozu":{"out":7.825155483123821,"back":7.825155483123821,"walk_out":26.083851610412733,"walk_back":26.083851610412733},"rail-007529":{"out":26.932501752829193,"back":26.932501752829193,"walk_out":89.77500584276397,"walk_back":89.77500584276397},"rail-007593":{"out":22.139987025212935,"back":22.139987025212935,"walk_out":73.79995675070978,"walk_back":73.79995675070978},"rail-007580":{"out":26.70193046804018,"back":26.70193046804018,"walk_out":89.00643489346727,"walk_back":89.00643489346727},"rail-007567":{"out":24.401886974168463,"back":24.401886974168463,"walk_out":81.33962324722822,"walk_back":81.33962324722822},"rail-007573":{"out":24.16017542163456,"back":24.16017542163456,"walk_out":80.5339180721152,"walk_back":80.5339180721152},"rail-007572":{"out":23.20303579519925,"back":23.20303579519925,"walk_out":77.34345265066416,"walk_back":77.34345265066416},"rail-007574":{"out":23.95964628473421,"back":23.95964628473421,"walk_out":79.8654876157807,"walk_back":79.8654876157807},"rail-007618":{"out":25.57037607539488,"back":25.57037607539488,"walk_out":85.23458691798292,"walk_back":85.23458691798292},"rail-007582":{"out":24.37248373843173,"back":24.37248373843173,"walk_out":81.2416124614391,"walk_back":81.2416124614391},"rail-007747":{"out":10.617176062024015,"back":10.617176062024015,"walk_out":35.39058687341338,"walk_back":35.39058687341338},"rail-007544":{"out":29.562122294659005,"back":29.562122294659005,"walk_out":98.54040764886335,"walk_back":98.54040764886335},"rail-007502":{"out":29.411408570526255,"back":29.411408570526255,"walk_out":98.03802856842086,"walk_back":98.03802856842086},"rail-007522":{"out":28.10335159471841,"back":28.10335159471841,"walk_out":93.67783864906137,"walk_back":93.67783864906137},"rail-007647":{"out":7.864197344160726,"back":7.864197344160726,"walk_out":26.213991147202417,"walk_back":26.213991147202417},"rail-007788":{"out":20.392383079668765,"back":20.392383079668765,"walk_out":67.97461026556255,"walk_back":67.97461026556255},"rail-007531":{"out":26.510019580701197,"back":26.510019580701197,"walk_out":88.36673193567066,"walk_back":88.36673193567066},"rail-007581":{"out":21.7498061262108,"back":21.7498061262108,"walk_out":72.499353754036,"walk_back":72.499353754036},"rail-007649":{"out":21.516349302148946,"back":21.516349302148946,"walk_out":71.72116434049649,"walk_back":71.72116434049649},"rail-007660":{"out":10.67593136837051,"back":10.67593136837051,"walk_out":35.58643789456836,"walk_back":35.58643789456836},"rail-007667":{"out":14.994350618982999,"back":14.994350618982999,"walk_out":49.98116872994333,"walk_back":49.98116872994333},"rail-007534":{"out":27.787893287651542,"back":27.787893287651542,"walk_out":92.62631095883847,"walk_back":92.62631095883847},"rail-007622":{"out":18.714959319426644,"back":18.714959319426644,"walk_out":62.38319773142214,"walk_back":62.38319773142214},"rail-007654":{"out":19.1043932292385,"back":19.1043932292385,"walk_out":63.68131076412834,"walk_back":63.68131076412834},"rail-007831":{"out":29.827540712763508,"back":29.827540712763508,"walk_out":99.42513570921169,"walk_back":99.42513570921169},"rail-007515":{"out":29.72360462112311,"back":29.72360462112311,"walk_out":99.07868207041037,"walk_back":99.07868207041037},"rail-007646":{"out":18.411155121287468,"back":18.411155121287468,"walk_out":61.37051707095823,"walk_back":61.37051707095823},"rail-007532":{"out":26.95490744390536,"back":26.95490744390536,"walk_out":89.84969147968454,"walk_back":89.84969147968454},"rail-007592":{"out":21.532375314448604,"back":21.532375314448604,"walk_out":71.77458438149534,"walk_back":71.77458438149534},"rail-007666":{"out":19.66130724040419,"back":19.66130724040419,"walk_out":65.53769080134731,"walk_back":65.53769080134731},"rail-007673":{"out":20.351618163073688,"back":20.351618163073688,"walk_out":67.83872721024562,"walk_back":67.83872721024562},"rail-007517":{"out":29.694190029435948,"back":29.694190029435948,"walk_out":98.98063343145316,"walk_back":98.98063343145316},"rail-007657":{"out":7.665128800783616,"back":7.665128800783616,"walk_out":25.550429335945385,"walk_back":25.550429335945385},"rail-007538":{"out":26.614951954969904,"back":26.614951954969904,"walk_out":88.71650651656635,"walk_back":88.71650651656635},"rail-007547":{"out":25.731771033970126,"back":25.731771033970126,"walk_out":85.77257011323375,"walk_back":85.77257011323375},"rail-007559":{"out":24.73609014714906,"back":24.73609014714906,"walk_out":82.4536338238302,"walk_back":82.4536338238302},"rail-007546":{"out":26.072591594249158,"back":26.072591594249158,"walk_out":86.90863864749718,"walk_back":86.90863864749718},"rail-007682":{"out":21.153503248500105,"back":21.153503248500105,"walk_out":70.51167749500036,"walk_back":70.51167749500036},"rail-007674":{"out":18.123624985242518,"back":18.123624985242518,"walk_out":60.41208328414172,"walk_back":60.41208328414172},"rail-007611":{"out":15.262507030244395,"back":15.262507030244395,"walk_out":50.87502343414798,"walk_back":50.87502343414798},"rail-007609":{"out":18.12514057074336,"back":18.12514057074336,"walk_out":60.41713523581119,"walk_back":60.41713523581119},"rail-007595":{"out":17.31212140759033,"back":17.31212140759033,"walk_out":57.70707135863443,"walk_back":57.70707135863443},"rail-007607":{"out":20.0172799105858,"back":20.0172799105858,"walk_out":66.72426636861933,"walk_back":66.72426636861933},"rail-007690":{"out":3.407887527462735,"back":3.407887527462735,"walk_out":11.35962509154245,"walk_back":11.35962509154245},"rail-007499":{"out":29.900119320185986,"back":29.900119320185986,"walk_out":99.66706440061995,"walk_back":99.66706440061995},"rail-007623":{"out":14.29031656713143,"back":14.29031656713143,"walk_out":47.63438855710477,"walk_back":47.63438855710477},"rail-007699":{"out":22.528148249339246,"back":22.528148249339246,"walk_out":75.09382749779748,"walk_back":75.09382749779748},"rail-007525":{"out":28.96652166508333,"back":28.96652166508333,"walk_out":96.55507221694444,"walk_back":96.55507221694444},"rail-007553":{"out":25.94480313221004,"back":25.94480313221004,"walk_out":86.4826771073668,"walk_back":86.4826771073668},"rail-007587":{"out":20.528383558988807,"back":20.528383558988807,"walk_out":68.42794519662937,"walk_back":68.42794519662937},"rail-007639":{"out":9.72777671258199,"back":9.72777671258199,"walk_out":32.4259223752733,"walk_back":32.4259223752733},"rail-007668":{"out":12.87755335160262,"back":12.87755335160262,"walk_out":42.9251778386754,"walk_back":42.9251778386754},"rail-007746":{"out":23.052259510779233,"back":23.052259510779233,"walk_out":76.84086503593078,"walk_back":76.84086503593078},"rail-007641":{"out":11.690273841265247,"back":11.690273841265247,"walk_out":38.967579470884154,"walk_back":38.967579470884154},"rail-007630":{"out":16.0402720953413,"back":16.0402720953413,"walk_out":53.46757365113767,"walk_back":53.46757365113767},"rail-007776":{"out":18.626692965882885,"back":18.626692965882885,"walk_out":62.088976552942945,"walk_back":62.088976552942945},"rail-007683":{"out":23.564069878708057,"back":23.564069878708057,"walk_out":78.54689959569352,"walk_back":78.54689959569352},"rail-007800":{"out":23.652500540941663,"back":23.652500540941663,"walk_out":78.84166846980554,"walk_back":78.84166846980554},"rail-007533":{"out":28.622318461650295,"back":28.622318461650295,"walk_out":95.40772820550097,"walk_back":95.40772820550097},"rail-007519":{"out":27.827444880978664,"back":27.827444880978664,"walk_out":92.75814960326221,"walk_back":92.75814960326221},"rail-007733":{"out":8.118076047840942,"back":8.118076047840942,"walk_out":27.060253492803138,"walk_back":27.060253492803138},"rail-007709":{"out":13.262230490820661,"back":13.262230490820661,"walk_out":44.2074349694022,"walk_back":44.2074349694022},"rail-007704":{"out":9.75389436382508,"back":9.75389436382508,"walk_out":32.51298121275027,"walk_back":32.51298121275027},"rail-007590":{"out":18.02806086086241,"back":18.02806086086241,"walk_out":60.093536202874695,"walk_back":60.093536202874695},"rail-007714":{"out":25.767297053714078,"back":25.767297053714078,"walk_out":85.89099017904692,"walk_back":85.89099017904692},"rail-007706":{"out":23.977389458373203,"back":23.977389458373203,"walk_out":79.92463152791068,"walk_back":79.92463152791068},"rail-007707":{"out":26.148216977732332,"back":26.148216977732332,"walk_out":87.16072325910777,"walk_back":87.16072325910777},"rail-007564":{"out":24.327840259850813,"back":24.327840259850813,"walk_out":81.09280086616937,"walk_back":81.09280086616937},"rail-007640":{"out":18.213713601048482,"back":18.213713601048482,"walk_out":60.7123786701616,"walk_back":60.7123786701616},"rail-007554":{"out":26.039706011232333,"back":26.039706011232333,"walk_out":86.79902003744111,"walk_back":86.79902003744111},"rail-007579":{"out":22.888820131694565,"back":22.888820131694565,"walk_out":76.29606710564855,"walk_back":76.29606710564855},"rail-007635":{"out":17.893408692152146,"back":17.893408692152146,"walk_out":59.64469564050716,"walk_back":59.64469564050716},"rail-007734":{"out":27.868587439802532,"back":27.868587439802532,"walk_out":92.89529146600844,"walk_back":92.89529146600844},"rail-007650":{"out":18.669421024150807,"back":18.669421024150807,"walk_out":62.231403413836034,"walk_back":62.231403413836034},"rail-007760":{"out":13.47267573936368,"back":13.47267573936368,"walk_out":44.90891913121227,"walk_back":44.90891913121227},"rail-007678":{"out":25.684634369367625,"back":25.684634369367625,"walk_out":85.61544789789208,"walk_back":85.61544789789208},"rail-007540":{"out":24.962322178237045,"back":24.962322178237045,"walk_out":83.20774059412349,"walk_back":83.20774059412349},"rail-007729":{"out":28.193421573249278,"back":28.193421573249278,"walk_out":93.97807191083093,"walk_back":93.97807191083093},"rail-007562":{"out":22.92560672380577,"back":22.92560672380577,"walk_out":76.41868907935257,"walk_back":76.41868907935257},"rail-007594":{"out":24.34213050195954,"back":24.34213050195954,"walk_out":81.1404350065318,"walk_back":81.1404350065318},"nagai":{"out":19.925436873456313,"back":19.925436873456313,"walk_out":66.41812291152104,"walk_back":66.41812291152104},"rail-007543":{"out":24.893969561145756,"back":24.893969561145756,"walk_out":82.97989853715252,"walk_back":82.97989853715252},"rail-007669":{"out":8.96844808809805,"back":8.96844808809805,"walk_out":29.894826960326835,"walk_back":29.894826960326835},"rail-007628":{"out":17.936504089518788,"back":17.936504089518788,"walk_out":59.78834696506262,"walk_back":59.78834696506262},"rail-007679":{"out":22.227734845702678,"back":22.227734845702678,"walk_out":74.09244948567559,"walk_back":74.09244948567559},"rail-007773":{"out":28.352157159923646,"back":28.352157159923646,"walk_out":94.50719053307883,"walk_back":94.50719053307883},"rail-007556":{"out":23.27602134676747,"back":23.27602134676747,"walk_out":77.58673782255825,"walk_back":77.58673782255825}}}},{"type":"Feature","geometry":{"type":"Point","coordinates":[135.5788,34.63141]},"properties":{"id":"bodik-osaka-c61dbee860eda1214d73","name":"みどり塾","venue":"久宝寺緑地","address":"","category":"その他","source_category":"","date":"2026-09-20","end_date":"2026-09-20","start":null,"end":null,"schedule":"","url":"https://kyuhoji-ryokuchi.jp/","source":"大阪府 イベント一覧（BODIK）","source_updated":"2026-09-14T08:52:41.251751","fetched_at":"2026-09-18T14:35:26.570Z","coordinate_source":"https://data.bodik.jp/ja/dataset/270008_event","fictional":false,"access":{"rail-007376":{"out":12.3360863913444,"back":12.3360863913444,"walk_out":41.120287971148,"walk_back":41.120287971148},"rail-007344":{"out":14.833195010312476,"back":14.833195010312476,"walk_out":49.443983367708256,"walk_back":49.443983367708256},"rail-007422":{"out":8.815085537781805,"back":8.815085537781805,"walk_out":29.383618459272682,"walk_back":29.383618459272682},"kyuhoji":{"out":4.5327503034730015,"back":4.5327503034730015,"walk_out":15.109167678243338,"walk_back":15.109167678243338},"rail-007491":{"out":4.5313010230363195,"back":4.5313010230363195,"walk_out":15.1043367434544,"walk_back":15.1043367434544},"rail-007529":{"out":17.60646567801607,"back":17.60646567801607,"walk_out":58.68821892672024,"walk_back":58.68821892672024},"rail-007450":{"out":28.70687434162788,"back":28.70687434162788,"walk_out":95.6895811387596,"walk_back":95.6895811387596},"rail-007459":{"out":28.677672229759636,"back":28.677672229759636,"walk_out":95.59224076586545,"walk_back":95.59224076586545},"rail-007284":{"out":20.874050828737538,"back":20.874050828737538,"walk_out":69.58016942912512,"walk_back":69.58016942912512},"rail-007342":{"out":18.202018757829997,"back":18.202018757829997,"walk_out":60.67339585943333,"walk_back":60.67339585943333},"rail-007378":{"out":12.36736585833943,"back":12.36736585833943,"walk_out":41.22455286113143,"walk_back":41.22455286113143},"rail-007549":{"out":23.72916130545068,"back":23.72916130545068,"walk_out":79.09720435150227,"walk_back":79.09720435150227},"rail-007560":{"out":9.168430406691996,"back":9.168430406691996,"walk_out":30.56143468897332,"walk_back":30.56143468897332},"rail-007618":{"out":15.27376964483595,"back":15.27376964483595,"walk_out":50.91256548278649,"walk_back":50.91256548278649},"rail-007351":{"out":14.888633534461793,"back":14.888633534461793,"walk_out":49.62877844820597,"walk_back":49.62877844820597},"rail-007582":{"out":11.092482224895164,"back":11.092482224895164,"walk_out":36.97494074965054,"walk_back":36.97494074965054},"rail-007524":{"out":4.8502657388788295,"back":4.8502657388788295,"walk_out":16.167552462929432,"walk_back":16.167552462929432},"dobutsuen":{"out":28.58622355596859,"back":28.58622355596859,"walk_out":95.28741185322863,"walk_back":95.28741185322863},"rail-007485":{"out":28.84750342346281,"back":28.84750342346281,"walk_out":96.15834474487603,"walk_back":96.15834474487603},"rail-007412":{"out":13.053082955677729,"back":13.053082955677729,"walk_out":43.510276518925764,"walk_back":43.510276518925764},"rail-007502":{"out":18.249595776689237,"back":18.249595776689237,"walk_out":60.83198592229745,"walk_back":60.83198592229745},"rail-007522":{"out":26.89441899033533,"back":26.89441899033533,"walk_out":89.64806330111776,"walk_back":89.64806330111776},"rail-007462":{"out":10.65761179448601,"back":10.65761179448601,"walk_out":35.5253726482867,"walk_back":35.5253726482867},"rail-007531":{"out":21.359005619253065,"back":21.359005619253065,"walk_out":71.19668539751022,"walk_back":71.19668539751022},"rail-007213":{"out":27.44601767773998,"back":27.44601767773998,"walk_out":91.4867255924666,"walk_back":91.4867255924666},"rail-007581":{"out":13.901609035314568,"back":13.901609035314568,"walk_out":46.338696784381895,"walk_back":46.338696784381895},"rail-007382":{"out":26.51872604929057,"back":26.51872604929057,"walk_out":88.39575349763523,"walk_back":88.39575349763523},"rail-007676":{"out":29.815966049304677,"back":29.815966049304677,"walk_out":99.38655349768226,"walk_back":99.38655349768226},"rail-007633":{"out":26.093333793129435,"back":26.093333793129435,"walk_out":86.97777931043144,"walk_back":86.97777931043144},"uehommachi":{"out":25.924218434239364,"back":25.924218434239364,"walk_out":86.41406144746455,"walk_back":86.41406144746455},"rail-007164":{"out":29.900442736915018,"back":29.900442736915018,"walk_out":99.66814245638339,"walk_back":99.66814245638339},"rail-007451":{"out":24.36135665780537,"back":24.36135665780537,"walk_out":81.20452219268456,"walk_back":81.20452219268456},"tennoji":{"out":24.432570102639293,"back":24.432570102639293,"walk_out":81.44190034213098,"walk_back":81.44190034213098},"rail-007447":{"out":24.96364928629508,"back":24.96364928629508,"walk_out":83.21216428765027,"walk_back":83.21216428765027},"rail-007515":{"out":29.697497655368245,"back":29.697497655368245,"walk_out":98.99165885122748,"walk_back":98.99165885122748},"rail-007532":{"out":27.870309916401126,"back":27.870309916401126,"walk_out":92.90103305467042,"walk_back":92.90103305467042},"rail-007653":{"out":29.29315856133514,"back":29.29315856133514,"walk_out":97.64386187111714,"walk_back":97.64386187111714},"rail-007434":{"out":21.49628591094289,"back":21.49628591094289,"walk_out":71.65428636980964,"walk_back":71.65428636980964},"rail-007368":{"out":15.65820958409393,"back":15.65820958409393,"walk_out":52.19403194697977,"walk_back":52.19403194697977},"rail-007657":{"out":27.84800140782502,"back":27.84800140782502,"walk_out":92.82667135941674,"walk_back":92.82667135941674},"fuse":{"out":15.56499408505987,"back":15.56499408505987,"walk_out":51.88331361686624,"walk_back":51.88331361686624},"rail-007538":{"out":29.743590438227383,"back":29.743590438227383,"walk_out":99.14530146075793,"walk_back":99.14530146075793},"rail-007547":{"out":28.971083287543994,"back":28.971083287543994,"walk_out":96.57027762514664,"walk_back":96.57027762514664},"rail-007559":{"out":29.852169969679448,"back":29.852169969679448,"walk_out":99.50723323226482,"walk_back":99.50723323226482},"rail-007505":{"out":10.16745600539689,"back":10.16745600539689,"walk_out":33.891520017989635,"walk_back":33.891520017989635},"rail-007546":{"out":11.954905897862298,"back":11.954905897862298,"walk_out":39.84968632620766,"walk_back":39.84968632620766},"rail-007468":{"out":4.750252733120279,"back":4.750252733120279,"walk_out":15.834175777067596,"walk_back":15.834175777067596},"rail-007131":{"out":27.184085590346967,"back":27.184085590346967,"walk_out":90.6136186344899,"walk_back":90.6136186344899},"rail-007606":{"out":19.380910945584397,"back":19.380910945584397,"walk_out":64.60303648528132,"walk_back":64.60303648528132},"rail-007578":{"out":19.843582531803175,"back":19.843582531803175,"walk_out":66.14527510601059,"walk_back":66.14527510601059},"rail-007674":{"out":25.82351270967732,"back":25.82351270967732,"walk_out":86.0783756989244,"walk_back":86.0783756989244},"rail-007399":{"out":28.780336553557433,"back":28.780336553557433,"walk_out":95.93445517852477,"walk_back":95.93445517852477},"rail-007611":{"out":28.13203171125882,"back":28.13203171125882,"walk_out":93.77343903752939,"walk_back":93.77343903752939},"rail-007595":{"out":29.28838482370203,"back":29.28838482370203,"walk_out":97.62794941234012,"walk_back":97.62794941234012},"rail-007162":{"out":25.81378593178628,"back":25.81378593178628,"walk_out":86.04595310595427,"walk_back":86.04595310595427},"rail-007486":{"out":22.23355409459852,"back":22.23355409459852,"walk_out":74.11184698199507,"walk_back":74.11184698199507},"shinimamiya":{"out":29.356807521071584,"back":29.356807521071584,"walk_out":97.85602507023862,"walk_back":97.85602507023862},"rail-007427":{"out":28.753358650968693,"back":28.753358650968693,"walk_out":95.8445288365623,"walk_back":95.8445288365623},"rail-007523":{"out":4.333110288140507,"back":4.333110288140507,"walk_out":14.443700960468355,"walk_back":14.443700960468355},"rail-007297":{"out":18.66808296958844,"back":18.66808296958844,"walk_out":62.226943231961464,"walk_back":62.226943231961464},"rail-007499":{"out":22.669900418391084,"back":22.669900418391084,"walk_out":75.56633472797029,"walk_back":75.56633472797029},"rail-007528":{"out":22.92912763257913,"back":22.92912763257913,"walk_out":76.43042544193044,"walk_back":76.43042544193044},"rail-007500":{"out":25.73623519494858,"back":25.73623519494858,"walk_out":85.7874506498286,"walk_back":85.7874506498286},"higashihanazono":{"out":22.313979088580744,"back":22.313979088580744,"walk_out":74.37993029526915,"walk_back":74.37993029526915},"rail-007479":{"out":15.338846204505753,"back":15.338846204505753,"walk_out":51.12948734835251,"walk_back":51.12948734835251},"rail-007472":{"out":28.724876441683573,"back":28.724876441683573,"walk_out":95.74958813894524,"walk_back":95.74958813894524},"rail-007487":{"out":25.300283883611595,"back":25.300283883611595,"walk_out":84.33427961203866,"walk_back":84.33427961203866},"rail-007636":{"out":25.683719016502522,"back":25.683719016502522,"walk_out":85.61239672167507,"walk_back":85.61239672167507},"rail-007652":{"out":27.86035714196441,"back":27.86035714196441,"walk_out":92.86785713988137,"walk_back":92.86785713988137},"rail-007380":{"out":22.159354951053253,"back":22.159354951053253,"walk_out":73.86451650351084,"walk_back":73.86451650351084},"morinomiya":{"out":28.024875674129362,"back":28.024875674129362,"walk_out":93.41625224709787,"walk_back":93.41625224709787},"rail-007639":{"out":25.735905794213593,"back":25.735905794213593,"walk_out":85.78635264737865,"walk_back":85.78635264737865},"rail-007350":{"out":14.515811004137934,"back":14.515811004137934,"walk_out":48.386036680459775,"walk_back":48.386036680459775},"kawachi_yamamoto":{"out":14.8558630861602,"back":14.8558630861602,"walk_out":49.519543620534,"walk_back":49.519543620534},"rail-007668":{"out":26.07307764288168,"back":26.07307764288168,"walk_out":86.91025880960561,"walk_back":86.91025880960561},"rail-007345":{"out":14.750474298547847,"back":14.750474298547847,"walk_out":49.16824766182616,"walk_back":49.16824766182616},"rail-007359":{"out":20.10963787132724,"back":20.10963787132724,"walk_out":67.03212623775747,"walk_back":67.03212623775747},"rail-007470":{"out":20.41804401582414,"back":20.41804401582414,"walk_out":68.0601467194138,"walk_back":68.0601467194138},"rail-007621":{"out":23.69958669304543,"back":23.69958669304543,"walk_out":78.99862231015143,"walk_back":78.99862231015143},"fukaebashi":{"out":22.718026710549125,"back":22.718026710549125,"walk_out":75.72675570183041,"walk_back":75.72675570183041},"rail-007260":{"out":25.162452572878067,"back":25.162452572878067,"walk_out":83.87484190959356,"walk_back":83.87484190959356},"rail-007365":{"out":25.935726305786226,"back":25.935726305786226,"walk_out":86.45242101928743,"walk_back":86.45242101928743},"rail-007519":{"out":19.65222217326981,"back":19.65222217326981,"walk_out":65.5074072442327,"walk_back":65.5074072442327},"rail-007590":{"out":20.255447172771774,"back":20.255447172771774,"walk_out":67.51815724257257,"walk_back":67.51815724257257},"rail-007201":{"out":25.172849591053637,"back":25.172849591053637,"walk_out":83.90949863684546,"walk_back":83.90949863684546},"rail-007475":{"out":20.389616893775678,"back":20.389616893775678,"walk_out":67.96538964591892,"walk_back":67.96538964591892},"rail-007498":{"out":29.045491402374232,"back":29.045491402374232,"walk_out":96.81830467458077,"walk_back":96.81830467458077},"rail-007354":{"out":17.76928185610558,"back":17.76928185610558,"walk_out":59.23093952035193,"walk_back":59.23093952035193},"rail-007234":{"out":23.083134776255484,"back":23.083134776255484,"walk_out":76.94378258751827,"walk_back":76.94378258751827},"rail-007452":{"out":29.857843112677283,"back":29.857843112677283,"walk_out":99.52614370892428,"walk_back":99.52614370892428},"rail-007678":{"out":27.21513137281386,"back":27.21513137281386,"walk_out":90.71710457604621,"walk_back":90.71710457604621},"rail-007477":{"out":5.292671039364361,"back":5.292671039364361,"walk_out":17.642236797881203,"walk_back":17.642236797881203},"rail-007540":{"out":23.68778514471783,"back":23.68778514471783,"walk_out":78.9592838157261,"walk_back":78.9592838157261},"tanimachi9":{"out":27.969189761189032,"back":27.969189761189032,"walk_out":93.23063253729677,"walk_back":93.23063253729677},"tanimachi6":{"out":29.825386665913907,"back":29.825386665913907,"walk_out":99.41795555304635,"walk_back":99.41795555304635},"kintetsu_yao":{"out":9.08339652161075,"back":9.08339652161075,"walk_out":30.277988405369168,"walk_back":30.277988405369168},"rail-007562":{"out":17.922425460140573,"back":17.922425460140573,"walk_out":59.74141820046858,"walk_back":59.74141820046858},"rail-007594":{"out":12.996870207822015,"back":12.996870207822015,"walk_out":43.32290069274005,"walk_back":43.32290069274005},"nagai":{"out":25.625670018062074,"back":25.625670018062074,"walk_out":85.41890006020691,"walk_back":85.41890006020691},"rail-007425":{"out":8.215521998023233,"back":8.215521998023233,"walk_out":27.38507332674411,"walk_back":27.38507332674411},"nagata":{"out":21.601972738646726,"back":21.601972738646726,"walk_out":72.00657579548908,"walk_back":72.00657579548908},"rail-007460":{"out":24.94714050690037,"back":24.94714050690037,"walk_out":83.15713502300123,"walk_back":83.15713502300123},"rail-007543":{"out":17.406065053200173,"back":17.406065053200173,"walk_out":58.02021684400057,"walk_back":58.02021684400057},"rail-007235":{"out":21.06543401803524,"back":21.06543401803524,"walk_out":70.21811339345079,"walk_back":70.21811339345079},"rail-007229":{"out":21.219897472779472,"back":21.219897472779472,"walk_out":70.73299157593156,"walk_back":70.73299157593156},"rail-007551":{"out":17.47660131835153,"back":17.47660131835153,"walk_out":58.25533772783844,"walk_back":58.25533772783844},"rail-007569":{"out":28.43112932573508,"back":28.43112932573508,"walk_out":94.7704310857836,"walk_back":94.7704310857836},"rail-007669":{"out":27.74257075464811,"back":27.74257075464811,"walk_out":92.47523584882703,"walk_back":92.47523584882703},"rail-007679":{"out":26.733241185337057,"back":26.733241185337057,"walk_out":89.11080395112351,"walk_back":89.11080395112351},"rail-007125":{"out":29.935945697977782,"back":29.935945697977782,"walk_out":99.78648565992594,"walk_back":99.78648565992594},"rail-007556":{"out":23.354118957231663,"back":23.354118957231663,"walk_out":77.84706319077222,"walk_back":77.84706319077222},"tsuruhashi":{"out":23.39538296941601,"back":23.39538296941601,"walk_out":77.98460989805336,"walk_back":77.98460989805336}}}},{"type":"Feature","geometry":{"type":"Point","coordinates":[135.62131,34.5456]},"properties":{"id":"bodik-osaka-fe55c17cac06952830dc","name":"石川河川公園　Family　Nature　Program　飛鳥川での魚とり","venue":"石川河川公園","address":"","category":"その他","source_category":"","date":"2026-09-21","end_date":"2026-09-21","start":null,"end":null,"schedule":"","url":"https://www.toshi-kouen.jp/article.php/ishikawa_news20260312_3","source":"大阪府 イベント一覧（BODIK）","source_updated":"2026-09-14T08:52:41.251751","fetched_at":"2026-09-18T14:35:26.570Z","coordinate_source":"https://data.bodik.jp/ja/dataset/270008_event","fictional":false,"access":{"rail-007767":{"out":8.21721571342496,"back":8.21721571342496,"walk_out":27.390719044749865,"walk_back":27.390719044749865},"rail-007738":{"out":24.47976445602612,"back":24.47976445602612,"walk_out":81.5992148534204,"walk_back":81.5992148534204},"rail-007754":{"out":24.050695136203778,"back":24.050695136203778,"walk_out":80.16898378734592,"walk_back":80.16898378734592},"rail-007772":{"out":27.333838689269612,"back":27.333838689269612,"walk_out":91.1127956308987,"walk_back":91.1127956308987},"rail-007618":{"out":26.943601722082786,"back":26.943601722082786,"walk_out":89.81200574027595,"walk_back":89.81200574027595},"rail-007718":{"out":5.861669273793259,"back":5.861669273793259,"walk_out":19.538897579310863,"walk_back":19.538897579310863},"rail-007790":{"out":11.436832554630183,"back":11.436832554630183,"walk_out":38.12277518210061,"walk_back":38.12277518210061},"rail-007676":{"out":11.75749862213942,"back":11.75749862213942,"walk_out":39.19166207379807,"walk_back":39.19166207379807},"rail-007633":{"out":19.176485195287878,"back":19.176485195287878,"walk_out":63.92161731762626,"walk_back":63.92161731762626},"rail-007713":{"out":9.65959284356285,"back":9.65959284356285,"walk_out":32.19864281187617,"walk_back":32.19864281187617},"rail-007831":{"out":29.680095527558855,"back":29.680095527558855,"walk_out":98.93365175852952,"walk_back":98.93365175852952},"rail-007653":{"out":15.65267883772169,"back":15.65267883772169,"walk_out":52.17559612573897,"walk_back":52.17559612573897},"rail-007832":{"out":19.841428673623362,"back":19.841428673623362,"walk_out":66.13809557874454,"walk_back":66.13809557874454},"rail-007840":{"out":22.14823234765875,"back":22.14823234765875,"walk_out":73.82744115886251,"walk_back":73.82744115886251},"rail-007856":{"out":26.367882453484835,"back":26.367882453484835,"walk_out":87.89294151161612,"walk_back":87.89294151161612},"rail-007606":{"out":24.423029644660257,"back":24.423029644660257,"walk_out":81.4100988155342,"walk_back":81.4100988155342},"rail-007578":{"out":28.646134398084573,"back":28.646134398084573,"walk_out":95.48711466028192,"walk_back":95.48711466028192},"rail-007674":{"out":21.68243493951617,"back":21.68243493951617,"walk_out":72.27478313172057,"walk_back":72.27478313172057},"rail-007636":{"out":18.285589624431342,"back":18.285589624431342,"walk_out":60.95196541477114,"walk_back":60.95196541477114},"rail-007652":{"out":16.079650916917547,"back":16.079650916917547,"walk_out":53.59883638972516,"walk_back":53.59883638972516},"takaida_osaka":{"out":10.775072492914662,"back":10.775072492914662,"walk_out":35.91690830971554,"walk_back":35.91690830971554},"rail-007670":{"out":19.978849416532054,"back":19.978849416532054,"walk_out":66.5961647217735,"walk_back":66.5961647217735},"rail-007668":{"out":26.917472414365292,"back":26.917472414365292,"walk_out":89.7249080478843,"walk_back":89.7249080478843},"rail-007621":{"out":22.131787526198345,"back":22.131787526198345,"walk_out":73.77262508732782,"walk_back":73.77262508732782},"rail-007800":{"out":29.729374614715844,"back":29.729374614715844,"walk_out":99.09791538238615,"walk_back":99.09791538238615},"rail-007678":{"out":15.262092266707386,"back":15.262092266707386,"walk_out":50.873640889024614,"walk_back":50.873640889024614},"rail-007688":{"out":10.137593852419597,"back":10.137593852419597,"walk_out":33.791979508065324,"walk_back":33.791979508065324},"rail-007723":{"out":17.45595156790946,"back":17.45595156790946,"walk_out":58.186505226364865,"walk_back":58.186505226364865},"rail-007741":{"out":0.2688938634478858,"back":0.2688938634478858,"walk_out":0.8963128781596194,"walk_back":0.8963128781596194},"rail-007680":{"out":13.200365046436236,"back":13.200365046436236,"walk_out":44.00121682145412,"walk_back":44.00121682145412},"rail-007679":{"out":17.727317845153344,"back":17.727317845153344,"walk_out":59.091059483844475,"walk_back":59.091059483844475}}}},{"type":"Feature","geometry":{"type":"Point","coordinates":[135.68983,34.8245]},"properties":{"id":"bodik-osaka-b4662d4904cab2bfdbd1","name":"中秋の名月でお月見会","venue":"山田池公園","address":"","category":"その他","source_category":"","date":"2026-09-25","end_date":"2026-09-25","start":null,"end":null,"schedule":"","url":"https://yamadaike.osaka-park.or.jp/","source":"大阪府 イベント一覧（BODIK）","source_updated":"2026-09-14T08:52:41.251751","fetched_at":"2026-09-18T14:35:26.570Z","coordinate_source":"https://data.bodik.jp/ja/dataset/270008_event","fictional":false,"access":{"rail-006352":{"out":26.808158418568365,"back":26.808158418568365,"walk_out":89.36052806189454,"walk_back":89.36052806189454},"rail-006358":{"out":25.366009442663973,"back":25.366009442663973,"walk_out":84.5533648088799,"walk_back":84.5533648088799},"rail-006383":{"out":23.504069141957824,"back":23.504069141957824,"walk_out":78.34689713985942,"walk_back":78.34689713985942},"rail-006692":{"out":17.501893783973998,"back":17.501893783973998,"walk_out":58.33964594657999,"walk_back":58.33964594657999},"rail-006534":{"out":28.698983265565506,"back":28.698983265565506,"walk_out":95.66327755188502,"walk_back":95.66327755188502},"rail-006642":{"out":24.82167540189824,"back":24.82167540189824,"walk_out":82.73891800632747,"walk_back":82.73891800632747},"rail-006487":{"out":22.10881509909267,"back":22.10881509909267,"walk_out":73.6960503303089,"walk_back":73.6960503303089},"rail-006330":{"out":29.968588368540786,"back":29.968588368540786,"walk_out":99.89529456180263,"walk_back":99.89529456180263},"rail-006572":{"out":13.023626104258547,"back":13.023626104258547,"walk_out":43.41208701419516,"walk_back":43.41208701419516},"rail-006359":{"out":26.781525180968938,"back":26.781525180968938,"walk_out":89.27175060322979,"walk_back":89.27175060322979},"rail-006495":{"out":13.247294655457836,"back":13.247294655457836,"walk_out":44.15764885152612,"walk_back":44.15764885152612},"rail-006597":{"out":13.288457776317806,"back":13.288457776317806,"walk_out":44.29485925439269,"walk_back":44.29485925439269},"rail-006756":{"out":27.184721834238797,"back":27.184721834238797,"walk_out":90.61573944746266,"walk_back":90.61573944746266},"rail-006620":{"out":13.748944067103318,"back":13.748944067103318,"walk_out":45.829813557011065,"walk_back":45.829813557011065},"rail-006484":{"out":14.310834196939114,"back":14.310834196939114,"walk_out":47.702780656463716,"walk_back":47.702780656463716},"rail-006580":{"out":19.251314006085078,"back":19.251314006085078,"walk_out":64.17104668695026,"walk_back":64.17104668695026},"hirakata":{"out":15.453984048694313,"back":15.453984048694313,"walk_out":51.51328016231437,"walk_back":51.51328016231437},"kuzuha":{"out":17.48393625166001,"back":17.48393625166001,"walk_out":58.27978750553336,"walk_back":58.27978750553336},"rail-006356":{"out":25.648610697567502,"back":25.648610697567502,"walk_out":85.49536899189168,"walk_back":85.49536899189168},"rail-006369":{"out":25.04024570286639,"back":25.04024570286639,"walk_out":83.4674856762213,"walk_back":83.4674856762213},"rail-006733":{"out":22.58854579843455,"back":22.58854579843455,"walk_out":75.2951526614485,"walk_back":75.2951526614485},"rail-006723":{"out":21.426470645554932,"back":21.426470645554932,"walk_out":71.42156881851643,"walk_back":71.42156881851643},"rail-006623":{"out":10.692012547969103,"back":10.692012547969103,"walk_out":35.640041826563674,"walk_back":35.640041826563674},"rail-006455":{"out":12.350255457110702,"back":12.350255457110702,"walk_out":41.167518190369,"walk_back":41.167518190369},"rail-006351":{"out":27.01119481295568,"back":27.01119481295568,"walk_out":90.0373160431856,"walk_back":90.0373160431856},"rail-006753":{"out":25.320531326378163,"back":25.320531326378163,"walk_out":84.40177108792722,"walk_back":84.40177108792722},"rail-006569":{"out":6.502112734760048,"back":6.502112734760048,"walk_out":21.673709115866828,"walk_back":21.673709115866828},"rail-006658":{"out":15.22058406340552,"back":15.22058406340552,"walk_out":50.73528021135173,"walk_back":50.73528021135173},"rail-006516":{"out":8.492394988793697,"back":8.492394988793697,"walk_out":28.30798329597899,"walk_back":28.30798329597899},"rail-006699":{"out":27.895180235283792,"back":27.895180235283792,"walk_out":92.98393411761265,"walk_back":92.98393411761265},"takatsuki":{"out":29.090727290996206,"back":29.090727290996206,"walk_out":96.96909096998735,"walk_back":96.96909096998735},"takatsuki_shi":{"out":26.824076146680557,"back":26.824076146680557,"walk_out":89.41358715560186,"walk_back":89.41358715560186}}}},{"type":"Feature","geometry":{"type":"Point","coordinates":[135.47006,34.8435]},"properties":{"id":"bodik-osaka-ca963501e970fde6c0f6","name":"箕面公園昆虫館「サイエンスラボ：クモの観察」","venue":"箕面公園","address":"","category":"その他","source_category":"","date":"2026-09-26","end_date":"2026-09-26","start":null,"end":null,"schedule":"","url":"https://www.mino-konchu.jp/e795586.html","source":"大阪府 イベント一覧（BODIK）","source_updated":"2026-09-14T08:52:41.251751","fetched_at":"2026-09-18T14:35:26.570Z","coordinate_source":"https://data.bodik.jp/ja/dataset/270008_event","fictional":false,"access":{"rail-006364":{"out":24.328853549794506,"back":24.328853549794506,"walk_out":81.09617849931502,"walk_back":81.09617849931502},"rail-006601":{"out":27.354533152361476,"back":27.354533152361476,"walk_out":91.18177717453825,"walk_back":91.18177717453825},"rail-006309":{"out":28.782471246062965,"back":28.782471246062965,"walk_out":95.94157082020988,"walk_back":95.94157082020988},"rail-006584":{"out":29.305520303983467,"back":29.305520303983467,"walk_out":97.6850676799449,"walk_back":97.6850676799449},"rail-006624":{"out":26.46992640901589,"back":26.46992640901589,"walk_out":88.23308803005297,"walk_back":88.23308803005297},"rail-006543":{"out":18.272136160540168,"back":18.272136160540168,"walk_out":60.907120535133885,"walk_back":60.907120535133885},"rail-006587":{"out":18.471145900411802,"back":18.471145900411802,"walk_out":61.570486334706004,"walk_back":61.570486334706004},"rail-006668":{"out":26.75751168508239,"back":26.75751168508239,"walk_out":89.1917056169413,"walk_back":89.1917056169413},"rail-006408":{"out":20.902255054541463,"back":20.902255054541463,"walk_out":69.67418351513821,"walk_back":69.67418351513821},"rail-006674":{"out":25.37539716424179,"back":25.37539716424179,"walk_out":84.5846572141393,"walk_back":84.5846572141393},"rail-006608":{"out":17.55270039874694,"back":17.55270039874694,"walk_out":58.50900132915646,"walk_back":58.50900132915646},"rail-006604":{"out":24.238866234893987,"back":24.238866234893987,"walk_out":80.79622078297996,"walk_back":80.79622078297996},"rail-006717":{"out":28.781657305037402,"back":28.781657305037402,"walk_out":95.93885768345801,"walk_back":95.93885768345801},"rail-006522":{"out":23.50192167068743,"back":23.50192167068743,"walk_out":78.33973890229143,"walk_back":78.33973890229143},"kawanishi":{"out":21.88035532576545,"back":21.88035532576545,"walk_out":72.9345177525515,"walk_back":72.9345177525515},"rail-006391":{"out":22.284932422750607,"back":22.284932422750607,"walk_out":74.28310807583536,"walk_back":74.28310807583536},"rail-006427":{"out":19.949642577154414,"back":19.949642577154414,"walk_out":66.49880859051471,"walk_back":66.49880859051471},"rail-006627":{"out":19.643831885860063,"back":19.643831885860063,"walk_out":65.47943961953354,"walk_back":65.47943961953354},"rail-006664":{"out":24.433275835403766,"back":24.433275835403766,"walk_out":81.44425278467922,"walk_back":81.44425278467922},"rail-006560":{"out":12.389431094115407,"back":12.389431094115407,"walk_out":41.298103647051356,"walk_back":41.298103647051356},"rail-006535":{"out":18.92076874042969,"back":18.92076874042969,"walk_out":63.06922913476563,"walk_back":63.06922913476563},"rail-006458":{"out":17.858666641798255,"back":17.858666641798255,"walk_out":59.528888805994185,"walk_back":59.528888805994185},"rail-006527":{"out":9.037475814317752,"back":9.037475814317752,"walk_out":30.12491938105917,"walk_back":30.12491938105917},"rail-006350":{"out":27.101832814017612,"back":27.101832814017612,"walk_out":90.33944271339203,"walk_back":90.33944271339203},"ishibashi":{"out":18.084813700361337,"back":18.084813700361337,"walk_out":60.28271233453779,"walk_back":60.28271233453779},"rail-006322":{"out":29.67916385330692,"back":29.67916385330692,"walk_out":98.93054617768973,"walk_back":98.93054617768973},"rail-006481":{"out":4.157244366578371,"back":4.157244366578371,"walk_out":13.857481221927902,"walk_back":13.857481221927902},"rail-010184":{"out":12.188152281327541,"back":12.188152281327541,"walk_out":40.6271742710918,"walk_back":40.6271742710918},"rail-010183":{"out":8.739413229132532,"back":8.739413229132532,"walk_out":29.131377430441777,"walk_back":29.131377430441777},"rail-006476":{"out":17.583126266041088,"back":17.583126266041088,"walk_out":58.61042088680363,"walk_back":58.61042088680363},"rail-006656":{"out":23.02244471993704,"back":23.02244471993704,"walk_out":76.74148239979014,"walk_back":76.74148239979014},"toyonaka":{"out":25.209556614878778,"back":25.209556614878778,"walk_out":84.03185538292927,"walk_back":84.03185538292927},"rail-006478":{"out":21.06036507225619,"back":21.06036507225619,"walk_out":70.20121690752063,"walk_back":70.20121690752063},"rail-006550":{"out":24.472229472564383,"back":24.472229472564383,"walk_out":81.57409824188127,"walk_back":81.57409824188127},"rail-006505":{"out":25.549237580386503,"back":25.549237580386503,"walk_out":85.16412526795501,"walk_back":85.16412526795501},"rail-006445":{"out":18.79004999848321,"back":18.79004999848321,"walk_out":62.63349999494403,"walk_back":62.63349999494403},"rail-006429":{"out":19.527011213761845,"back":19.527011213761845,"walk_out":65.09003737920615,"walk_back":65.09003737920615}}}},{"type":"Feature","geometry":{"type":"Point","coordinates":[135.52419,34.56602]},"properties":{"id":"bodik-osaka-6cd0690ba2f0d707eca5","name":"秋の七草展","venue":"大泉緑地","address":"","category":"その他","source_category":"","date":"2026-09-26","end_date":"2026-10-05","start":null,"end":null,"schedule":"","url":"https://oizumi.osaka-park.or.jp/","source":"大阪府 イベント一覧（BODIK）","source_updated":"2026-09-14T08:52:41.251751","fetched_at":"2026-09-18T14:35:26.570Z","coordinate_source":"https://data.bodik.jp/ja/dataset/270008_event","fictional":false,"access":{"rail-007626":{"out":19.782737707068787,"back":19.782737707068787,"walk_out":65.94245902356262,"walk_back":65.94245902356262},"rail-007693":{"out":11.508299122151096,"back":11.508299122151096,"walk_out":38.360997073836984,"walk_back":38.360997073836984},"rail-007735":{"out":18.45761170514828,"back":18.45761170514828,"walk_out":61.52537235049428,"walk_back":61.52537235049428},"nakamozu":{"out":7.825155483123821,"back":7.825155483123821,"walk_out":26.083851610412733,"walk_back":26.083851610412733},"rail-007529":{"out":26.932501752829193,"back":26.932501752829193,"walk_out":89.77500584276397,"walk_back":89.77500584276397},"rail-007593":{"out":22.139987025212935,"back":22.139987025212935,"walk_out":73.79995675070978,"walk_back":73.79995675070978},"rail-007580":{"out":26.70193046804018,"back":26.70193046804018,"walk_out":89.00643489346727,"walk_back":89.00643489346727},"rail-007567":{"out":24.401886974168463,"back":24.401886974168463,"walk_out":81.33962324722822,"walk_back":81.33962324722822},"rail-007573":{"out":24.16017542163456,"back":24.16017542163456,"walk_out":80.5339180721152,"walk_back":80.5339180721152},"rail-007572":{"out":23.20303579519925,"back":23.20303579519925,"walk_out":77.34345265066416,"walk_back":77.34345265066416},"rail-007574":{"out":23.95964628473421,"back":23.95964628473421,"walk_out":79.8654876157807,"walk_back":79.8654876157807},"rail-007618":{"out":25.57037607539488,"back":25.57037607539488,"walk_out":85.23458691798292,"walk_back":85.23458691798292},"rail-007582":{"out":24.37248373843173,"back":24.37248373843173,"walk_out":81.2416124614391,"walk_back":81.2416124614391},"rail-007747":{"out":10.617176062024015,"back":10.617176062024015,"walk_out":35.39058687341338,"walk_back":35.39058687341338},"rail-007544":{"out":29.562122294659005,"back":29.562122294659005,"walk_out":98.54040764886335,"walk_back":98.54040764886335},"rail-007502":{"out":29.411408570526255,"back":29.411408570526255,"walk_out":98.03802856842086,"walk_back":98.03802856842086},"rail-007522":{"out":28.10335159471841,"back":28.10335159471841,"walk_out":93.67783864906137,"walk_back":93.67783864906137},"rail-007647":{"out":7.864197344160726,"back":7.864197344160726,"walk_out":26.213991147202417,"walk_back":26.213991147202417},"rail-007788":{"out":20.392383079668765,"back":20.392383079668765,"walk_out":67.97461026556255,"walk_back":67.97461026556255},"rail-007531":{"out":26.510019580701197,"back":26.510019580701197,"walk_out":88.36673193567066,"walk_back":88.36673193567066},"rail-007581":{"out":21.7498061262108,"back":21.7498061262108,"walk_out":72.499353754036,"walk_back":72.499353754036},"rail-007649":{"out":21.516349302148946,"back":21.516349302148946,"walk_out":71.72116434049649,"walk_back":71.72116434049649},"rail-007660":{"out":10.67593136837051,"back":10.67593136837051,"walk_out":35.58643789456836,"walk_back":35.58643789456836},"rail-007667":{"out":14.994350618982999,"back":14.994350618982999,"walk_out":49.98116872994333,"walk_back":49.98116872994333},"rail-007534":{"out":27.787893287651542,"back":27.787893287651542,"walk_out":92.62631095883847,"walk_back":92.62631095883847},"rail-007622":{"out":18.714959319426644,"back":18.714959319426644,"walk_out":62.38319773142214,"walk_back":62.38319773142214},"rail-007654":{"out":19.1043932292385,"back":19.1043932292385,"walk_out":63.68131076412834,"walk_back":63.68131076412834},"rail-007831":{"out":29.827540712763508,"back":29.827540712763508,"walk_out":99.42513570921169,"walk_back":99.42513570921169},"rail-007515":{"out":29.72360462112311,"back":29.72360462112311,"walk_out":99.07868207041037,"walk_back":99.07868207041037},"rail-007646":{"out":18.411155121287468,"back":18.411155121287468,"walk_out":61.37051707095823,"walk_back":61.37051707095823},"rail-007532":{"out":26.95490744390536,"back":26.95490744390536,"walk_out":89.84969147968454,"walk_back":89.84969147968454},"rail-007592":{"out":21.532375314448604,"back":21.532375314448604,"walk_out":71.77458438149534,"walk_back":71.77458438149534},"rail-007666":{"out":19.66130724040419,"back":19.66130724040419,"walk_out":65.53769080134731,"walk_back":65.53769080134731},"rail-007673":{"out":20.351618163073688,"back":20.351618163073688,"walk_out":67.83872721024562,"walk_back":67.83872721024562},"rail-007517":{"out":29.694190029435948,"back":29.694190029435948,"walk_out":98.98063343145316,"walk_back":98.98063343145316},"rail-007657":{"out":7.665128800783616,"back":7.665128800783616,"walk_out":25.550429335945385,"walk_back":25.550429335945385},"rail-007538":{"out":26.614951954969904,"back":26.614951954969904,"walk_out":88.71650651656635,"walk_back":88.71650651656635},"rail-007547":{"out":25.731771033970126,"back":25.731771033970126,"walk_out":85.77257011323375,"walk_back":85.77257011323375},"rail-007559":{"out":24.73609014714906,"back":24.73609014714906,"walk_out":82.4536338238302,"walk_back":82.4536338238302},"rail-007546":{"out":26.072591594249158,"back":26.072591594249158,"walk_out":86.90863864749718,"walk_back":86.90863864749718},"rail-007682":{"out":21.153503248500105,"back":21.153503248500105,"walk_out":70.51167749500036,"walk_back":70.51167749500036},"rail-007674":{"out":18.123624985242518,"back":18.123624985242518,"walk_out":60.41208328414172,"walk_back":60.41208328414172},"rail-007611":{"out":15.262507030244395,"back":15.262507030244395,"walk_out":50.87502343414798,"walk_back":50.87502343414798},"rail-007609":{"out":18.12514057074336,"back":18.12514057074336,"walk_out":60.41713523581119,"walk_back":60.41713523581119},"rail-007595":{"out":17.31212140759033,"back":17.31212140759033,"walk_out":57.70707135863443,"walk_back":57.70707135863443},"rail-007607":{"out":20.0172799105858,"back":20.0172799105858,"walk_out":66.72426636861933,"walk_back":66.72426636861933},"rail-007690":{"out":3.407887527462735,"back":3.407887527462735,"walk_out":11.35962509154245,"walk_back":11.35962509154245},"rail-007499":{"out":29.900119320185986,"back":29.900119320185986,"walk_out":99.66706440061995,"walk_back":99.66706440061995},"rail-007623":{"out":14.29031656713143,"back":14.29031656713143,"walk_out":47.63438855710477,"walk_back":47.63438855710477},"rail-007699":{"out":22.528148249339246,"back":22.528148249339246,"walk_out":75.09382749779748,"walk_back":75.09382749779748},"rail-007525":{"out":28.96652166508333,"back":28.96652166508333,"walk_out":96.55507221694444,"walk_back":96.55507221694444},"rail-007553":{"out":25.94480313221004,"back":25.94480313221004,"walk_out":86.4826771073668,"walk_back":86.4826771073668},"rail-007587":{"out":20.528383558988807,"back":20.528383558988807,"walk_out":68.42794519662937,"walk_back":68.42794519662937},"rail-007639":{"out":9.72777671258199,"back":9.72777671258199,"walk_out":32.4259223752733,"walk_back":32.4259223752733},"rail-007668":{"out":12.87755335160262,"back":12.87755335160262,"walk_out":42.9251778386754,"walk_back":42.9251778386754},"rail-007746":{"out":23.052259510779233,"back":23.052259510779233,"walk_out":76.84086503593078,"walk_back":76.84086503593078},"rail-007641":{"out":11.690273841265247,"back":11.690273841265247,"walk_out":38.967579470884154,"walk_back":38.967579470884154},"rail-007630":{"out":16.0402720953413,"back":16.0402720953413,"walk_out":53.46757365113767,"walk_back":53.46757365113767},"rail-007776":{"out":18.626692965882885,"back":18.626692965882885,"walk_out":62.088976552942945,"walk_back":62.088976552942945},"rail-007683":{"out":23.564069878708057,"back":23.564069878708057,"walk_out":78.54689959569352,"walk_back":78.54689959569352},"rail-007800":{"out":23.652500540941663,"back":23.652500540941663,"walk_out":78.84166846980554,"walk_back":78.84166846980554},"rail-007533":{"out":28.622318461650295,"back":28.622318461650295,"walk_out":95.40772820550097,"walk_back":95.40772820550097},"rail-007519":{"out":27.827444880978664,"back":27.827444880978664,"walk_out":92.75814960326221,"walk_back":92.75814960326221},"rail-007733":{"out":8.118076047840942,"back":8.118076047840942,"walk_out":27.060253492803138,"walk_back":27.060253492803138},"rail-007709":{"out":13.262230490820661,"back":13.262230490820661,"walk_out":44.2074349694022,"walk_back":44.2074349694022},"rail-007704":{"out":9.75389436382508,"back":9.75389436382508,"walk_out":32.51298121275027,"walk_back":32.51298121275027},"rail-007590":{"out":18.02806086086241,"back":18.02806086086241,"walk_out":60.093536202874695,"walk_back":60.093536202874695},"rail-007714":{"out":25.767297053714078,"back":25.767297053714078,"walk_out":85.89099017904692,"walk_back":85.89099017904692},"rail-007706":{"out":23.977389458373203,"back":23.977389458373203,"walk_out":79.92463152791068,"walk_back":79.92463152791068},"rail-007707":{"out":26.148216977732332,"back":26.148216977732332,"walk_out":87.16072325910777,"walk_back":87.16072325910777},"rail-007564":{"out":24.327840259850813,"back":24.327840259850813,"walk_out":81.09280086616937,"walk_back":81.09280086616937},"rail-007640":{"out":18.213713601048482,"back":18.213713601048482,"walk_out":60.7123786701616,"walk_back":60.7123786701616},"rail-007554":{"out":26.039706011232333,"back":26.039706011232333,"walk_out":86.79902003744111,"walk_back":86.79902003744111},"rail-007579":{"out":22.888820131694565,"back":22.888820131694565,"walk_out":76.29606710564855,"walk_back":76.29606710564855},"rail-007635":{"out":17.893408692152146,"back":17.893408692152146,"walk_out":59.64469564050716,"walk_back":59.64469564050716},"rail-007734":{"out":27.868587439802532,"back":27.868587439802532,"walk_out":92.89529146600844,"walk_back":92.89529146600844},"rail-007650":{"out":18.669421024150807,"back":18.669421024150807,"walk_out":62.231403413836034,"walk_back":62.231403413836034},"rail-007760":{"out":13.47267573936368,"back":13.47267573936368,"walk_out":44.90891913121227,"walk_back":44.90891913121227},"rail-007678":{"out":25.684634369367625,"back":25.684634369367625,"walk_out":85.61544789789208,"walk_back":85.61544789789208},"rail-007540":{"out":24.962322178237045,"back":24.962322178237045,"walk_out":83.20774059412349,"walk_back":83.20774059412349},"rail-007729":{"out":28.193421573249278,"back":28.193421573249278,"walk_out":93.97807191083093,"walk_back":93.97807191083093},"rail-007562":{"out":22.92560672380577,"back":22.92560672380577,"walk_out":76.41868907935257,"walk_back":76.41868907935257},"rail-007594":{"out":24.34213050195954,"back":24.34213050195954,"walk_out":81.1404350065318,"walk_back":81.1404350065318},"nagai":{"out":19.925436873456313,"back":19.925436873456313,"walk_out":66.41812291152104,"walk_back":66.41812291152104},"rail-007543":{"out":24.893969561145756,"back":24.893969561145756,"walk_out":82.97989853715252,"walk_back":82.97989853715252},"rail-007669":{"out":8.96844808809805,"back":8.96844808809805,"walk_out":29.894826960326835,"walk_back":29.894826960326835},"rail-007628":{"out":17.936504089518788,"back":17.936504089518788,"walk_out":59.78834696506262,"walk_back":59.78834696506262},"rail-007679":{"out":22.227734845702678,"back":22.227734845702678,"walk_out":74.09244948567559,"walk_back":74.09244948567559},"rail-007773":{"out":28.352157159923646,"back":28.352157159923646,"walk_out":94.50719053307883,"walk_back":94.50719053307883},"rail-007556":{"out":23.27602134676747,"back":23.27602134676747,"walk_out":77.58673782255825,"walk_back":77.58673782255825}}}},{"type":"Feature","geometry":{"type":"Point","coordinates":[135.48764,34.61375]},"properties":{"id":"bodik-osaka-f50c57c1825ba84fb1b4","name":"すみすみマルシェ","venue":"住吉公園","address":"","category":"その他","source_category":"","date":"2026-09-26","end_date":"2026-09-26","start":null,"end":null,"schedule":"","url":"https://www.toshi-kouen.jp/staticpages/index.php/sumiyoshi_top","source":"大阪府 イベント一覧（BODIK）","source_updated":"2026-09-14T08:52:41.251751","fetched_at":"2026-09-18T14:35:26.570Z","coordinate_source":"https://data.bodik.jp/ja/dataset/270008_event","fictional":false,"access":{"namba":{"out":23.767975206189984,"back":23.767975206189984,"walk_out":79.22658402063328,"walk_back":79.22658402063328},"rail-007473":{"out":29.888994712032822,"back":29.888994712032822,"walk_out":99.62998237344274,"walk_back":99.62998237344274},"rail-007283":{"out":25.36507037382659,"back":25.36507037382659,"walk_out":84.55023457942197,"walk_back":84.55023457942197},"rail-007280":{"out":25.579911189533284,"back":25.579911189533284,"walk_out":85.26637063177762,"walk_back":85.26637063177762},"rail-007552":{"out":19.449250484559396,"back":19.449250484559396,"walk_out":64.83083494853132,"walk_back":64.83083494853132},"rail-007507":{"out":22.76679468749529,"back":22.76679468749529,"walk_out":75.88931562498429,"walk_back":75.88931562498429},"rail-007506":{"out":24.950068205646815,"back":24.950068205646815,"walk_out":83.16689401882272,"walk_back":83.16689401882272},"rail-007626":{"out":9.93838565831591,"back":9.93838565831591,"walk_out":33.12795219438637,"walk_back":33.12795219438637},"rail-007693":{"out":21.232556166056916,"back":21.232556166056916,"walk_out":70.77518722018972,"walk_back":70.77518722018972},"rail-007735":{"out":28.84116976343908,"back":28.84116976343908,"walk_out":96.13723254479693,"walk_back":96.13723254479693},"rail-007494":{"out":27.289079888069004,"back":27.289079888069004,"walk_out":90.96359962689668,"walk_back":90.96359962689668},"nakamozu":{"out":26.415340839148037,"back":26.415340839148037,"walk_out":88.05113613049346,"walk_back":88.05113613049346},"kujo":{"out":26.98971708081561,"back":26.98971708081561,"walk_out":89.9657236027187,"walk_back":89.9657236027187},"rail-007407":{"out":18.0115364370522,"back":18.0115364370522,"walk_out":60.038454790173994,"walk_back":60.038454790173994},"rail-007402":{"out":18.976874078312743,"back":18.976874078312743,"walk_out":63.25624692770915,"walk_back":63.25624692770915},"rail-007529":{"out":16.85746869314108,"back":16.85746869314108,"walk_out":56.19156231047027,"walk_back":56.19156231047027},"rail-007450":{"out":15.171914254521583,"back":15.171914254521583,"walk_out":50.57304751507194,"walk_back":50.57304751507194},"rail-007459":{"out":13.978797557860384,"back":13.978797557860384,"walk_out":46.595991859534614,"walk_back":46.595991859534614},"rail-007593":{"out":3.7741200314191805,"back":3.7741200314191805,"walk_out":12.580400104730602,"walk_back":12.580400104730602},"rail-007580":{"out":5.745590386023994,"back":5.745590386023994,"walk_out":19.151967953413315,"walk_back":19.151967953413315},"rail-007567":{"out":1.5036025370412733,"back":1.5036025370412733,"walk_out":5.012008456804244,"walk_back":5.012008456804244},"rail-007573":{"out":1.071386058333291,"back":1.071386058333291,"walk_out":3.57128686111097,"walk_back":3.57128686111097},"rail-007572":{"out":3.6426148022975324,"back":3.6426148022975324,"walk_out":12.142049340991774,"walk_back":12.142049340991774},"rail-007574":{"out":1.4108330318726754,"back":1.4108330318726754,"walk_out":4.702776772908918,"walk_back":4.702776772908918},"rail-007582":{"out":28.55726434049306,"back":28.55726434049306,"walk_out":95.19088113497686,"walk_back":95.19088113497686},"rail-007524":{"out":29.537504478430503,"back":29.537504478430503,"walk_out":98.458348261435,"walk_back":98.458348261435},"dobutsuen":{"out":16.22284634147396,"back":16.22284634147396,"walk_out":54.07615447157987,"walk_back":54.07615447157987},"rail-007544":{"out":4.5231228201544385,"back":4.5231228201544385,"walk_out":15.077076067181462,"walk_back":15.077076067181462},"rail-007485":{"out":11.039168733668761,"back":11.039168733668761,"walk_out":36.7972291122292,"walk_back":36.7972291122292},"rail-007502":{"out":17.1642416649663,"back":17.1642416649663,"walk_out":57.214138883221004,"walk_back":57.214138883221004},"rail-007522":{"out":8.88735969573275,"back":8.88735969573275,"walk_out":29.624532319109168,"walk_back":29.624532319109168},"rail-007647":{"out":17.438199030129212,"back":17.438199030129212,"walk_out":58.12733010043071,"walk_back":58.12733010043071},"rail-007462":{"out":27.250982328232816,"back":27.250982328232816,"walk_out":90.83660776077605,"walk_back":90.83660776077605},"rail-007570":{"out":15.288280322881223,"back":15.288280322881223,"walk_out":50.96093440960408,"walk_back":50.96093440960408},"rail-007571":{"out":18.053803009910474,"back":18.053803009910474,"walk_out":60.17934336636824,"walk_back":60.17934336636824},"rail-007531":{"out":13.250600987110353,"back":13.250600987110353,"walk_out":44.16866995703451,"walk_back":44.16866995703451},"rail-007581":{"out":23.67986132074072,"back":23.67986132074072,"walk_out":78.93287106913573,"walk_back":78.93287106913573},"rail-007268":{"out":26.977848315553327,"back":26.977848315553327,"walk_out":89.92616105184443,"walk_back":89.92616105184443},"rail-007382":{"out":22.112024095398315,"back":22.112024095398315,"walk_out":73.70674698466105,"walk_back":73.70674698466105},"rail-007649":{"out":15.813149560538104,"back":15.813149560538104,"walk_out":52.710498535127016,"walk_back":52.710498535127016},"rail-007660":{"out":16.569587643310662,"back":16.569587643310662,"walk_out":55.23195881103554,"walk_back":55.23195881103554},"rail-007667":{"out":16.882018748272216,"back":16.882018748272216,"walk_out":56.273395827574056,"walk_back":56.273395827574056},"rail-007534":{"out":5.052504687038202,"back":5.052504687038202,"walk_out":16.84168229012734,"walk_back":16.84168229012734},"rail-007622":{"out":8.497105599012553,"back":8.497105599012553,"walk_out":28.32368533004184,"walk_back":28.32368533004184},"rail-007395":{"out":19.289249738843807,"back":19.289249738843807,"walk_out":64.29749912947936,"walk_back":64.29749912947936},"rail-007654":{"out":16.130714722218443,"back":16.130714722218443,"walk_out":53.76904907406148,"walk_back":53.76904907406148},"taisho":{"out":23.193396937408576,"back":23.193396937408576,"walk_out":77.31132312469525,"walk_back":77.31132312469525},"uehommachi":{"out":26.097895742728404,"back":26.097895742728404,"walk_out":86.99298580909469,"walk_back":86.99298580909469},"osakako":{"out":26.437548720341002,"back":26.437548720341002,"walk_out":88.12516240113668,"walk_back":88.12516240113668},"rail-007451":{"out":17.254136370616468,"back":17.254136370616468,"walk_out":57.513787902054894,"walk_back":57.513787902054894},"rail-007483":{"out":10.905725337074989,"back":10.905725337074989,"walk_out":36.35241779024996,"walk_back":36.35241779024996},"tennoji":{"out":17.48898603576542,"back":17.48898603576542,"walk_out":58.29662011921807,"walk_back":58.29662011921807},"rail-007447":{"out":17.169790509257606,"back":17.169790509257606,"walk_out":57.23263503085868,"walk_back":57.23263503085868},"rail-007515":{"out":7.792279497988862,"back":7.792279497988862,"walk_out":25.974264993296206,"walk_back":25.974264993296206},"rail-007646":{"out":13.76489790207801,"back":13.76489790207801,"walk_out":45.882993006926704,"walk_back":45.882993006926704},"rail-007532":{"out":7.314722753474328,"back":7.314722753474328,"walk_out":24.38240917824776,"walk_back":24.38240917824776},"rail-007592":{"out":3.79473927942159,"back":3.79473927942159,"walk_out":12.6491309314053,"walk_back":12.6491309314053},"rail-007666":{"out":17.56639823424142,"back":17.56639823424142,"walk_out":58.554660780804724,"walk_back":58.554660780804724},"rail-007673":{"out":19.05609316189803,"back":19.05609316189803,"walk_out":63.5203105396601,"walk_back":63.5203105396601},"rail-007434":{"out":20.11107634381742,"back":20.11107634381742,"walk_out":67.03692114605806,"walk_back":67.03692114605806},"rail-007493":{"out":9.371024503016693,"back":9.371024503016693,"walk_out":31.23674834338898,"walk_back":31.23674834338898},"rail-007517":{"out":7.324423123045335,"back":7.324423123045335,"walk_out":24.41474374348445,"walk_back":24.41474374348445},"rail-007657":{"out":24.786824749724886,"back":24.786824749724886,"walk_out":82.62274916574962,"walk_back":82.62274916574962},"rail-007538":{"out":5.354474400949221,"back":5.354474400949221,"walk_out":17.84824800316407,"walk_back":17.84824800316407},"rail-007547":{"out":5.67475072731145,"back":5.67475072731145,"walk_out":18.91583575770483,"walk_back":18.91583575770483},"rail-007559":{"out":4.492849164241722,"back":4.492849164241722,"walk_out":14.976163880805741,"walk_back":14.976163880805741},"rail-007575":{"out":10.740783894965887,"back":10.740783894965887,"walk_out":35.802612983219625,"walk_back":35.802612983219625},"rail-007505":{"out":24.423177818483683,"back":24.423177818483683,"walk_out":81.41059272827894,"walk_back":81.41059272827894},"rail-007546":{"out":22.56773364607588,"back":22.56773364607588,"walk_out":75.22577882025294,"walk_back":75.22577882025294},"bentencho":{"out":26.734073437462925,"back":26.734073437462925,"walk_out":89.11357812487643,"walk_back":89.11357812487643},"rail-007682":{"out":20.60242488178026,"back":20.60242488178026,"walk_out":68.6747496059342,"walk_back":68.6747496059342},"shinsaibashi":{"out":27.373600161502022,"back":27.373600161502022,"walk_out":91.24533387167341,"walk_back":91.24533387167341},"rail-007399":{"out":18.85187118117474,"back":18.85187118117474,"walk_out":62.839570603915796,"walk_back":62.839570603915796},"rail-007611":{"out":11.297395241194192,"back":11.297395241194192,"walk_out":37.657984137313974,"walk_back":37.657984137313974},"rail-007609":{"out":6.985523796552969,"back":6.985523796552969,"walk_out":23.28507932184323,"walk_back":23.28507932184323},"rail-007595":{"out":8.740300802399027,"back":8.740300802399027,"walk_out":29.134336007996755,"walk_back":29.134336007996755},"rail-007607":{"out":6.00273678135479,"back":6.00273678135479,"walk_out":20.009122604515966,"walk_back":20.009122604515966},"rail-007486":{"out":14.908090259884784,"back":14.908090259884784,"walk_out":49.69363419961594,"walk_back":49.69363419961594},"shinimamiya":{"out":16.89428520420694,"back":16.89428520420694,"walk_out":56.31428401402314,"walk_back":56.31428401402314},"rail-007427":{"out":16.924087969444077,"back":16.924087969444077,"walk_out":56.41362656481359,"walk_back":56.41362656481359},"rail-007690":{"out":22.64526229867446,"back":22.64526229867446,"walk_out":75.4842076622482,"walk_back":75.4842076622482},"nipponbashi":{"out":24.444266670735217,"back":24.444266670735217,"walk_out":81.48088890245072,"walk_back":81.48088890245072},"rail-007499":{"out":13.700141685634259,"back":13.700141685634259,"walk_out":45.66713895211419,"walk_back":45.66713895211419},"rail-007370":{"out":25.306171229590618,"back":25.306171229590618,"walk_out":84.35390409863538,"walk_back":84.35390409863538},"rail-007406":{"out":18.267564189224515,"back":18.267564189224515,"walk_out":60.891880630748375,"walk_back":60.891880630748375},"rail-007623":{"out":10.807393308398025,"back":10.807393308398025,"walk_out":36.02464436132675,"walk_back":36.02464436132675},"rail-007500":{"out":11.305942150683842,"back":11.305942150683842,"walk_out":37.68647383561281,"walk_back":37.68647383561281},"rail-007699":{"out":23.603480540728864,"back":23.603480540728864,"walk_out":78.67826846909621,"walk_back":78.67826846909621},"rail-007525":{"out":6.579252741797293,"back":6.579252741797293,"walk_out":21.930842472657645,"walk_back":21.930842472657645},"rail-007553":{"out":2.693245331212966,"back":2.693245331212966,"walk_out":8.977484437376553,"walk_back":8.977484437376553},"rail-007479":{"out":21.275063081569865,"back":21.275063081569865,"walk_out":70.91687693856622,"walk_back":70.91687693856622},"rail-007250":{"out":28.935071413062772,"back":28.935071413062772,"walk_out":96.45023804354258,"walk_back":96.45023804354258},"rail-007472":{"out":12.425380493479487,"back":12.425380493479487,"walk_out":41.41793497826496,"walk_back":41.41793497826496},"rail-007487":{"out":12.629631258233585,"back":12.629631258233585,"walk_out":42.098770860778615,"walk_back":42.098770860778615},"rail-007380":{"out":24.79615160326164,"back":24.79615160326164,"walk_out":82.6538386775388,"walk_back":82.6538386775388},"rail-007364":{"out":29.55596518742838,"back":29.55596518742838,"walk_out":98.5198839580946,"walk_back":98.5198839580946},"sakuragawa":{"out":24.322900923022537,"back":24.322900923022537,"walk_out":81.07633641007513,"walk_back":81.07633641007513},"rail-007303":{"out":23.965910223743407,"back":23.965910223743407,"walk_out":79.88636741247802,"walk_back":79.88636741247802},"rail-007587":{"out":4.726028108816042,"back":4.726028108816042,"walk_out":15.753427029386804,"walk_back":15.753427029386804},"rail-007639":{"out":21.507308309212082,"back":21.507308309212082,"walk_out":71.69102769737361,"walk_back":71.69102769737361},"rail-007470":{"out":18.075113691531026,"back":18.075113691531026,"walk_out":60.25037897177008,"walk_back":60.25037897177008},"rail-007442":{"out":14.914140485370426,"back":14.914140485370426,"walk_out":49.71380161790142,"walk_back":49.71380161790142},"rail-007641":{"out":13.774524611689774,"back":13.774524611689774,"walk_out":45.91508203896591,"walk_back":45.91508203896591},"rail-007630":{"out":10.795151223138138,"back":10.795151223138138,"walk_out":35.98383741046046,"walk_back":35.98383741046046},"rail-007683":{"out":21.673044303592793,"back":21.673044303592793,"walk_out":72.24348101197597,"walk_back":72.24348101197597},"rail-007533":{"out":4.7136882878767485,"back":4.7136882878767485,"walk_out":15.712294292922497,"walk_back":15.712294292922497},"rail-007519":{"out":15.252390162846007,"back":15.252390162846007,"walk_out":50.84130054282002,"walk_back":50.84130054282002},"rail-007733":{"out":29.831459373202946,"back":29.831459373202946,"walk_out":99.4381979106765,"walk_back":99.4381979106765},"rail-007709":{"out":24.562463583473544,"back":24.562463583473544,"walk_out":81.87487861157848,"walk_back":81.87487861157848},"rail-007704":{"out":23.88078155130043,"back":23.88078155130043,"walk_out":79.60260517100143,"walk_back":79.60260517100143},"rail-007590":{"out":16.951536707509177,"back":16.951536707509177,"walk_out":56.50512235836393,"walk_back":56.50512235836393},"rail-007714":{"out":28.56752882799779,"back":28.56752882799779,"walk_out":95.22509609332597,"walk_back":95.22509609332597},"rail-007706":{"out":25.934817123459844,"back":25.934817123459844,"walk_out":86.4493904115328,"walk_back":86.4493904115328},"rail-007707":{"out":27.28218984014447,"back":27.28218984014447,"walk_out":90.94063280048157,"walk_back":90.94063280048157},"rail-007564":{"out":3.4571369493471105,"back":3.4571369493471105,"walk_out":11.523789831157034,"walk_back":11.523789831157034},"rail-007640":{"out":12.826190786728674,"back":12.826190786728674,"walk_out":42.75396928909558,"walk_back":42.75396928909558},"rail-007554":{"out":2.431696507226192,"back":2.431696507226192,"walk_out":8.105655024087305,"walk_back":8.105655024087305},"rail-007579":{"out":2.211161614854199,"back":2.211161614854199,"walk_out":7.370538716180662,"walk_back":7.370538716180662},"rail-007635":{"out":11.6053062450828,"back":11.6053062450828,"walk_out":38.684354150276,"walk_back":38.684354150276},"rail-007475":{"out":17.245828451735754,"back":17.245828451735754,"walk_out":57.48609483911918,"walk_back":57.48609483911918},"rail-007498":{"out":9.61479152781519,"back":9.61479152781519,"walk_out":32.0493050927173,"walk_back":32.0493050927173},"rail-007379":{"out":19.945345328632094,"back":19.945345328632094,"walk_out":66.48448442877364,"walk_back":66.48448442877364},"rail-007371":{"out":20.810421086083622,"back":20.810421086083622,"walk_out":69.36807028694541,"walk_back":69.36807028694541},"rail-007454":{"out":13.932768679961155,"back":13.932768679961155,"walk_out":46.44256226653718,"walk_back":46.44256226653718},"rail-007650":{"out":14.756320504060907,"back":14.756320504060907,"walk_out":49.18773501353636,"walk_back":49.18773501353636},"rail-007452":{"out":14.764643103225216,"back":14.764643103225216,"walk_out":49.21547701075072,"walk_back":49.21547701075072},"rail-007249":{"out":27.570661720936045,"back":27.570661720936045,"walk_out":91.90220573645348,"walk_back":91.90220573645348},"rail-007476":{"out":11.060865486143873,"back":11.060865486143873,"walk_out":36.86955162047958,"walk_back":36.86955162047958},"rail-007540":{"out":10.673763565127116,"back":10.673763565127116,"walk_out":35.579211883757054,"walk_back":35.579211883757054},"rail-007246":{"out":26.770096239835567,"back":26.770096239835567,"walk_out":89.23365413278523,"walk_back":89.23365413278523},"tanimachi9":{"out":25.860785651637013,"back":25.860785651637013,"walk_out":86.20261883879004,"walk_back":86.20261883879004},"tanimachi6":{"out":29.378856693000536,"back":29.378856693000536,"walk_out":97.92952231000179,"walk_back":97.92952231000179},"rail-007317":{"out":24.567350659494483,"back":24.567350659494483,"walk_out":81.89116886498161,"walk_back":81.89116886498161},"rail-007562":{"out":16.686675348333452,"back":16.686675348333452,"walk_out":55.62225116111151,"walk_back":55.62225116111151},"nagahoribashi":{"out":28.23448141076655,"back":28.23448141076655,"walk_out":94.1149380358885,"walk_back":94.1149380358885},"nagai":{"out":9.722549934837486,"back":9.722549934837486,"walk_out":32.40849978279162,"walk_back":32.40849978279162},"rail-007460":{"out":15.285642881464055,"back":15.285642881464055,"walk_out":50.95214293821351,"walk_back":50.95214293821351},"rail-007543":{"out":16.882139955198927,"back":16.882139955198927,"walk_out":56.27379985066309,"walk_back":56.27379985066309},"rail-007669":{"out":27.40373832954166,"back":27.40373832954166,"walk_out":91.34579443180553,"walk_back":91.34579443180553},"rail-007628":{"out":10.389328469919088,"back":10.389328469919088,"walk_out":34.63109489973029,"walk_back":34.63109489973029},"rail-007556":{"out":10.950032611643335,"back":10.950032611643335,"walk_out":36.500108705477786,"walk_back":36.500108705477786},"tsuruhashi":{"out":27.918040725335423,"back":27.918040725335423,"walk_out":93.06013575111808,"walk_back":93.06013575111808}}}},{"type":"Feature","geometry":{"type":"Point","coordinates":[135.5788,34.63141]},"properties":{"id":"bodik-osaka-a958b72b8fca3ce87c5c","name":"大阪ピンコロクラブ","venue":"久宝寺緑地","address":"","category":"その他","source_category":"","date":"2026-09-26","end_date":"2026-09-26","start":null,"end":null,"schedule":"","url":"https://kyuhoji-ryokuchi.jp/","source":"大阪府 イベント一覧（BODIK）","source_updated":"2026-09-14T08:52:41.251751","fetched_at":"2026-09-18T14:35:26.570Z","coordinate_source":"https://data.bodik.jp/ja/dataset/270008_event","fictional":false,"access":{"rail-007376":{"out":12.3360863913444,"back":12.3360863913444,"walk_out":41.120287971148,"walk_back":41.120287971148},"rail-007344":{"out":14.833195010312476,"back":14.833195010312476,"walk_out":49.443983367708256,"walk_back":49.443983367708256},"rail-007422":{"out":8.815085537781805,"back":8.815085537781805,"walk_out":29.383618459272682,"walk_back":29.383618459272682},"kyuhoji":{"out":4.5327503034730015,"back":4.5327503034730015,"walk_out":15.109167678243338,"walk_back":15.109167678243338},"rail-007491":{"out":4.5313010230363195,"back":4.5313010230363195,"walk_out":15.1043367434544,"walk_back":15.1043367434544},"rail-007529":{"out":17.60646567801607,"back":17.60646567801607,"walk_out":58.68821892672024,"walk_back":58.68821892672024},"rail-007450":{"out":28.70687434162788,"back":28.70687434162788,"walk_out":95.6895811387596,"walk_back":95.6895811387596},"rail-007459":{"out":28.677672229759636,"back":28.677672229759636,"walk_out":95.59224076586545,"walk_back":95.59224076586545},"rail-007284":{"out":20.874050828737538,"back":20.874050828737538,"walk_out":69.58016942912512,"walk_back":69.58016942912512},"rail-007342":{"out":18.202018757829997,"back":18.202018757829997,"walk_out":60.67339585943333,"walk_back":60.67339585943333},"rail-007378":{"out":12.36736585833943,"back":12.36736585833943,"walk_out":41.22455286113143,"walk_back":41.22455286113143},"rail-007549":{"out":23.72916130545068,"back":23.72916130545068,"walk_out":79.09720435150227,"walk_back":79.09720435150227},"rail-007560":{"out":9.168430406691996,"back":9.168430406691996,"walk_out":30.56143468897332,"walk_back":30.56143468897332},"rail-007618":{"out":15.27376964483595,"back":15.27376964483595,"walk_out":50.91256548278649,"walk_back":50.91256548278649},"rail-007351":{"out":14.888633534461793,"back":14.888633534461793,"walk_out":49.62877844820597,"walk_back":49.62877844820597},"rail-007582":{"out":11.092482224895164,"back":11.092482224895164,"walk_out":36.97494074965054,"walk_back":36.97494074965054},"rail-007524":{"out":4.8502657388788295,"back":4.8502657388788295,"walk_out":16.167552462929432,"walk_back":16.167552462929432},"dobutsuen":{"out":28.58622355596859,"back":28.58622355596859,"walk_out":95.28741185322863,"walk_back":95.28741185322863},"rail-007485":{"out":28.84750342346281,"back":28.84750342346281,"walk_out":96.15834474487603,"walk_back":96.15834474487603},"rail-007412":{"out":13.053082955677729,"back":13.053082955677729,"walk_out":43.510276518925764,"walk_back":43.510276518925764},"rail-007502":{"out":18.249595776689237,"back":18.249595776689237,"walk_out":60.83198592229745,"walk_back":60.83198592229745},"rail-007522":{"out":26.89441899033533,"back":26.89441899033533,"walk_out":89.64806330111776,"walk_back":89.64806330111776},"rail-007462":{"out":10.65761179448601,"back":10.65761179448601,"walk_out":35.5253726482867,"walk_back":35.5253726482867},"rail-007531":{"out":21.359005619253065,"back":21.359005619253065,"walk_out":71.19668539751022,"walk_back":71.19668539751022},"rail-007213":{"out":27.44601767773998,"back":27.44601767773998,"walk_out":91.4867255924666,"walk_back":91.4867255924666},"rail-007581":{"out":13.901609035314568,"back":13.901609035314568,"walk_out":46.338696784381895,"walk_back":46.338696784381895},"rail-007382":{"out":26.51872604929057,"back":26.51872604929057,"walk_out":88.39575349763523,"walk_back":88.39575349763523},"rail-007676":{"out":29.815966049304677,"back":29.815966049304677,"walk_out":99.38655349768226,"walk_back":99.38655349768226},"rail-007633":{"out":26.093333793129435,"back":26.093333793129435,"walk_out":86.97777931043144,"walk_back":86.97777931043144},"uehommachi":{"out":25.924218434239364,"back":25.924218434239364,"walk_out":86.41406144746455,"walk_back":86.41406144746455},"rail-007164":{"out":29.900442736915018,"back":29.900442736915018,"walk_out":99.66814245638339,"walk_back":99.66814245638339},"rail-007451":{"out":24.36135665780537,"back":24.36135665780537,"walk_out":81.20452219268456,"walk_back":81.20452219268456},"tennoji":{"out":24.432570102639293,"back":24.432570102639293,"walk_out":81.44190034213098,"walk_back":81.44190034213098},"rail-007447":{"out":24.96364928629508,"back":24.96364928629508,"walk_out":83.21216428765027,"walk_back":83.21216428765027},"rail-007515":{"out":29.697497655368245,"back":29.697497655368245,"walk_out":98.99165885122748,"walk_back":98.99165885122748},"rail-007532":{"out":27.870309916401126,"back":27.870309916401126,"walk_out":92.90103305467042,"walk_back":92.90103305467042},"rail-007653":{"out":29.29315856133514,"back":29.29315856133514,"walk_out":97.64386187111714,"walk_back":97.64386187111714},"rail-007434":{"out":21.49628591094289,"back":21.49628591094289,"walk_out":71.65428636980964,"walk_back":71.65428636980964},"rail-007368":{"out":15.65820958409393,"back":15.65820958409393,"walk_out":52.19403194697977,"walk_back":52.19403194697977},"rail-007657":{"out":27.84800140782502,"back":27.84800140782502,"walk_out":92.82667135941674,"walk_back":92.82667135941674},"fuse":{"out":15.56499408505987,"back":15.56499408505987,"walk_out":51.88331361686624,"walk_back":51.88331361686624},"rail-007538":{"out":29.743590438227383,"back":29.743590438227383,"walk_out":99.14530146075793,"walk_back":99.14530146075793},"rail-007547":{"out":28.971083287543994,"back":28.971083287543994,"walk_out":96.57027762514664,"walk_back":96.57027762514664},"rail-007559":{"out":29.852169969679448,"back":29.852169969679448,"walk_out":99.50723323226482,"walk_back":99.50723323226482},"rail-007505":{"out":10.16745600539689,"back":10.16745600539689,"walk_out":33.891520017989635,"walk_back":33.891520017989635},"rail-007546":{"out":11.954905897862298,"back":11.954905897862298,"walk_out":39.84968632620766,"walk_back":39.84968632620766},"rail-007468":{"out":4.750252733120279,"back":4.750252733120279,"walk_out":15.834175777067596,"walk_back":15.834175777067596},"rail-007131":{"out":27.184085590346967,"back":27.184085590346967,"walk_out":90.6136186344899,"walk_back":90.6136186344899},"rail-007606":{"out":19.380910945584397,"back":19.380910945584397,"walk_out":64.60303648528132,"walk_back":64.60303648528132},"rail-007578":{"out":19.843582531803175,"back":19.843582531803175,"walk_out":66.14527510601059,"walk_back":66.14527510601059},"rail-007674":{"out":25.82351270967732,"back":25.82351270967732,"walk_out":86.0783756989244,"walk_back":86.0783756989244},"rail-007399":{"out":28.780336553557433,"back":28.780336553557433,"walk_out":95.93445517852477,"walk_back":95.93445517852477},"rail-007611":{"out":28.13203171125882,"back":28.13203171125882,"walk_out":93.77343903752939,"walk_back":93.77343903752939},"rail-007595":{"out":29.28838482370203,"back":29.28838482370203,"walk_out":97.62794941234012,"walk_back":97.62794941234012},"rail-007162":{"out":25.81378593178628,"back":25.81378593178628,"walk_out":86.04595310595427,"walk_back":86.04595310595427},"rail-007486":{"out":22.23355409459852,"back":22.23355409459852,"walk_out":74.11184698199507,"walk_back":74.11184698199507},"shinimamiya":{"out":29.356807521071584,"back":29.356807521071584,"walk_out":97.85602507023862,"walk_back":97.85602507023862},"rail-007427":{"out":28.753358650968693,"back":28.753358650968693,"walk_out":95.8445288365623,"walk_back":95.8445288365623},"rail-007523":{"out":4.333110288140507,"back":4.333110288140507,"walk_out":14.443700960468355,"walk_back":14.443700960468355},"rail-007297":{"out":18.66808296958844,"back":18.66808296958844,"walk_out":62.226943231961464,"walk_back":62.226943231961464},"rail-007499":{"out":22.669900418391084,"back":22.669900418391084,"walk_out":75.56633472797029,"walk_back":75.56633472797029},"rail-007528":{"out":22.92912763257913,"back":22.92912763257913,"walk_out":76.43042544193044,"walk_back":76.43042544193044},"rail-007500":{"out":25.73623519494858,"back":25.73623519494858,"walk_out":85.7874506498286,"walk_back":85.7874506498286},"higashihanazono":{"out":22.313979088580744,"back":22.313979088580744,"walk_out":74.37993029526915,"walk_back":74.37993029526915},"rail-007479":{"out":15.338846204505753,"back":15.338846204505753,"walk_out":51.12948734835251,"walk_back":51.12948734835251},"rail-007472":{"out":28.724876441683573,"back":28.724876441683573,"walk_out":95.74958813894524,"walk_back":95.74958813894524},"rail-007487":{"out":25.300283883611595,"back":25.300283883611595,"walk_out":84.33427961203866,"walk_back":84.33427961203866},"rail-007636":{"out":25.683719016502522,"back":25.683719016502522,"walk_out":85.61239672167507,"walk_back":85.61239672167507},"rail-007652":{"out":27.86035714196441,"back":27.86035714196441,"walk_out":92.86785713988137,"walk_back":92.86785713988137},"rail-007380":{"out":22.159354951053253,"back":22.159354951053253,"walk_out":73.86451650351084,"walk_back":73.86451650351084},"morinomiya":{"out":28.024875674129362,"back":28.024875674129362,"walk_out":93.41625224709787,"walk_back":93.41625224709787},"rail-007639":{"out":25.735905794213593,"back":25.735905794213593,"walk_out":85.78635264737865,"walk_back":85.78635264737865},"rail-007350":{"out":14.515811004137934,"back":14.515811004137934,"walk_out":48.386036680459775,"walk_back":48.386036680459775},"kawachi_yamamoto":{"out":14.8558630861602,"back":14.8558630861602,"walk_out":49.519543620534,"walk_back":49.519543620534},"rail-007668":{"out":26.07307764288168,"back":26.07307764288168,"walk_out":86.91025880960561,"walk_back":86.91025880960561},"rail-007345":{"out":14.750474298547847,"back":14.750474298547847,"walk_out":49.16824766182616,"walk_back":49.16824766182616},"rail-007359":{"out":20.10963787132724,"back":20.10963787132724,"walk_out":67.03212623775747,"walk_back":67.03212623775747},"rail-007470":{"out":20.41804401582414,"back":20.41804401582414,"walk_out":68.0601467194138,"walk_back":68.0601467194138},"rail-007621":{"out":23.69958669304543,"back":23.69958669304543,"walk_out":78.99862231015143,"walk_back":78.99862231015143},"fukaebashi":{"out":22.718026710549125,"back":22.718026710549125,"walk_out":75.72675570183041,"walk_back":75.72675570183041},"rail-007260":{"out":25.162452572878067,"back":25.162452572878067,"walk_out":83.87484190959356,"walk_back":83.87484190959356},"rail-007365":{"out":25.935726305786226,"back":25.935726305786226,"walk_out":86.45242101928743,"walk_back":86.45242101928743},"rail-007519":{"out":19.65222217326981,"back":19.65222217326981,"walk_out":65.5074072442327,"walk_back":65.5074072442327},"rail-007590":{"out":20.255447172771774,"back":20.255447172771774,"walk_out":67.51815724257257,"walk_back":67.51815724257257},"rail-007201":{"out":25.172849591053637,"back":25.172849591053637,"walk_out":83.90949863684546,"walk_back":83.90949863684546},"rail-007475":{"out":20.389616893775678,"back":20.389616893775678,"walk_out":67.96538964591892,"walk_back":67.96538964591892},"rail-007498":{"out":29.045491402374232,"back":29.045491402374232,"walk_out":96.81830467458077,"walk_back":96.81830467458077},"rail-007354":{"out":17.76928185610558,"back":17.76928185610558,"walk_out":59.23093952035193,"walk_back":59.23093952035193},"rail-007234":{"out":23.083134776255484,"back":23.083134776255484,"walk_out":76.94378258751827,"walk_back":76.94378258751827},"rail-007452":{"out":29.857843112677283,"back":29.857843112677283,"walk_out":99.52614370892428,"walk_back":99.52614370892428},"rail-007678":{"out":27.21513137281386,"back":27.21513137281386,"walk_out":90.71710457604621,"walk_back":90.71710457604621},"rail-007477":{"out":5.292671039364361,"back":5.292671039364361,"walk_out":17.642236797881203,"walk_back":17.642236797881203},"rail-007540":{"out":23.68778514471783,"back":23.68778514471783,"walk_out":78.9592838157261,"walk_back":78.9592838157261},"tanimachi9":{"out":27.969189761189032,"back":27.969189761189032,"walk_out":93.23063253729677,"walk_back":93.23063253729677},"tanimachi6":{"out":29.825386665913907,"back":29.825386665913907,"walk_out":99.41795555304635,"walk_back":99.41795555304635},"kintetsu_yao":{"out":9.08339652161075,"back":9.08339652161075,"walk_out":30.277988405369168,"walk_back":30.277988405369168},"rail-007562":{"out":17.922425460140573,"back":17.922425460140573,"walk_out":59.74141820046858,"walk_back":59.74141820046858},"rail-007594":{"out":12.996870207822015,"back":12.996870207822015,"walk_out":43.32290069274005,"walk_back":43.32290069274005},"nagai":{"out":25.625670018062074,"back":25.625670018062074,"walk_out":85.41890006020691,"walk_back":85.41890006020691},"rail-007425":{"out":8.215521998023233,"back":8.215521998023233,"walk_out":27.38507332674411,"walk_back":27.38507332674411},"nagata":{"out":21.601972738646726,"back":21.601972738646726,"walk_out":72.00657579548908,"walk_back":72.00657579548908},"rail-007460":{"out":24.94714050690037,"back":24.94714050690037,"walk_out":83.15713502300123,"walk_back":83.15713502300123},"rail-007543":{"out":17.406065053200173,"back":17.406065053200173,"walk_out":58.02021684400057,"walk_back":58.02021684400057},"rail-007235":{"out":21.06543401803524,"back":21.06543401803524,"walk_out":70.21811339345079,"walk_back":70.21811339345079},"rail-007229":{"out":21.219897472779472,"back":21.219897472779472,"walk_out":70.73299157593156,"walk_back":70.73299157593156},"rail-007551":{"out":17.47660131835153,"back":17.47660131835153,"walk_out":58.25533772783844,"walk_back":58.25533772783844},"rail-007569":{"out":28.43112932573508,"back":28.43112932573508,"walk_out":94.7704310857836,"walk_back":94.7704310857836},"rail-007669":{"out":27.74257075464811,"back":27.74257075464811,"walk_out":92.47523584882703,"walk_back":92.47523584882703},"rail-007679":{"out":26.733241185337057,"back":26.733241185337057,"walk_out":89.11080395112351,"walk_back":89.11080395112351},"rail-007125":{"out":29.935945697977782,"back":29.935945697977782,"walk_out":99.78648565992594,"walk_back":99.78648565992594},"rail-007556":{"out":23.354118957231663,"back":23.354118957231663,"walk_out":77.84706319077222,"walk_back":77.84706319077222},"tsuruhashi":{"out":23.39538296941601,"back":23.39538296941601,"walk_out":77.98460989805336,"walk_back":77.98460989805336}}}},{"type":"Feature","geometry":{"type":"Point","coordinates":[135.42403,34.4331]},"properties":{"id":"bodik-osaka-b8fed747f9a0b170f82c","name":"秋の寄せ植え","venue":"蜻蛉池公園","address":"","category":"その他","source_category":"","date":"2026-09-27","end_date":"2026-09-27","start":null,"end":null,"schedule":"","url":"https://tonboike-osakap.com/","source":"大阪府 イベント一覧（BODIK）","source_updated":"2026-09-14T08:52:41.251751","fetched_at":"2026-09-18T14:35:26.570Z","coordinate_source":"https://data.bodik.jp/ja/dataset/270008_event","fictional":false,"access":{"rail-007994":{"out":17.841449462419554,"back":17.841449462419554,"walk_out":59.47149820806518,"walk_back":59.47149820806518},"rail-008005":{"out":18.375679033686097,"back":18.375679033686097,"walk_out":61.25226344562033,"walk_back":61.25226344562033},"rail-007928":{"out":14.692695990775343,"back":14.692695990775343,"walk_out":48.975653302584476,"walk_back":48.975653302584476},"rail-007913":{"out":16.008362947530912,"back":16.008362947530912,"walk_out":53.361209825103046,"walk_back":53.361209825103046},"rail-007964":{"out":29.083191916607298,"back":29.083191916607298,"walk_out":96.94397305535766,"walk_back":96.94397305535766},"rail-007898":{"out":26.38144712542096,"back":26.38144712542096,"walk_out":87.93815708473653,"walk_back":87.93815708473653},"rail-007980":{"out":18.697643171782786,"back":18.697643171782786,"walk_out":62.325477239275955,"walk_back":62.325477239275955},"rail-007922":{"out":17.317633023259326,"back":17.317633023259326,"walk_out":57.725443410864415,"walk_back":57.725443410864415},"rail-007910":{"out":21.097850678579707,"back":21.097850678579707,"walk_out":70.32616892859903,"walk_back":70.32616892859903},"rail-007871":{"out":24.411838432373266,"back":24.411838432373266,"walk_out":81.37279477457756,"walk_back":81.37279477457756},"rail-007973":{"out":24.059919695682314,"back":24.059919695682314,"walk_out":80.19973231894105,"walk_back":80.19973231894105},"rail-007925":{"out":20.719962956139298,"back":20.719962956139298,"walk_out":69.06654318713099,"walk_back":69.06654318713099},"rail-007867":{"out":26.489000395118566,"back":26.489000395118566,"walk_out":88.29666798372855,"walk_back":88.29666798372855},"rail-007890":{"out":23.000581534668708,"back":23.000581534668708,"walk_out":76.66860511556236,"walk_back":76.66860511556236},"rail-007989":{"out":28.116311967596936,"back":28.116311967596936,"walk_out":93.72103989198979,"walk_back":93.72103989198979},"rail-007939":{"out":15.76305527781623,"back":15.76305527781623,"walk_out":52.543517592720775,"walk_back":52.543517592720775},"rail-007950":{"out":18.960374930114018,"back":18.960374930114018,"walk_out":63.201249767046725,"walk_back":63.201249767046725},"rail-007990":{"out":17.605278045009094,"back":17.605278045009094,"walk_out":58.68426015003031,"walk_back":58.68426015003031},"rail-008014":{"out":19.300519769675795,"back":19.300519769675795,"walk_out":64.33506589891931,"walk_back":64.33506589891931},"rail-007976":{"out":19.34173493361353,"back":19.34173493361353,"walk_out":64.47244977871176,"walk_back":64.47244977871176},"rail-007967":{"out":20.53374873301332,"back":20.53374873301332,"walk_out":68.44582911004439,"walk_back":68.44582911004439},"rail-007930":{"out":22.233813894475073,"back":22.233813894475073,"walk_out":74.11271298158357,"walk_back":74.11271298158357},"rail-007942":{"out":24.863464931991388,"back":24.863464931991388,"walk_out":82.8782164399713,"walk_back":82.8782164399713},"rail-007952":{"out":23.423233530716043,"back":23.423233530716043,"walk_out":78.07744510238682,"walk_back":78.07744510238682},"rail-007956":{"out":22.48308663410576,"back":22.48308663410576,"walk_out":74.94362211368588,"walk_back":74.94362211368588}}}},{"type":"Feature","geometry":{"type":"Point","coordinates":[135.19203,34.33656]},"properties":{"id":"bodik-osaka-a7e8402eb3eab37e938d","name":"せんなん里海☆里山☆FUNFUNフェス","venue":"せんなん里海公園","address":"","category":"その他","source_category":"","date":"2026-09-27","end_date":"2026-09-27","start":null,"end":null,"schedule":"","url":"https://sennan.osaka-park.or.jp/event/","source":"大阪府 イベント一覧（BODIK）","source_updated":"2026-09-14T08:52:41.251751","fetched_at":"2026-09-18T14:35:26.570Z","coordinate_source":"https://data.bodik.jp/ja/dataset/270008_event","fictional":false,"access":{"rail-008219":{"out":12.688526324214456,"back":12.688526324214456,"walk_out":42.295087747381515,"walk_back":42.295087747381515},"rail-008173":{"out":26.263775158760385,"back":26.263775158760385,"walk_out":87.54591719586794,"walk_back":87.54591719586794},"rail-008237":{"out":21.981404262191038,"back":21.981404262191038,"walk_out":73.2713475406368,"walk_back":73.2713475406368},"rail-008274":{"out":25.365815220531008,"back":25.365815220531008,"walk_out":84.55271740177002,"walk_back":84.55271740177002},"rail-008141":{"out":20.731608804550113,"back":20.731608804550113,"walk_out":69.10536268183371,"walk_back":69.10536268183371},"rail-008217":{"out":28.937244496309816,"back":28.937244496309816,"walk_out":96.45748165436606,"walk_back":96.45748165436606},"rail-008210":{"out":5.432749602977661,"back":5.432749602977661,"walk_out":18.10916534325887,"walk_back":18.10916534325887},"rail-008236":{"out":20.494586387921448,"back":20.494586387921448,"walk_out":68.31528795973816,"walk_back":68.31528795973816},"rail-008233":{"out":18.083819934813295,"back":18.083819934813295,"walk_out":60.27939978271098,"walk_back":60.27939978271098},"rail-008179":{"out":7.847971472835316,"back":7.847971472835316,"walk_out":26.159904909451054,"walk_back":26.159904909451054},"rail-008161":{"out":16.01218193253327,"back":16.01218193253327,"walk_out":53.3739397751109,"walk_back":53.3739397751109}}}},{"type":"Feature","geometry":{"type":"Point","coordinates":[135.29394,34.41192]},"properties":{"id":"bodik-osaka-0fc52e38e2ffa1c5131c","name":"りんくう公園開設30周年記念イベント","venue":"りんくう公園","address":"","category":"その他","source_category":"","date":"2026-09-27","end_date":"2026-09-27","start":null,"end":null,"schedule":"","url":"https://rinku.osaka-park.or.jp/","source":"大阪府 イベント一覧（BODIK）","source_updated":"2026-09-14T08:52:41.251751","fetched_at":"2026-09-18T14:35:26.570Z","coordinate_source":"https://data.bodik.jp/ja/dataset/270008_event","fictional":false,"access":{"rail-007996":{"out":2.0659986420144367,"back":2.0659986420144367,"walk_out":6.886662140048122,"walk_back":6.886662140048122},"rail-007964":{"out":20.708110754004462,"back":20.708110754004462,"walk_out":69.02703584668154,"walk_back":69.02703584668154},"rail-007985":{"out":13.809086793814481,"back":13.809086793814481,"walk_out":46.03028931271494,"walk_back":46.03028931271494},"rail-008069":{"out":9.203816928369813,"back":9.203816928369813,"walk_out":30.679389761232706,"walk_back":30.679389761232706},"rail-007973":{"out":24.770164815972727,"back":24.770164815972727,"walk_out":82.56721605324243,"walk_back":82.56721605324243},"rail-008142":{"out":23.459637563168315,"back":23.459637563168315,"walk_out":78.19879187722772,"walk_back":78.19879187722772},"rail-008091":{"out":13.698166797072574,"back":13.698166797072574,"walk_out":45.66055599024191,"walk_back":45.66055599024191},"rail-008120":{"out":17.700136024926735,"back":17.700136024926735,"walk_out":59.00045341642245,"walk_back":59.00045341642245},"rail-008072":{"out":16.63312005530945,"back":16.63312005530945,"walk_out":55.44373351769817,"walk_back":55.44373351769817},"rail-007989":{"out":20.691413589899188,"back":20.691413589899188,"walk_out":68.9713786329973,"walk_back":68.9713786329973},"rail-008118":{"out":20.614293819408086,"back":20.614293819408086,"walk_out":68.71431273136028,"walk_back":68.71431273136028},"rail-007992":{"out":8.607733362390626,"back":8.607733362390626,"walk_out":28.692444541302088,"walk_back":28.692444541302088},"rail-007976":{"out":29.30929263506682,"back":29.30929263506682,"walk_out":97.6976421168894,"walk_back":97.6976421168894},"rail-008008":{"out":17.527564769624338,"back":17.527564769624338,"walk_out":58.425215898747794,"walk_back":58.425215898747794},"rail-007967":{"out":28.463014661916354,"back":28.463014661916354,"walk_out":94.87671553972118,"walk_back":94.87671553972118},"rail-008022":{"out":5.95986350050845,"back":5.95986350050845,"walk_out":19.8662116683615,"walk_back":19.8662116683615},"rail-007942":{"out":27.77025486993653,"back":27.77025486993653,"walk_out":92.56751623312176,"walk_back":92.56751623312176},"rail-007952":{"out":27.358599564771186,"back":27.358599564771186,"walk_out":91.19533188257063,"walk_back":91.19533188257063},"rail-007956":{"out":27.637680833724524,"back":27.637680833724524,"walk_out":92.12560277908175,"walk_back":92.12560277908175},"rail-008097":{"out":16.427389253319486,"back":16.427389253319486,"walk_out":54.75796417773162,"walk_back":54.75796417773162},"rail-007958":{"out":21.413083641431843,"back":21.413083641431843,"walk_out":71.37694547143947,"walk_back":71.37694547143947},"rail-007975":{"out":17.510729576341536,"back":17.510729576341536,"walk_out":58.36909858780512,"walk_back":58.36909858780512}}}},{"type":"Feature","geometry":{"type":"Point","coordinates":[135.5788,34.63141]},"properties":{"id":"bodik-osaka-09e4da2da110d02a9845","name":"レッツ久宝探検隊","venue":"久宝寺緑地","address":"","category":"その他","source_category":"","date":"2026-09-27","end_date":"2026-09-27","start":null,"end":null,"schedule":"","url":"https://kyuhoji-ryokuchi.jp/","source":"大阪府 イベント一覧（BODIK）","source_updated":"2026-09-14T08:52:41.251751","fetched_at":"2026-09-18T14:35:26.570Z","coordinate_source":"https://data.bodik.jp/ja/dataset/270008_event","fictional":false,"access":{"rail-007376":{"out":12.3360863913444,"back":12.3360863913444,"walk_out":41.120287971148,"walk_back":41.120287971148},"rail-007344":{"out":14.833195010312476,"back":14.833195010312476,"walk_out":49.443983367708256,"walk_back":49.443983367708256},"rail-007422":{"out":8.815085537781805,"back":8.815085537781805,"walk_out":29.383618459272682,"walk_back":29.383618459272682},"kyuhoji":{"out":4.5327503034730015,"back":4.5327503034730015,"walk_out":15.109167678243338,"walk_back":15.109167678243338},"rail-007491":{"out":4.5313010230363195,"back":4.5313010230363195,"walk_out":15.1043367434544,"walk_back":15.1043367434544},"rail-007529":{"out":17.60646567801607,"back":17.60646567801607,"walk_out":58.68821892672024,"walk_back":58.68821892672024},"rail-007450":{"out":28.70687434162788,"back":28.70687434162788,"walk_out":95.6895811387596,"walk_back":95.6895811387596},"rail-007459":{"out":28.677672229759636,"back":28.677672229759636,"walk_out":95.59224076586545,"walk_back":95.59224076586545},"rail-007284":{"out":20.874050828737538,"back":20.874050828737538,"walk_out":69.58016942912512,"walk_back":69.58016942912512},"rail-007342":{"out":18.202018757829997,"back":18.202018757829997,"walk_out":60.67339585943333,"walk_back":60.67339585943333},"rail-007378":{"out":12.36736585833943,"back":12.36736585833943,"walk_out":41.22455286113143,"walk_back":41.22455286113143},"rail-007549":{"out":23.72916130545068,"back":23.72916130545068,"walk_out":79.09720435150227,"walk_back":79.09720435150227},"rail-007560":{"out":9.168430406691996,"back":9.168430406691996,"walk_out":30.56143468897332,"walk_back":30.56143468897332},"rail-007618":{"out":15.27376964483595,"back":15.27376964483595,"walk_out":50.91256548278649,"walk_back":50.91256548278649},"rail-007351":{"out":14.888633534461793,"back":14.888633534461793,"walk_out":49.62877844820597,"walk_back":49.62877844820597},"rail-007582":{"out":11.092482224895164,"back":11.092482224895164,"walk_out":36.97494074965054,"walk_back":36.97494074965054},"rail-007524":{"out":4.8502657388788295,"back":4.8502657388788295,"walk_out":16.167552462929432,"walk_back":16.167552462929432},"dobutsuen":{"out":28.58622355596859,"back":28.58622355596859,"walk_out":95.28741185322863,"walk_back":95.28741185322863},"rail-007485":{"out":28.84750342346281,"back":28.84750342346281,"walk_out":96.15834474487603,"walk_back":96.15834474487603},"rail-007412":{"out":13.053082955677729,"back":13.053082955677729,"walk_out":43.510276518925764,"walk_back":43.510276518925764},"rail-007502":{"out":18.249595776689237,"back":18.249595776689237,"walk_out":60.83198592229745,"walk_back":60.83198592229745},"rail-007522":{"out":26.89441899033533,"back":26.89441899033533,"walk_out":89.64806330111776,"walk_back":89.64806330111776},"rail-007462":{"out":10.65761179448601,"back":10.65761179448601,"walk_out":35.5253726482867,"walk_back":35.5253726482867},"rail-007531":{"out":21.359005619253065,"back":21.359005619253065,"walk_out":71.19668539751022,"walk_back":71.19668539751022},"rail-007213":{"out":27.44601767773998,"back":27.44601767773998,"walk_out":91.4867255924666,"walk_back":91.4867255924666},"rail-007581":{"out":13.901609035314568,"back":13.901609035314568,"walk_out":46.338696784381895,"walk_back":46.338696784381895},"rail-007382":{"out":26.51872604929057,"back":26.51872604929057,"walk_out":88.39575349763523,"walk_back":88.39575349763523},"rail-007676":{"out":29.815966049304677,"back":29.815966049304677,"walk_out":99.38655349768226,"walk_back":99.38655349768226},"rail-007633":{"out":26.093333793129435,"back":26.093333793129435,"walk_out":86.97777931043144,"walk_back":86.97777931043144},"uehommachi":{"out":25.924218434239364,"back":25.924218434239364,"walk_out":86.41406144746455,"walk_back":86.41406144746455},"rail-007164":{"out":29.900442736915018,"back":29.900442736915018,"walk_out":99.66814245638339,"walk_back":99.66814245638339},"rail-007451":{"out":24.36135665780537,"back":24.36135665780537,"walk_out":81.20452219268456,"walk_back":81.20452219268456},"tennoji":{"out":24.432570102639293,"back":24.432570102639293,"walk_out":81.44190034213098,"walk_back":81.44190034213098},"rail-007447":{"out":24.96364928629508,"back":24.96364928629508,"walk_out":83.21216428765027,"walk_back":83.21216428765027},"rail-007515":{"out":29.697497655368245,"back":29.697497655368245,"walk_out":98.99165885122748,"walk_back":98.99165885122748},"rail-007532":{"out":27.870309916401126,"back":27.870309916401126,"walk_out":92.90103305467042,"walk_back":92.90103305467042},"rail-007653":{"out":29.29315856133514,"back":29.29315856133514,"walk_out":97.64386187111714,"walk_back":97.64386187111714},"rail-007434":{"out":21.49628591094289,"back":21.49628591094289,"walk_out":71.65428636980964,"walk_back":71.65428636980964},"rail-007368":{"out":15.65820958409393,"back":15.65820958409393,"walk_out":52.19403194697977,"walk_back":52.19403194697977},"rail-007657":{"out":27.84800140782502,"back":27.84800140782502,"walk_out":92.82667135941674,"walk_back":92.82667135941674},"fuse":{"out":15.56499408505987,"back":15.56499408505987,"walk_out":51.88331361686624,"walk_back":51.88331361686624},"rail-007538":{"out":29.743590438227383,"back":29.743590438227383,"walk_out":99.14530146075793,"walk_back":99.14530146075793},"rail-007547":{"out":28.971083287543994,"back":28.971083287543994,"walk_out":96.57027762514664,"walk_back":96.57027762514664},"rail-007559":{"out":29.852169969679448,"back":29.852169969679448,"walk_out":99.50723323226482,"walk_back":99.50723323226482},"rail-007505":{"out":10.16745600539689,"back":10.16745600539689,"walk_out":33.891520017989635,"walk_back":33.891520017989635},"rail-007546":{"out":11.954905897862298,"back":11.954905897862298,"walk_out":39.84968632620766,"walk_back":39.84968632620766},"rail-007468":{"out":4.750252733120279,"back":4.750252733120279,"walk_out":15.834175777067596,"walk_back":15.834175777067596},"rail-007131":{"out":27.184085590346967,"back":27.184085590346967,"walk_out":90.6136186344899,"walk_back":90.6136186344899},"rail-007606":{"out":19.380910945584397,"back":19.380910945584397,"walk_out":64.60303648528132,"walk_back":64.60303648528132},"rail-007578":{"out":19.843582531803175,"back":19.843582531803175,"walk_out":66.14527510601059,"walk_back":66.14527510601059},"rail-007674":{"out":25.82351270967732,"back":25.82351270967732,"walk_out":86.0783756989244,"walk_back":86.0783756989244},"rail-007399":{"out":28.780336553557433,"back":28.780336553557433,"walk_out":95.93445517852477,"walk_back":95.93445517852477},"rail-007611":{"out":28.13203171125882,"back":28.13203171125882,"walk_out":93.77343903752939,"walk_back":93.77343903752939},"rail-007595":{"out":29.28838482370203,"back":29.28838482370203,"walk_out":97.62794941234012,"walk_back":97.62794941234012},"rail-007162":{"out":25.81378593178628,"back":25.81378593178628,"walk_out":86.04595310595427,"walk_back":86.04595310595427},"rail-007486":{"out":22.23355409459852,"back":22.23355409459852,"walk_out":74.11184698199507,"walk_back":74.11184698199507},"shinimamiya":{"out":29.356807521071584,"back":29.356807521071584,"walk_out":97.85602507023862,"walk_back":97.85602507023862},"rail-007427":{"out":28.753358650968693,"back":28.753358650968693,"walk_out":95.8445288365623,"walk_back":95.8445288365623},"rail-007523":{"out":4.333110288140507,"back":4.333110288140507,"walk_out":14.443700960468355,"walk_back":14.443700960468355},"rail-007297":{"out":18.66808296958844,"back":18.66808296958844,"walk_out":62.226943231961464,"walk_back":62.226943231961464},"rail-007499":{"out":22.669900418391084,"back":22.669900418391084,"walk_out":75.56633472797029,"walk_back":75.56633472797029},"rail-007528":{"out":22.92912763257913,"back":22.92912763257913,"walk_out":76.43042544193044,"walk_back":76.43042544193044},"rail-007500":{"out":25.73623519494858,"back":25.73623519494858,"walk_out":85.7874506498286,"walk_back":85.7874506498286},"higashihanazono":{"out":22.313979088580744,"back":22.313979088580744,"walk_out":74.37993029526915,"walk_back":74.37993029526915},"rail-007479":{"out":15.338846204505753,"back":15.338846204505753,"walk_out":51.12948734835251,"walk_back":51.12948734835251},"rail-007472":{"out":28.724876441683573,"back":28.724876441683573,"walk_out":95.74958813894524,"walk_back":95.74958813894524},"rail-007487":{"out":25.300283883611595,"back":25.300283883611595,"walk_out":84.33427961203866,"walk_back":84.33427961203866},"rail-007636":{"out":25.683719016502522,"back":25.683719016502522,"walk_out":85.61239672167507,"walk_back":85.61239672167507},"rail-007652":{"out":27.86035714196441,"back":27.86035714196441,"walk_out":92.86785713988137,"walk_back":92.86785713988137},"rail-007380":{"out":22.159354951053253,"back":22.159354951053253,"walk_out":73.86451650351084,"walk_back":73.86451650351084},"morinomiya":{"out":28.024875674129362,"back":28.024875674129362,"walk_out":93.41625224709787,"walk_back":93.41625224709787},"rail-007639":{"out":25.735905794213593,"back":25.735905794213593,"walk_out":85.78635264737865,"walk_back":85.78635264737865},"rail-007350":{"out":14.515811004137934,"back":14.515811004137934,"walk_out":48.386036680459775,"walk_back":48.386036680459775},"kawachi_yamamoto":{"out":14.8558630861602,"back":14.8558630861602,"walk_out":49.519543620534,"walk_back":49.519543620534},"rail-007668":{"out":26.07307764288168,"back":26.07307764288168,"walk_out":86.91025880960561,"walk_back":86.91025880960561},"rail-007345":{"out":14.750474298547847,"back":14.750474298547847,"walk_out":49.16824766182616,"walk_back":49.16824766182616},"rail-007359":{"out":20.10963787132724,"back":20.10963787132724,"walk_out":67.03212623775747,"walk_back":67.03212623775747},"rail-007470":{"out":20.41804401582414,"back":20.41804401582414,"walk_out":68.0601467194138,"walk_back":68.0601467194138},"rail-007621":{"out":23.69958669304543,"back":23.69958669304543,"walk_out":78.99862231015143,"walk_back":78.99862231015143},"fukaebashi":{"out":22.718026710549125,"back":22.718026710549125,"walk_out":75.72675570183041,"walk_back":75.72675570183041},"rail-007260":{"out":25.162452572878067,"back":25.162452572878067,"walk_out":83.87484190959356,"walk_back":83.87484190959356},"rail-007365":{"out":25.935726305786226,"back":25.935726305786226,"walk_out":86.45242101928743,"walk_back":86.45242101928743},"rail-007519":{"out":19.65222217326981,"back":19.65222217326981,"walk_out":65.5074072442327,"walk_back":65.5074072442327},"rail-007590":{"out":20.255447172771774,"back":20.255447172771774,"walk_out":67.51815724257257,"walk_back":67.51815724257257},"rail-007201":{"out":25.172849591053637,"back":25.172849591053637,"walk_out":83.90949863684546,"walk_back":83.90949863684546},"rail-007475":{"out":20.389616893775678,"back":20.389616893775678,"walk_out":67.96538964591892,"walk_back":67.96538964591892},"rail-007498":{"out":29.045491402374232,"back":29.045491402374232,"walk_out":96.81830467458077,"walk_back":96.81830467458077},"rail-007354":{"out":17.76928185610558,"back":17.76928185610558,"walk_out":59.23093952035193,"walk_back":59.23093952035193},"rail-007234":{"out":23.083134776255484,"back":23.083134776255484,"walk_out":76.94378258751827,"walk_back":76.94378258751827},"rail-007452":{"out":29.857843112677283,"back":29.857843112677283,"walk_out":99.52614370892428,"walk_back":99.52614370892428},"rail-007678":{"out":27.21513137281386,"back":27.21513137281386,"walk_out":90.71710457604621,"walk_back":90.71710457604621},"rail-007477":{"out":5.292671039364361,"back":5.292671039364361,"walk_out":17.642236797881203,"walk_back":17.642236797881203},"rail-007540":{"out":23.68778514471783,"back":23.68778514471783,"walk_out":78.9592838157261,"walk_back":78.9592838157261},"tanimachi9":{"out":27.969189761189032,"back":27.969189761189032,"walk_out":93.23063253729677,"walk_back":93.23063253729677},"tanimachi6":{"out":29.825386665913907,"back":29.825386665913907,"walk_out":99.41795555304635,"walk_back":99.41795555304635},"kintetsu_yao":{"out":9.08339652161075,"back":9.08339652161075,"walk_out":30.277988405369168,"walk_back":30.277988405369168},"rail-007562":{"out":17.922425460140573,"back":17.922425460140573,"walk_out":59.74141820046858,"walk_back":59.74141820046858},"rail-007594":{"out":12.996870207822015,"back":12.996870207822015,"walk_out":43.32290069274005,"walk_back":43.32290069274005},"nagai":{"out":25.625670018062074,"back":25.625670018062074,"walk_out":85.41890006020691,"walk_back":85.41890006020691},"rail-007425":{"out":8.215521998023233,"back":8.215521998023233,"walk_out":27.38507332674411,"walk_back":27.38507332674411},"nagata":{"out":21.601972738646726,"back":21.601972738646726,"walk_out":72.00657579548908,"walk_back":72.00657579548908},"rail-007460":{"out":24.94714050690037,"back":24.94714050690037,"walk_out":83.15713502300123,"walk_back":83.15713502300123},"rail-007543":{"out":17.406065053200173,"back":17.406065053200173,"walk_out":58.02021684400057,"walk_back":58.02021684400057},"rail-007235":{"out":21.06543401803524,"back":21.06543401803524,"walk_out":70.21811339345079,"walk_back":70.21811339345079},"rail-007229":{"out":21.219897472779472,"back":21.219897472779472,"walk_out":70.73299157593156,"walk_back":70.73299157593156},"rail-007551":{"out":17.47660131835153,"back":17.47660131835153,"walk_out":58.25533772783844,"walk_back":58.25533772783844},"rail-007569":{"out":28.43112932573508,"back":28.43112932573508,"walk_out":94.7704310857836,"walk_back":94.7704310857836},"rail-007669":{"out":27.74257075464811,"back":27.74257075464811,"walk_out":92.47523584882703,"walk_back":92.47523584882703},"rail-007679":{"out":26.733241185337057,"back":26.733241185337057,"walk_out":89.11080395112351,"walk_back":89.11080395112351},"rail-007125":{"out":29.935945697977782,"back":29.935945697977782,"walk_out":99.78648565992594,"walk_back":99.78648565992594},"rail-007556":{"out":23.354118957231663,"back":23.354118957231663,"walk_out":77.84706319077222,"walk_back":77.84706319077222},"tsuruhashi":{"out":23.39538296941601,"back":23.39538296941601,"walk_out":77.98460989805336,"walk_back":77.98460989805336}}}},{"type":"Feature","geometry":{"type":"Point","coordinates":[135.5788,34.63141]},"properties":{"id":"bodik-osaka-1167dff0f0155fad98cf","name":"久宝寺こうえんマルシェ","venue":"久宝寺緑地","address":"","category":"その他","source_category":"","date":"2026-09-27","end_date":"2026-09-27","start":null,"end":null,"schedule":"","url":"https://kyuhoji-marche.jimdofree.com/","source":"大阪府 イベント一覧（BODIK）","source_updated":"2026-09-14T08:52:41.251751","fetched_at":"2026-09-18T14:35:26.570Z","coordinate_source":"https://data.bodik.jp/ja/dataset/270008_event","fictional":false,"access":{"rail-007376":{"out":12.3360863913444,"back":12.3360863913444,"walk_out":41.120287971148,"walk_back":41.120287971148},"rail-007344":{"out":14.833195010312476,"back":14.833195010312476,"walk_out":49.443983367708256,"walk_back":49.443983367708256},"rail-007422":{"out":8.815085537781805,"back":8.815085537781805,"walk_out":29.383618459272682,"walk_back":29.383618459272682},"kyuhoji":{"out":4.5327503034730015,"back":4.5327503034730015,"walk_out":15.109167678243338,"walk_back":15.109167678243338},"rail-007491":{"out":4.5313010230363195,"back":4.5313010230363195,"walk_out":15.1043367434544,"walk_back":15.1043367434544},"rail-007529":{"out":17.60646567801607,"back":17.60646567801607,"walk_out":58.68821892672024,"walk_back":58.68821892672024},"rail-007450":{"out":28.70687434162788,"back":28.70687434162788,"walk_out":95.6895811387596,"walk_back":95.6895811387596},"rail-007459":{"out":28.677672229759636,"back":28.677672229759636,"walk_out":95.59224076586545,"walk_back":95.59224076586545},"rail-007284":{"out":20.874050828737538,"back":20.874050828737538,"walk_out":69.58016942912512,"walk_back":69.58016942912512},"rail-007342":{"out":18.202018757829997,"back":18.202018757829997,"walk_out":60.67339585943333,"walk_back":60.67339585943333},"rail-007378":{"out":12.36736585833943,"back":12.36736585833943,"walk_out":41.22455286113143,"walk_back":41.22455286113143},"rail-007549":{"out":23.72916130545068,"back":23.72916130545068,"walk_out":79.09720435150227,"walk_back":79.09720435150227},"rail-007560":{"out":9.168430406691996,"back":9.168430406691996,"walk_out":30.56143468897332,"walk_back":30.56143468897332},"rail-007618":{"out":15.27376964483595,"back":15.27376964483595,"walk_out":50.91256548278649,"walk_back":50.91256548278649},"rail-007351":{"out":14.888633534461793,"back":14.888633534461793,"walk_out":49.62877844820597,"walk_back":49.62877844820597},"rail-007582":{"out":11.092482224895164,"back":11.092482224895164,"walk_out":36.97494074965054,"walk_back":36.97494074965054},"rail-007524":{"out":4.8502657388788295,"back":4.8502657388788295,"walk_out":16.167552462929432,"walk_back":16.167552462929432},"dobutsuen":{"out":28.58622355596859,"back":28.58622355596859,"walk_out":95.28741185322863,"walk_back":95.28741185322863},"rail-007485":{"out":28.84750342346281,"back":28.84750342346281,"walk_out":96.15834474487603,"walk_back":96.15834474487603},"rail-007412":{"out":13.053082955677729,"back":13.053082955677729,"walk_out":43.510276518925764,"walk_back":43.510276518925764},"rail-007502":{"out":18.249595776689237,"back":18.249595776689237,"walk_out":60.83198592229745,"walk_back":60.83198592229745},"rail-007522":{"out":26.89441899033533,"back":26.89441899033533,"walk_out":89.64806330111776,"walk_back":89.64806330111776},"rail-007462":{"out":10.65761179448601,"back":10.65761179448601,"walk_out":35.5253726482867,"walk_back":35.5253726482867},"rail-007531":{"out":21.359005619253065,"back":21.359005619253065,"walk_out":71.19668539751022,"walk_back":71.19668539751022},"rail-007213":{"out":27.44601767773998,"back":27.44601767773998,"walk_out":91.4867255924666,"walk_back":91.4867255924666},"rail-007581":{"out":13.901609035314568,"back":13.901609035314568,"walk_out":46.338696784381895,"walk_back":46.338696784381895},"rail-007382":{"out":26.51872604929057,"back":26.51872604929057,"walk_out":88.39575349763523,"walk_back":88.39575349763523},"rail-007676":{"out":29.815966049304677,"back":29.815966049304677,"walk_out":99.38655349768226,"walk_back":99.38655349768226},"rail-007633":{"out":26.093333793129435,"back":26.093333793129435,"walk_out":86.97777931043144,"walk_back":86.97777931043144},"uehommachi":{"out":25.924218434239364,"back":25.924218434239364,"walk_out":86.41406144746455,"walk_back":86.41406144746455},"rail-007164":{"out":29.900442736915018,"back":29.900442736915018,"walk_out":99.66814245638339,"walk_back":99.66814245638339},"rail-007451":{"out":24.36135665780537,"back":24.36135665780537,"walk_out":81.20452219268456,"walk_back":81.20452219268456},"tennoji":{"out":24.432570102639293,"back":24.432570102639293,"walk_out":81.44190034213098,"walk_back":81.44190034213098},"rail-007447":{"out":24.96364928629508,"back":24.96364928629508,"walk_out":83.21216428765027,"walk_back":83.21216428765027},"rail-007515":{"out":29.697497655368245,"back":29.697497655368245,"walk_out":98.99165885122748,"walk_back":98.99165885122748},"rail-007532":{"out":27.870309916401126,"back":27.870309916401126,"walk_out":92.90103305467042,"walk_back":92.90103305467042},"rail-007653":{"out":29.29315856133514,"back":29.29315856133514,"walk_out":97.64386187111714,"walk_back":97.64386187111714},"rail-007434":{"out":21.49628591094289,"back":21.49628591094289,"walk_out":71.65428636980964,"walk_back":71.65428636980964},"rail-007368":{"out":15.65820958409393,"back":15.65820958409393,"walk_out":52.19403194697977,"walk_back":52.19403194697977},"rail-007657":{"out":27.84800140782502,"back":27.84800140782502,"walk_out":92.82667135941674,"walk_back":92.82667135941674},"fuse":{"out":15.56499408505987,"back":15.56499408505987,"walk_out":51.88331361686624,"walk_back":51.88331361686624},"rail-007538":{"out":29.743590438227383,"back":29.743590438227383,"walk_out":99.14530146075793,"walk_back":99.14530146075793},"rail-007547":{"out":28.971083287543994,"back":28.971083287543994,"walk_out":96.57027762514664,"walk_back":96.57027762514664},"rail-007559":{"out":29.852169969679448,"back":29.852169969679448,"walk_out":99.50723323226482,"walk_back":99.50723323226482},"rail-007505":{"out":10.16745600539689,"back":10.16745600539689,"walk_out":33.891520017989635,"walk_back":33.891520017989635},"rail-007546":{"out":11.954905897862298,"back":11.954905897862298,"walk_out":39.84968632620766,"walk_back":39.84968632620766},"rail-007468":{"out":4.750252733120279,"back":4.750252733120279,"walk_out":15.834175777067596,"walk_back":15.834175777067596},"rail-007131":{"out":27.184085590346967,"back":27.184085590346967,"walk_out":90.6136186344899,"walk_back":90.6136186344899},"rail-007606":{"out":19.380910945584397,"back":19.380910945584397,"walk_out":64.60303648528132,"walk_back":64.60303648528132},"rail-007578":{"out":19.843582531803175,"back":19.843582531803175,"walk_out":66.14527510601059,"walk_back":66.14527510601059},"rail-007674":{"out":25.82351270967732,"back":25.82351270967732,"walk_out":86.0783756989244,"walk_back":86.0783756989244},"rail-007399":{"out":28.780336553557433,"back":28.780336553557433,"walk_out":95.93445517852477,"walk_back":95.93445517852477},"rail-007611":{"out":28.13203171125882,"back":28.13203171125882,"walk_out":93.77343903752939,"walk_back":93.77343903752939},"rail-007595":{"out":29.28838482370203,"back":29.28838482370203,"walk_out":97.62794941234012,"walk_back":97.62794941234012},"rail-007162":{"out":25.81378593178628,"back":25.81378593178628,"walk_out":86.04595310595427,"walk_back":86.04595310595427},"rail-007486":{"out":22.23355409459852,"back":22.23355409459852,"walk_out":74.11184698199507,"walk_back":74.11184698199507},"shinimamiya":{"out":29.356807521071584,"back":29.356807521071584,"walk_out":97.85602507023862,"walk_back":97.85602507023862},"rail-007427":{"out":28.753358650968693,"back":28.753358650968693,"walk_out":95.8445288365623,"walk_back":95.8445288365623},"rail-007523":{"out":4.333110288140507,"back":4.333110288140507,"walk_out":14.443700960468355,"walk_back":14.443700960468355},"rail-007297":{"out":18.66808296958844,"back":18.66808296958844,"walk_out":62.226943231961464,"walk_back":62.226943231961464},"rail-007499":{"out":22.669900418391084,"back":22.669900418391084,"walk_out":75.56633472797029,"walk_back":75.56633472797029},"rail-007528":{"out":22.92912763257913,"back":22.92912763257913,"walk_out":76.43042544193044,"walk_back":76.43042544193044},"rail-007500":{"out":25.73623519494858,"back":25.73623519494858,"walk_out":85.7874506498286,"walk_back":85.7874506498286},"higashihanazono":{"out":22.313979088580744,"back":22.313979088580744,"walk_out":74.37993029526915,"walk_back":74.37993029526915},"rail-007479":{"out":15.338846204505753,"back":15.338846204505753,"walk_out":51.12948734835251,"walk_back":51.12948734835251},"rail-007472":{"out":28.724876441683573,"back":28.724876441683573,"walk_out":95.74958813894524,"walk_back":95.74958813894524},"rail-007487":{"out":25.300283883611595,"back":25.300283883611595,"walk_out":84.33427961203866,"walk_back":84.33427961203866},"rail-007636":{"out":25.683719016502522,"back":25.683719016502522,"walk_out":85.61239672167507,"walk_back":85.61239672167507},"rail-007652":{"out":27.86035714196441,"back":27.86035714196441,"walk_out":92.86785713988137,"walk_back":92.86785713988137},"rail-007380":{"out":22.159354951053253,"back":22.159354951053253,"walk_out":73.86451650351084,"walk_back":73.86451650351084},"morinomiya":{"out":28.024875674129362,"back":28.024875674129362,"walk_out":93.41625224709787,"walk_back":93.41625224709787},"rail-007639":{"out":25.735905794213593,"back":25.735905794213593,"walk_out":85.78635264737865,"walk_back":85.78635264737865},"rail-007350":{"out":14.515811004137934,"back":14.515811004137934,"walk_out":48.386036680459775,"walk_back":48.386036680459775},"kawachi_yamamoto":{"out":14.8558630861602,"back":14.8558630861602,"walk_out":49.519543620534,"walk_back":49.519543620534},"rail-007668":{"out":26.07307764288168,"back":26.07307764288168,"walk_out":86.91025880960561,"walk_back":86.91025880960561},"rail-007345":{"out":14.750474298547847,"back":14.750474298547847,"walk_out":49.16824766182616,"walk_back":49.16824766182616},"rail-007359":{"out":20.10963787132724,"back":20.10963787132724,"walk_out":67.03212623775747,"walk_back":67.03212623775747},"rail-007470":{"out":20.41804401582414,"back":20.41804401582414,"walk_out":68.0601467194138,"walk_back":68.0601467194138},"rail-007621":{"out":23.69958669304543,"back":23.69958669304543,"walk_out":78.99862231015143,"walk_back":78.99862231015143},"fukaebashi":{"out":22.718026710549125,"back":22.718026710549125,"walk_out":75.72675570183041,"walk_back":75.72675570183041},"rail-007260":{"out":25.162452572878067,"back":25.162452572878067,"walk_out":83.87484190959356,"walk_back":83.87484190959356},"rail-007365":{"out":25.935726305786226,"back":25.935726305786226,"walk_out":86.45242101928743,"walk_back":86.45242101928743},"rail-007519":{"out":19.65222217326981,"back":19.65222217326981,"walk_out":65.5074072442327,"walk_back":65.5074072442327},"rail-007590":{"out":20.255447172771774,"back":20.255447172771774,"walk_out":67.51815724257257,"walk_back":67.51815724257257},"rail-007201":{"out":25.172849591053637,"back":25.172849591053637,"walk_out":83.90949863684546,"walk_back":83.90949863684546},"rail-007475":{"out":20.389616893775678,"back":20.389616893775678,"walk_out":67.96538964591892,"walk_back":67.96538964591892},"rail-007498":{"out":29.045491402374232,"back":29.045491402374232,"walk_out":96.81830467458077,"walk_back":96.81830467458077},"rail-007354":{"out":17.76928185610558,"back":17.76928185610558,"walk_out":59.23093952035193,"walk_back":59.23093952035193},"rail-007234":{"out":23.083134776255484,"back":23.083134776255484,"walk_out":76.94378258751827,"walk_back":76.94378258751827},"rail-007452":{"out":29.857843112677283,"back":29.857843112677283,"walk_out":99.52614370892428,"walk_back":99.52614370892428},"rail-007678":{"out":27.21513137281386,"back":27.21513137281386,"walk_out":90.71710457604621,"walk_back":90.71710457604621},"rail-007477":{"out":5.292671039364361,"back":5.292671039364361,"walk_out":17.642236797881203,"walk_back":17.642236797881203},"rail-007540":{"out":23.68778514471783,"back":23.68778514471783,"walk_out":78.9592838157261,"walk_back":78.9592838157261},"tanimachi9":{"out":27.969189761189032,"back":27.969189761189032,"walk_out":93.23063253729677,"walk_back":93.23063253729677},"tanimachi6":{"out":29.825386665913907,"back":29.825386665913907,"walk_out":99.41795555304635,"walk_back":99.41795555304635},"kintetsu_yao":{"out":9.08339652161075,"back":9.08339652161075,"walk_out":30.277988405369168,"walk_back":30.277988405369168},"rail-007562":{"out":17.922425460140573,"back":17.922425460140573,"walk_out":59.74141820046858,"walk_back":59.74141820046858},"rail-007594":{"out":12.996870207822015,"back":12.996870207822015,"walk_out":43.32290069274005,"walk_back":43.32290069274005},"nagai":{"out":25.625670018062074,"back":25.625670018062074,"walk_out":85.41890006020691,"walk_back":85.41890006020691},"rail-007425":{"out":8.215521998023233,"back":8.215521998023233,"walk_out":27.38507332674411,"walk_back":27.38507332674411},"nagata":{"out":21.601972738646726,"back":21.601972738646726,"walk_out":72.00657579548908,"walk_back":72.00657579548908},"rail-007460":{"out":24.94714050690037,"back":24.94714050690037,"walk_out":83.15713502300123,"walk_back":83.15713502300123},"rail-007543":{"out":17.406065053200173,"back":17.406065053200173,"walk_out":58.02021684400057,"walk_back":58.02021684400057},"rail-007235":{"out":21.06543401803524,"back":21.06543401803524,"walk_out":70.21811339345079,"walk_back":70.21811339345079},"rail-007229":{"out":21.219897472779472,"back":21.219897472779472,"walk_out":70.73299157593156,"walk_back":70.73299157593156},"rail-007551":{"out":17.47660131835153,"back":17.47660131835153,"walk_out":58.25533772783844,"walk_back":58.25533772783844},"rail-007569":{"out":28.43112932573508,"back":28.43112932573508,"walk_out":94.7704310857836,"walk_back":94.7704310857836},"rail-007669":{"out":27.74257075464811,"back":27.74257075464811,"walk_out":92.47523584882703,"walk_back":92.47523584882703},"rail-007679":{"out":26.733241185337057,"back":26.733241185337057,"walk_out":89.11080395112351,"walk_back":89.11080395112351},"rail-007125":{"out":29.935945697977782,"back":29.935945697977782,"walk_out":99.78648565992594,"walk_back":99.78648565992594},"rail-007556":{"out":23.354118957231663,"back":23.354118957231663,"walk_out":77.84706319077222,"walk_back":77.84706319077222},"tsuruhashi":{"out":23.39538296941601,"back":23.39538296941601,"walk_out":77.98460989805336,"walk_back":77.98460989805336}}}},{"type":"Feature","geometry":{"type":"Point","coordinates":[135.62875,34.72735]},"properties":{"id":"bodik-osaka-c2b697710f1d22c3c009","name":"園芸の日","venue":"深北緑地","address":"","category":"その他","source_category":"","date":"2026-09-27","end_date":"2026-09-27","start":null,"end":null,"schedule":"","url":"https://fukakitaryokuchi.jp/","source":"大阪府 イベント一覧（BODIK）","source_updated":"2026-09-14T08:52:41.251751","fetched_at":"2026-09-18T14:35:26.570Z","coordinate_source":"https://data.bodik.jp/ja/dataset/270008_event","fictional":false,"access":{"rail-007070":{"out":27.443367170997583,"back":27.443367170997583,"walk_out":91.47789056999194,"walk_back":91.47789056999194},"rail-007043":{"out":9.74460877980742,"back":9.74460877980742,"walk_out":32.48202926602473,"walk_back":32.48202926602473},"rail-006953":{"out":27.065548033071128,"back":27.065548033071128,"walk_out":90.21849344357042,"walk_back":90.21849344357042},"rail-006952":{"out":29.093372237951865,"back":29.093372237951865,"walk_out":96.97790745983954,"walk_back":96.97790745983954},"rail-006769":{"out":27.61255886846995,"back":27.61255886846995,"walk_out":92.04186289489984,"walk_back":92.04186289489984},"rail-006874":{"out":14.7539194634158,"back":14.7539194634158,"walk_out":49.17973154471933,"walk_back":49.17973154471933},"rail-007213":{"out":20.968606242434852,"back":20.968606242434852,"walk_out":69.8953541414495,"walk_back":69.8953541414495},"rail-006928":{"out":4.069189302720892,"back":4.069189302720892,"walk_out":13.563964342402972,"walk_back":13.563964342402972},"rail-006927":{"out":25.25213797184844,"back":25.25213797184844,"walk_out":84.1737932394948,"walk_back":84.1737932394948},"rail-006861":{"out":11.806055451156517,"back":11.806055451156517,"walk_out":39.353518170521724,"walk_back":39.353518170521724},"dainichi":{"out":20.900588032496348,"back":20.900588032496348,"walk_out":69.66862677498783,"walk_back":69.66862677498783},"taishibashi":{"out":27.192651134491022,"back":27.192651134491022,"walk_out":90.64217044830342,"walk_back":90.64217044830342},"rail-006883":{"out":24.053037925055158,"back":24.053037925055158,"walk_out":80.1767930835172,"walk_back":80.1767930835172},"moriguchi_shi":{"out":23.509895281651346,"back":23.509895281651346,"walk_out":78.36631760550449,"walk_back":78.36631760550449},"rail-007168":{"out":28.74330544330996,"back":28.74330544330996,"walk_out":95.81101814436653,"walk_back":95.81101814436653},"rail-006813":{"out":15.41620755561964,"back":15.41620755561964,"walk_out":51.38735851873213,"walk_back":51.38735851873213},"neyagawa":{"out":16.552125418692576,"back":16.552125418692576,"walk_out":55.17375139564192,"walk_back":55.17375139564192},"rail-007131":{"out":23.2352752548228,"back":23.2352752548228,"walk_out":77.45091751607599,"walk_back":77.45091751607599},"rail-006855":{"out":10.107901118797418,"back":10.107901118797418,"walk_out":33.69300372932473,"walk_back":33.69300372932473},"rail-007162":{"out":29.69648862310409,"back":29.69648862310409,"walk_out":98.98829541034696,"walk_back":98.98829541034696},"rail-007001":{"out":26.327005404725632,"back":26.327005404725632,"walk_out":87.75668468241876,"walk_back":87.75668468241876},"rail-007215":{"out":21.474431615195158,"back":21.474431615195158,"walk_out":71.5814387173172,"walk_back":71.5814387173172},"rail-006756":{"out":21.84728799166935,"back":21.84728799166935,"walk_out":72.82429330556451,"walk_back":72.82429330556451},"higashihanazono":{"out":28.91293497619452,"back":28.91293497619452,"walk_out":96.37644992064841,"walk_back":96.37644992064841},"rail-007287":{"out":26.66423610722524,"back":26.66423610722524,"walk_out":88.88078702408413,"walk_back":88.88078702408413},"rail-007185":{"out":28.925634545919973,"back":28.925634545919973,"walk_out":96.41878181973324,"walk_back":96.41878181973324},"rail-006977":{"out":28.39247013401908,"back":28.39247013401908,"walk_out":94.64156711339695,"walk_back":94.64156711339695},"rail-007063":{"out":23.075020027949023,"back":23.075020027949023,"walk_out":76.91673342649673,"walk_back":76.91673342649673},"rail-006733":{"out":29.32335637811905,"back":29.32335637811905,"walk_out":97.74452126039684,"walk_back":97.74452126039684},"rail-006723":{"out":29.925053011634514,"back":29.925053011634514,"walk_out":99.75017670544838,"walk_back":99.75017670544838},"rail-007359":{"out":28.986214494880613,"back":28.986214494880613,"walk_out":96.62071498293538,"walk_back":96.62071498293538},"rail-006964":{"out":24.943674614007474,"back":24.943674614007474,"walk_out":83.14558204669157,"walk_back":83.14558204669157},"rail-006933":{"out":26.066787530190766,"back":26.066787530190766,"walk_out":86.88929176730255,"walk_back":86.88929176730255},"rail-007365":{"out":29.31148977460587,"back":29.31148977460587,"walk_out":97.7049659153529,"walk_back":97.7049659153529},"ikoma":{"out":29.56645574804526,"back":29.56645574804526,"walk_out":98.5548524934842,"walk_back":98.5548524934842},"rail-007219":{"out":28.495303945530598,"back":28.495303945530598,"walk_out":94.984346485102,"walk_back":94.984346485102},"rail-007178":{"out":21.229979823099516,"back":21.229979823099516,"walk_out":70.76659941033172,"walk_back":70.76659941033172},"rail-006753":{"out":27.703788278554864,"back":27.703788278554864,"walk_out":92.3459609285162,"walk_back":92.3459609285162},"rail-007354":{"out":29.530074859173947,"back":29.530074859173947,"walk_out":98.43358286391316,"walk_back":98.43358286391316},"rail-007234":{"out":23.34855530644245,"back":23.34855530644245,"walk_out":77.8285176881415,"walk_back":77.8285176881415},"rail-006845":{"out":11.017711358122734,"back":11.017711358122734,"walk_out":36.72570452707578,"walk_back":36.72570452707578},"rail-006892":{"out":19.826266179794803,"back":19.826266179794803,"walk_out":66.08755393264934,"walk_back":66.08755393264934},"rail-006983":{"out":4.980338156952437,"back":4.980338156952437,"walk_out":16.60112718984146,"walk_back":16.60112718984146},"nagata":{"out":25.457678240094175,"back":25.457678240094175,"walk_out":84.85892746698059,"walk_back":84.85892746698059},"kadoma_minami":{"out":14.075169380610964,"back":14.075169380610964,"walk_out":46.91723126870321,"walk_back":46.91723126870321},"rail-006885":{"out":17.393058802195377,"back":17.393058802195377,"walk_out":57.97686267398459,"walk_back":57.97686267398459},"rail-007207":{"out":28.67255077527318,"back":28.67255077527318,"walk_out":95.5751692509106,"walk_back":95.5751692509106},"rail-007256":{"out":24.59689297766671,"back":24.59689297766671,"walk_out":81.98964325888903,"walk_back":81.98964325888903},"rail-006699":{"out":25.458463655863522,"back":25.458463655863522,"walk_out":84.86154551954507,"walk_back":84.86154551954507},"rail-007235":{"out":29.923931869374417,"back":29.923931869374417,"walk_out":99.7464395645814,"walk_back":99.7464395645814},"rail-007229":{"out":29.840013448453327,"back":29.840013448453327,"walk_out":99.46671149484442,"walk_back":99.46671149484442},"rail-007135":{"out":29.144099371163552,"back":29.144099371163552,"walk_out":97.1469979038785,"walk_back":97.1469979038785},"rail-007084":{"out":17.02666767858345,"back":17.02666767858345,"walk_out":56.75555892861151,"walk_back":56.75555892861151},"tsurumi":{"out":19.014033806144454,"back":19.014033806144454,"walk_out":63.38011268714817,"walk_back":63.38011268714817}}}},{"type":"Feature","geometry":{"type":"Point","coordinates":[135.48764,34.61375]},"properties":{"id":"bodik-osaka-cdee91ab766957a74800","name":"ハロウィンを迎えよう！","venue":"住吉公園","address":"","category":"その他","source_category":"","date":"2026-09-29","end_date":"2026-09-29","start":null,"end":null,"schedule":"","url":"https://www.toshi-kouen.jp/staticpages/index.php/sumiyoshi_top","source":"大阪府 イベント一覧（BODIK）","source_updated":"2026-09-14T08:52:41.251751","fetched_at":"2026-09-18T14:35:26.570Z","coordinate_source":"https://data.bodik.jp/ja/dataset/270008_event","fictional":false,"access":{"namba":{"out":23.767975206189984,"back":23.767975206189984,"walk_out":79.22658402063328,"walk_back":79.22658402063328},"rail-007473":{"out":29.888994712032822,"back":29.888994712032822,"walk_out":99.62998237344274,"walk_back":99.62998237344274},"rail-007283":{"out":25.36507037382659,"back":25.36507037382659,"walk_out":84.55023457942197,"walk_back":84.55023457942197},"rail-007280":{"out":25.579911189533284,"back":25.579911189533284,"walk_out":85.26637063177762,"walk_back":85.26637063177762},"rail-007552":{"out":19.449250484559396,"back":19.449250484559396,"walk_out":64.83083494853132,"walk_back":64.83083494853132},"rail-007507":{"out":22.76679468749529,"back":22.76679468749529,"walk_out":75.88931562498429,"walk_back":75.88931562498429},"rail-007506":{"out":24.950068205646815,"back":24.950068205646815,"walk_out":83.16689401882272,"walk_back":83.16689401882272},"rail-007626":{"out":9.93838565831591,"back":9.93838565831591,"walk_out":33.12795219438637,"walk_back":33.12795219438637},"rail-007693":{"out":21.232556166056916,"back":21.232556166056916,"walk_out":70.77518722018972,"walk_back":70.77518722018972},"rail-007735":{"out":28.84116976343908,"back":28.84116976343908,"walk_out":96.13723254479693,"walk_back":96.13723254479693},"rail-007494":{"out":27.289079888069004,"back":27.289079888069004,"walk_out":90.96359962689668,"walk_back":90.96359962689668},"nakamozu":{"out":26.415340839148037,"back":26.415340839148037,"walk_out":88.05113613049346,"walk_back":88.05113613049346},"kujo":{"out":26.98971708081561,"back":26.98971708081561,"walk_out":89.9657236027187,"walk_back":89.9657236027187},"rail-007407":{"out":18.0115364370522,"back":18.0115364370522,"walk_out":60.038454790173994,"walk_back":60.038454790173994},"rail-007402":{"out":18.976874078312743,"back":18.976874078312743,"walk_out":63.25624692770915,"walk_back":63.25624692770915},"rail-007529":{"out":16.85746869314108,"back":16.85746869314108,"walk_out":56.19156231047027,"walk_back":56.19156231047027},"rail-007450":{"out":15.171914254521583,"back":15.171914254521583,"walk_out":50.57304751507194,"walk_back":50.57304751507194},"rail-007459":{"out":13.978797557860384,"back":13.978797557860384,"walk_out":46.595991859534614,"walk_back":46.595991859534614},"rail-007593":{"out":3.7741200314191805,"back":3.7741200314191805,"walk_out":12.580400104730602,"walk_back":12.580400104730602},"rail-007580":{"out":5.745590386023994,"back":5.745590386023994,"walk_out":19.151967953413315,"walk_back":19.151967953413315},"rail-007567":{"out":1.5036025370412733,"back":1.5036025370412733,"walk_out":5.012008456804244,"walk_back":5.012008456804244},"rail-007573":{"out":1.071386058333291,"back":1.071386058333291,"walk_out":3.57128686111097,"walk_back":3.57128686111097},"rail-007572":{"out":3.6426148022975324,"back":3.6426148022975324,"walk_out":12.142049340991774,"walk_back":12.142049340991774},"rail-007574":{"out":1.4108330318726754,"back":1.4108330318726754,"walk_out":4.702776772908918,"walk_back":4.702776772908918},"rail-007582":{"out":28.55726434049306,"back":28.55726434049306,"walk_out":95.19088113497686,"walk_back":95.19088113497686},"rail-007524":{"out":29.537504478430503,"back":29.537504478430503,"walk_out":98.458348261435,"walk_back":98.458348261435},"dobutsuen":{"out":16.22284634147396,"back":16.22284634147396,"walk_out":54.07615447157987,"walk_back":54.07615447157987},"rail-007544":{"out":4.5231228201544385,"back":4.5231228201544385,"walk_out":15.077076067181462,"walk_back":15.077076067181462},"rail-007485":{"out":11.039168733668761,"back":11.039168733668761,"walk_out":36.7972291122292,"walk_back":36.7972291122292},"rail-007502":{"out":17.1642416649663,"back":17.1642416649663,"walk_out":57.214138883221004,"walk_back":57.214138883221004},"rail-007522":{"out":8.88735969573275,"back":8.88735969573275,"walk_out":29.624532319109168,"walk_back":29.624532319109168},"rail-007647":{"out":17.438199030129212,"back":17.438199030129212,"walk_out":58.12733010043071,"walk_back":58.12733010043071},"rail-007462":{"out":27.250982328232816,"back":27.250982328232816,"walk_out":90.83660776077605,"walk_back":90.83660776077605},"rail-007570":{"out":15.288280322881223,"back":15.288280322881223,"walk_out":50.96093440960408,"walk_back":50.96093440960408},"rail-007571":{"out":18.053803009910474,"back":18.053803009910474,"walk_out":60.17934336636824,"walk_back":60.17934336636824},"rail-007531":{"out":13.250600987110353,"back":13.250600987110353,"walk_out":44.16866995703451,"walk_back":44.16866995703451},"rail-007581":{"out":23.67986132074072,"back":23.67986132074072,"walk_out":78.93287106913573,"walk_back":78.93287106913573},"rail-007268":{"out":26.977848315553327,"back":26.977848315553327,"walk_out":89.92616105184443,"walk_back":89.92616105184443},"rail-007382":{"out":22.112024095398315,"back":22.112024095398315,"walk_out":73.70674698466105,"walk_back":73.70674698466105},"rail-007649":{"out":15.813149560538104,"back":15.813149560538104,"walk_out":52.710498535127016,"walk_back":52.710498535127016},"rail-007660":{"out":16.569587643310662,"back":16.569587643310662,"walk_out":55.23195881103554,"walk_back":55.23195881103554},"rail-007667":{"out":16.882018748272216,"back":16.882018748272216,"walk_out":56.273395827574056,"walk_back":56.273395827574056},"rail-007534":{"out":5.052504687038202,"back":5.052504687038202,"walk_out":16.84168229012734,"walk_back":16.84168229012734},"rail-007622":{"out":8.497105599012553,"back":8.497105599012553,"walk_out":28.32368533004184,"walk_back":28.32368533004184},"rail-007395":{"out":19.289249738843807,"back":19.289249738843807,"walk_out":64.29749912947936,"walk_back":64.29749912947936},"rail-007654":{"out":16.130714722218443,"back":16.130714722218443,"walk_out":53.76904907406148,"walk_back":53.76904907406148},"taisho":{"out":23.193396937408576,"back":23.193396937408576,"walk_out":77.31132312469525,"walk_back":77.31132312469525},"uehommachi":{"out":26.097895742728404,"back":26.097895742728404,"walk_out":86.99298580909469,"walk_back":86.99298580909469},"osakako":{"out":26.437548720341002,"back":26.437548720341002,"walk_out":88.12516240113668,"walk_back":88.12516240113668},"rail-007451":{"out":17.254136370616468,"back":17.254136370616468,"walk_out":57.513787902054894,"walk_back":57.513787902054894},"rail-007483":{"out":10.905725337074989,"back":10.905725337074989,"walk_out":36.35241779024996,"walk_back":36.35241779024996},"tennoji":{"out":17.48898603576542,"back":17.48898603576542,"walk_out":58.29662011921807,"walk_back":58.29662011921807},"rail-007447":{"out":17.169790509257606,"back":17.169790509257606,"walk_out":57.23263503085868,"walk_back":57.23263503085868},"rail-007515":{"out":7.792279497988862,"back":7.792279497988862,"walk_out":25.974264993296206,"walk_back":25.974264993296206},"rail-007646":{"out":13.76489790207801,"back":13.76489790207801,"walk_out":45.882993006926704,"walk_back":45.882993006926704},"rail-007532":{"out":7.314722753474328,"back":7.314722753474328,"walk_out":24.38240917824776,"walk_back":24.38240917824776},"rail-007592":{"out":3.79473927942159,"back":3.79473927942159,"walk_out":12.6491309314053,"walk_back":12.6491309314053},"rail-007666":{"out":17.56639823424142,"back":17.56639823424142,"walk_out":58.554660780804724,"walk_back":58.554660780804724},"rail-007673":{"out":19.05609316189803,"back":19.05609316189803,"walk_out":63.5203105396601,"walk_back":63.5203105396601},"rail-007434":{"out":20.11107634381742,"back":20.11107634381742,"walk_out":67.03692114605806,"walk_back":67.03692114605806},"rail-007493":{"out":9.371024503016693,"back":9.371024503016693,"walk_out":31.23674834338898,"walk_back":31.23674834338898},"rail-007517":{"out":7.324423123045335,"back":7.324423123045335,"walk_out":24.41474374348445,"walk_back":24.41474374348445},"rail-007657":{"out":24.786824749724886,"back":24.786824749724886,"walk_out":82.62274916574962,"walk_back":82.62274916574962},"rail-007538":{"out":5.354474400949221,"back":5.354474400949221,"walk_out":17.84824800316407,"walk_back":17.84824800316407},"rail-007547":{"out":5.67475072731145,"back":5.67475072731145,"walk_out":18.91583575770483,"walk_back":18.91583575770483},"rail-007559":{"out":4.492849164241722,"back":4.492849164241722,"walk_out":14.976163880805741,"walk_back":14.976163880805741},"rail-007575":{"out":10.740783894965887,"back":10.740783894965887,"walk_out":35.802612983219625,"walk_back":35.802612983219625},"rail-007505":{"out":24.423177818483683,"back":24.423177818483683,"walk_out":81.41059272827894,"walk_back":81.41059272827894},"rail-007546":{"out":22.56773364607588,"back":22.56773364607588,"walk_out":75.22577882025294,"walk_back":75.22577882025294},"bentencho":{"out":26.734073437462925,"back":26.734073437462925,"walk_out":89.11357812487643,"walk_back":89.11357812487643},"rail-007682":{"out":20.60242488178026,"back":20.60242488178026,"walk_out":68.6747496059342,"walk_back":68.6747496059342},"shinsaibashi":{"out":27.373600161502022,"back":27.373600161502022,"walk_out":91.24533387167341,"walk_back":91.24533387167341},"rail-007399":{"out":18.85187118117474,"back":18.85187118117474,"walk_out":62.839570603915796,"walk_back":62.839570603915796},"rail-007611":{"out":11.297395241194192,"back":11.297395241194192,"walk_out":37.657984137313974,"walk_back":37.657984137313974},"rail-007609":{"out":6.985523796552969,"back":6.985523796552969,"walk_out":23.28507932184323,"walk_back":23.28507932184323},"rail-007595":{"out":8.740300802399027,"back":8.740300802399027,"walk_out":29.134336007996755,"walk_back":29.134336007996755},"rail-007607":{"out":6.00273678135479,"back":6.00273678135479,"walk_out":20.009122604515966,"walk_back":20.009122604515966},"rail-007486":{"out":14.908090259884784,"back":14.908090259884784,"walk_out":49.69363419961594,"walk_back":49.69363419961594},"shinimamiya":{"out":16.89428520420694,"back":16.89428520420694,"walk_out":56.31428401402314,"walk_back":56.31428401402314},"rail-007427":{"out":16.924087969444077,"back":16.924087969444077,"walk_out":56.41362656481359,"walk_back":56.41362656481359},"rail-007690":{"out":22.64526229867446,"back":22.64526229867446,"walk_out":75.4842076622482,"walk_back":75.4842076622482},"nipponbashi":{"out":24.444266670735217,"back":24.444266670735217,"walk_out":81.48088890245072,"walk_back":81.48088890245072},"rail-007499":{"out":13.700141685634259,"back":13.700141685634259,"walk_out":45.66713895211419,"walk_back":45.66713895211419},"rail-007370":{"out":25.306171229590618,"back":25.306171229590618,"walk_out":84.35390409863538,"walk_back":84.35390409863538},"rail-007406":{"out":18.267564189224515,"back":18.267564189224515,"walk_out":60.891880630748375,"walk_back":60.891880630748375},"rail-007623":{"out":10.807393308398025,"back":10.807393308398025,"walk_out":36.02464436132675,"walk_back":36.02464436132675},"rail-007500":{"out":11.305942150683842,"back":11.305942150683842,"walk_out":37.68647383561281,"walk_back":37.68647383561281},"rail-007699":{"out":23.603480540728864,"back":23.603480540728864,"walk_out":78.67826846909621,"walk_back":78.67826846909621},"rail-007525":{"out":6.579252741797293,"back":6.579252741797293,"walk_out":21.930842472657645,"walk_back":21.930842472657645},"rail-007553":{"out":2.693245331212966,"back":2.693245331212966,"walk_out":8.977484437376553,"walk_back":8.977484437376553},"rail-007479":{"out":21.275063081569865,"back":21.275063081569865,"walk_out":70.91687693856622,"walk_back":70.91687693856622},"rail-007250":{"out":28.935071413062772,"back":28.935071413062772,"walk_out":96.45023804354258,"walk_back":96.45023804354258},"rail-007472":{"out":12.425380493479487,"back":12.425380493479487,"walk_out":41.41793497826496,"walk_back":41.41793497826496},"rail-007487":{"out":12.629631258233585,"back":12.629631258233585,"walk_out":42.098770860778615,"walk_back":42.098770860778615},"rail-007380":{"out":24.79615160326164,"back":24.79615160326164,"walk_out":82.6538386775388,"walk_back":82.6538386775388},"rail-007364":{"out":29.55596518742838,"back":29.55596518742838,"walk_out":98.5198839580946,"walk_back":98.5198839580946},"sakuragawa":{"out":24.322900923022537,"back":24.322900923022537,"walk_out":81.07633641007513,"walk_back":81.07633641007513},"rail-007303":{"out":23.965910223743407,"back":23.965910223743407,"walk_out":79.88636741247802,"walk_back":79.88636741247802},"rail-007587":{"out":4.726028108816042,"back":4.726028108816042,"walk_out":15.753427029386804,"walk_back":15.753427029386804},"rail-007639":{"out":21.507308309212082,"back":21.507308309212082,"walk_out":71.69102769737361,"walk_back":71.69102769737361},"rail-007470":{"out":18.075113691531026,"back":18.075113691531026,"walk_out":60.25037897177008,"walk_back":60.25037897177008},"rail-007442":{"out":14.914140485370426,"back":14.914140485370426,"walk_out":49.71380161790142,"walk_back":49.71380161790142},"rail-007641":{"out":13.774524611689774,"back":13.774524611689774,"walk_out":45.91508203896591,"walk_back":45.91508203896591},"rail-007630":{"out":10.795151223138138,"back":10.795151223138138,"walk_out":35.98383741046046,"walk_back":35.98383741046046},"rail-007683":{"out":21.673044303592793,"back":21.673044303592793,"walk_out":72.24348101197597,"walk_back":72.24348101197597},"rail-007533":{"out":4.7136882878767485,"back":4.7136882878767485,"walk_out":15.712294292922497,"walk_back":15.712294292922497},"rail-007519":{"out":15.252390162846007,"back":15.252390162846007,"walk_out":50.84130054282002,"walk_back":50.84130054282002},"rail-007733":{"out":29.831459373202946,"back":29.831459373202946,"walk_out":99.4381979106765,"walk_back":99.4381979106765},"rail-007709":{"out":24.562463583473544,"back":24.562463583473544,"walk_out":81.87487861157848,"walk_back":81.87487861157848},"rail-007704":{"out":23.88078155130043,"back":23.88078155130043,"walk_out":79.60260517100143,"walk_back":79.60260517100143},"rail-007590":{"out":16.951536707509177,"back":16.951536707509177,"walk_out":56.50512235836393,"walk_back":56.50512235836393},"rail-007714":{"out":28.56752882799779,"back":28.56752882799779,"walk_out":95.22509609332597,"walk_back":95.22509609332597},"rail-007706":{"out":25.934817123459844,"back":25.934817123459844,"walk_out":86.4493904115328,"walk_back":86.4493904115328},"rail-007707":{"out":27.28218984014447,"back":27.28218984014447,"walk_out":90.94063280048157,"walk_back":90.94063280048157},"rail-007564":{"out":3.4571369493471105,"back":3.4571369493471105,"walk_out":11.523789831157034,"walk_back":11.523789831157034},"rail-007640":{"out":12.826190786728674,"back":12.826190786728674,"walk_out":42.75396928909558,"walk_back":42.75396928909558},"rail-007554":{"out":2.431696507226192,"back":2.431696507226192,"walk_out":8.105655024087305,"walk_back":8.105655024087305},"rail-007579":{"out":2.211161614854199,"back":2.211161614854199,"walk_out":7.370538716180662,"walk_back":7.370538716180662},"rail-007635":{"out":11.6053062450828,"back":11.6053062450828,"walk_out":38.684354150276,"walk_back":38.684354150276},"rail-007475":{"out":17.245828451735754,"back":17.245828451735754,"walk_out":57.48609483911918,"walk_back":57.48609483911918},"rail-007498":{"out":9.61479152781519,"back":9.61479152781519,"walk_out":32.0493050927173,"walk_back":32.0493050927173},"rail-007379":{"out":19.945345328632094,"back":19.945345328632094,"walk_out":66.48448442877364,"walk_back":66.48448442877364},"rail-007371":{"out":20.810421086083622,"back":20.810421086083622,"walk_out":69.36807028694541,"walk_back":69.36807028694541},"rail-007454":{"out":13.932768679961155,"back":13.932768679961155,"walk_out":46.44256226653718,"walk_back":46.44256226653718},"rail-007650":{"out":14.756320504060907,"back":14.756320504060907,"walk_out":49.18773501353636,"walk_back":49.18773501353636},"rail-007452":{"out":14.764643103225216,"back":14.764643103225216,"walk_out":49.21547701075072,"walk_back":49.21547701075072},"rail-007249":{"out":27.570661720936045,"back":27.570661720936045,"walk_out":91.90220573645348,"walk_back":91.90220573645348},"rail-007476":{"out":11.060865486143873,"back":11.060865486143873,"walk_out":36.86955162047958,"walk_back":36.86955162047958},"rail-007540":{"out":10.673763565127116,"back":10.673763565127116,"walk_out":35.579211883757054,"walk_back":35.579211883757054},"rail-007246":{"out":26.770096239835567,"back":26.770096239835567,"walk_out":89.23365413278523,"walk_back":89.23365413278523},"tanimachi9":{"out":25.860785651637013,"back":25.860785651637013,"walk_out":86.20261883879004,"walk_back":86.20261883879004},"tanimachi6":{"out":29.378856693000536,"back":29.378856693000536,"walk_out":97.92952231000179,"walk_back":97.92952231000179},"rail-007317":{"out":24.567350659494483,"back":24.567350659494483,"walk_out":81.89116886498161,"walk_back":81.89116886498161},"rail-007562":{"out":16.686675348333452,"back":16.686675348333452,"walk_out":55.62225116111151,"walk_back":55.62225116111151},"nagahoribashi":{"out":28.23448141076655,"back":28.23448141076655,"walk_out":94.1149380358885,"walk_back":94.1149380358885},"nagai":{"out":9.722549934837486,"back":9.722549934837486,"walk_out":32.40849978279162,"walk_back":32.40849978279162},"rail-007460":{"out":15.285642881464055,"back":15.285642881464055,"walk_out":50.95214293821351,"walk_back":50.95214293821351},"rail-007543":{"out":16.882139955198927,"back":16.882139955198927,"walk_out":56.27379985066309,"walk_back":56.27379985066309},"rail-007669":{"out":27.40373832954166,"back":27.40373832954166,"walk_out":91.34579443180553,"walk_back":91.34579443180553},"rail-007628":{"out":10.389328469919088,"back":10.389328469919088,"walk_out":34.63109489973029,"walk_back":34.63109489973029},"rail-007556":{"out":10.950032611643335,"back":10.950032611643335,"walk_out":36.500108705477786,"walk_back":36.500108705477786},"tsuruhashi":{"out":27.918040725335423,"back":27.918040725335423,"walk_out":93.06013575111808,"walk_back":93.06013575111808}}}},{"type":"Feature","geometry":{"type":"Point","coordinates":[135.57272,34.48347]},"properties":{"id":"bodik-osaka-15ee1f47b646da13acc3","name":"秋の自然観察会","venue":"錦織公園","address":"","category":"その他","source_category":"","date":"2026-09-29","end_date":"2026-09-29","start":null,"end":null,"schedule":"","url":"https://nishikori.osaka-park.or.jp/","source":"大阪府 イベント一覧（BODIK）","source_updated":"2026-09-14T08:52:41.251751","fetched_at":"2026-09-18T14:35:26.570Z","coordinate_source":"https://data.bodik.jp/ja/dataset/270008_event","fictional":false,"access":{"rail-007957":{"out":20.828540053961294,"back":20.828540053961294,"walk_out":69.42846684653765,"walk_back":69.42846684653765},"rail-007788":{"out":20.617413612512,"back":20.617413612512,"walk_out":68.72471204170667,"walk_back":68.72471204170667},"rail-007909":{"out":6.849799733320226,"back":6.849799733320226,"walk_out":22.832665777734086,"walk_back":22.832665777734086},"rail-007790":{"out":21.53486454118113,"back":21.53486454118113,"walk_out":71.78288180393709,"walk_back":71.78288180393709},"rail-007831":{"out":11.028143520070044,"back":11.028143520070044,"walk_out":36.76047840023348,"walk_back":36.76047840023348},"rail-007832":{"out":13.843085662692246,"back":13.843085662692246,"walk_out":46.14361887564082,"walk_back":46.14361887564082},"rail-007840":{"out":11.422099063896493,"back":11.422099063896493,"walk_out":38.07366354632165,"walk_back":38.07366354632165},"rail-007856":{"out":7.585042718003429,"back":7.585042718003429,"walk_out":25.283475726678095,"walk_back":25.283475726678095},"rail-007912":{"out":7.686861488821962,"back":7.686861488821962,"walk_out":25.62287162940654,"walk_back":25.62287162940654},"rail-007934":{"out":14.396198844640194,"back":14.396198844640194,"walk_out":47.98732948213398,"walk_back":47.98732948213398},"rail-007846":{"out":23.255997905858937,"back":23.255997905858937,"walk_out":77.51999301952979,"walk_back":77.51999301952979},"rail-007887":{"out":4.256666256261785,"back":4.256666256261785,"walk_out":14.188887520872617,"walk_back":14.188887520872617},"rail-007882":{"out":5.202932056618796,"back":5.202932056618796,"walk_out":17.343106855395988,"walk_back":17.343106855395988},"rail-007800":{"out":17.28315973830153,"back":17.28315973830153,"walk_out":57.61053246100511,"walk_back":57.61053246100511},"rail-007977":{"out":26.153860966146148,"back":26.153860966146148,"walk_out":87.1795365538205,"walk_back":87.1795365538205},"rail-007760":{"out":27.555077495717445,"back":27.555077495717445,"walk_out":91.85025831905816,"walk_back":91.85025831905816},"rail-007851":{"out":7.154354878288646,"back":7.154354878288646,"walk_out":23.847849594295486,"walk_back":23.847849594295486}}}},{"type":"Feature","geometry":{"type":"Point","coordinates":[135.57449,34.44807]},"properties":{"id":"bodik-osaka-d53b3e936f653c1fbf80","name":"長野公園　ハロウィン","venue":"長野公園","address":"","category":"その他","source_category":"","date":"2026-10-01","end_date":"2026-10-31","start":null,"end":null,"schedule":"","url":"https://www.toshi-kouen.jp/staticpages/index.php/nagano_top","source":"大阪府 イベント一覧（BODIK）","source_updated":"2026-09-14T08:52:41.251751","fetched_at":"2026-09-18T14:35:26.570Z","coordinate_source":"https://data.bodik.jp/ja/dataset/270008_event","fictional":false,"access":{"rail-007957":{"out":5.2069842147972345,"back":5.2069842147972345,"walk_out":17.356614049324115,"walk_back":17.356614049324115},"rail-007909":{"out":9.778991152974498,"back":9.778991152974498,"walk_out":32.596637176581666,"walk_back":32.596637176581666},"rail-007991":{"out":17.1613808720401,"back":17.1613808720401,"walk_out":57.20460290680034,"walk_back":57.20460290680034},"rail-007831":{"out":25.98661862785348,"back":25.98661862785348,"walk_out":86.62206209284493,"walk_back":86.62206209284493},"rail-008028":{"out":23.7307399542312,"back":23.7307399542312,"walk_out":79.10246651410401,"walk_back":79.10246651410401},"rail-007832":{"out":26.812608701208912,"back":26.812608701208912,"walk_out":89.37536233736304,"walk_back":89.37536233736304},"rail-007840":{"out":24.555906563430973,"back":24.555906563430973,"walk_out":81.85302187810325,"walk_back":81.85302187810325},"rail-007856":{"out":20.404144890821296,"back":20.404144890821296,"walk_out":68.01381630273765,"walk_back":68.01381630273765},"rail-007912":{"out":8.592841972845187,"back":8.592841972845187,"walk_out":28.642806576150626,"walk_back":28.642806576150626},"rail-007934":{"out":1.435968780144363,"back":1.435968780144363,"walk_out":4.7865626004812105,"walk_back":4.7865626004812105},"rail-007887":{"out":14.72932141621519,"back":14.72932141621519,"walk_out":49.09773805405064,"walk_back":49.09773805405064},"rail-007882":{"out":15.48011079495993,"back":15.48011079495993,"walk_out":51.600369316533104,"walk_back":51.600369316533104},"rail-007977":{"out":10.402477503381059,"back":10.402477503381059,"walk_out":34.6749250112702,"walk_back":34.6749250112702},"rail-007851":{"out":21.69748123913452,"back":21.69748123913452,"walk_out":72.32493746378174,"walk_back":72.32493746378174}}}},{"type":"Feature","geometry":{"type":"Point","coordinates":[135.57449,34.44807]},"properties":{"id":"bodik-osaka-160a480449c0b98ee41e","name":"長野公園ミニミニ縁日","venue":"長野公園","address":"","category":"その他","source_category":"","date":"2026-10-03","end_date":"2026-10-03","start":null,"end":null,"schedule":"","url":"https://www.toshi-kouen.jp/staticpages/index.php/nagano_top","source":"大阪府 イベント一覧（BODIK）","source_updated":"2026-09-14T08:52:41.251751","fetched_at":"2026-09-18T14:35:26.570Z","coordinate_source":"https://data.bodik.jp/ja/dataset/270008_event","fictional":false,"access":{"rail-007957":{"out":5.2069842147972345,"back":5.2069842147972345,"walk_out":17.356614049324115,"walk_back":17.356614049324115},"rail-007909":{"out":9.778991152974498,"back":9.778991152974498,"walk_out":32.596637176581666,"walk_back":32.596637176581666},"rail-007991":{"out":17.1613808720401,"back":17.1613808720401,"walk_out":57.20460290680034,"walk_back":57.20460290680034},"rail-007831":{"out":25.98661862785348,"back":25.98661862785348,"walk_out":86.62206209284493,"walk_back":86.62206209284493},"rail-008028":{"out":23.7307399542312,"back":23.7307399542312,"walk_out":79.10246651410401,"walk_back":79.10246651410401},"rail-007832":{"out":26.812608701208912,"back":26.812608701208912,"walk_out":89.37536233736304,"walk_back":89.37536233736304},"rail-007840":{"out":24.555906563430973,"back":24.555906563430973,"walk_out":81.85302187810325,"walk_back":81.85302187810325},"rail-007856":{"out":20.404144890821296,"back":20.404144890821296,"walk_out":68.01381630273765,"walk_back":68.01381630273765},"rail-007912":{"out":8.592841972845187,"back":8.592841972845187,"walk_out":28.642806576150626,"walk_back":28.642806576150626},"rail-007934":{"out":1.435968780144363,"back":1.435968780144363,"walk_out":4.7865626004812105,"walk_back":4.7865626004812105},"rail-007887":{"out":14.72932141621519,"back":14.72932141621519,"walk_out":49.09773805405064,"walk_back":49.09773805405064},"rail-007882":{"out":15.48011079495993,"back":15.48011079495993,"walk_out":51.600369316533104,"walk_back":51.600369316533104},"rail-007977":{"out":10.402477503381059,"back":10.402477503381059,"walk_out":34.6749250112702,"walk_back":34.6749250112702},"rail-007851":{"out":21.69748123913452,"back":21.69748123913452,"walk_out":72.32493746378174,"walk_back":72.32493746378174}}}},{"type":"Feature","geometry":{"type":"Point","coordinates":[135.5788,34.63141]},"properties":{"id":"bodik-osaka-827bce89415bf19b83a5","name":"ノルディックウォーク講習会","venue":"久宝寺緑地","address":"","category":"その他","source_category":"","date":"2026-10-04","end_date":"2026-10-04","start":null,"end":null,"schedule":"","url":"https://kyuhoji-ryokuchi.jp/","source":"大阪府 イベント一覧（BODIK）","source_updated":"2026-09-14T08:52:41.251751","fetched_at":"2026-09-18T14:35:26.570Z","coordinate_source":"https://data.bodik.jp/ja/dataset/270008_event","fictional":false,"access":{"rail-007376":{"out":12.3360863913444,"back":12.3360863913444,"walk_out":41.120287971148,"walk_back":41.120287971148},"rail-007344":{"out":14.833195010312476,"back":14.833195010312476,"walk_out":49.443983367708256,"walk_back":49.443983367708256},"rail-007422":{"out":8.815085537781805,"back":8.815085537781805,"walk_out":29.383618459272682,"walk_back":29.383618459272682},"kyuhoji":{"out":4.5327503034730015,"back":4.5327503034730015,"walk_out":15.109167678243338,"walk_back":15.109167678243338},"rail-007491":{"out":4.5313010230363195,"back":4.5313010230363195,"walk_out":15.1043367434544,"walk_back":15.1043367434544},"rail-007529":{"out":17.60646567801607,"back":17.60646567801607,"walk_out":58.68821892672024,"walk_back":58.68821892672024},"rail-007450":{"out":28.70687434162788,"back":28.70687434162788,"walk_out":95.6895811387596,"walk_back":95.6895811387596},"rail-007459":{"out":28.677672229759636,"back":28.677672229759636,"walk_out":95.59224076586545,"walk_back":95.59224076586545},"rail-007284":{"out":20.874050828737538,"back":20.874050828737538,"walk_out":69.58016942912512,"walk_back":69.58016942912512},"rail-007342":{"out":18.202018757829997,"back":18.202018757829997,"walk_out":60.67339585943333,"walk_back":60.67339585943333},"rail-007378":{"out":12.36736585833943,"back":12.36736585833943,"walk_out":41.22455286113143,"walk_back":41.22455286113143},"rail-007549":{"out":23.72916130545068,"back":23.72916130545068,"walk_out":79.09720435150227,"walk_back":79.09720435150227},"rail-007560":{"out":9.168430406691996,"back":9.168430406691996,"walk_out":30.56143468897332,"walk_back":30.56143468897332},"rail-007618":{"out":15.27376964483595,"back":15.27376964483595,"walk_out":50.91256548278649,"walk_back":50.91256548278649},"rail-007351":{"out":14.888633534461793,"back":14.888633534461793,"walk_out":49.62877844820597,"walk_back":49.62877844820597},"rail-007582":{"out":11.092482224895164,"back":11.092482224895164,"walk_out":36.97494074965054,"walk_back":36.97494074965054},"rail-007524":{"out":4.8502657388788295,"back":4.8502657388788295,"walk_out":16.167552462929432,"walk_back":16.167552462929432},"dobutsuen":{"out":28.58622355596859,"back":28.58622355596859,"walk_out":95.28741185322863,"walk_back":95.28741185322863},"rail-007485":{"out":28.84750342346281,"back":28.84750342346281,"walk_out":96.15834474487603,"walk_back":96.15834474487603},"rail-007412":{"out":13.053082955677729,"back":13.053082955677729,"walk_out":43.510276518925764,"walk_back":43.510276518925764},"rail-007502":{"out":18.249595776689237,"back":18.249595776689237,"walk_out":60.83198592229745,"walk_back":60.83198592229745},"rail-007522":{"out":26.89441899033533,"back":26.89441899033533,"walk_out":89.64806330111776,"walk_back":89.64806330111776},"rail-007462":{"out":10.65761179448601,"back":10.65761179448601,"walk_out":35.5253726482867,"walk_back":35.5253726482867},"rail-007531":{"out":21.359005619253065,"back":21.359005619253065,"walk_out":71.19668539751022,"walk_back":71.19668539751022},"rail-007213":{"out":27.44601767773998,"back":27.44601767773998,"walk_out":91.4867255924666,"walk_back":91.4867255924666},"rail-007581":{"out":13.901609035314568,"back":13.901609035314568,"walk_out":46.338696784381895,"walk_back":46.338696784381895},"rail-007382":{"out":26.51872604929057,"back":26.51872604929057,"walk_out":88.39575349763523,"walk_back":88.39575349763523},"rail-007676":{"out":29.815966049304677,"back":29.815966049304677,"walk_out":99.38655349768226,"walk_back":99.38655349768226},"rail-007633":{"out":26.093333793129435,"back":26.093333793129435,"walk_out":86.97777931043144,"walk_back":86.97777931043144},"uehommachi":{"out":25.924218434239364,"back":25.924218434239364,"walk_out":86.41406144746455,"walk_back":86.41406144746455},"rail-007164":{"out":29.900442736915018,"back":29.900442736915018,"walk_out":99.66814245638339,"walk_back":99.66814245638339},"rail-007451":{"out":24.36135665780537,"back":24.36135665780537,"walk_out":81.20452219268456,"walk_back":81.20452219268456},"tennoji":{"out":24.432570102639293,"back":24.432570102639293,"walk_out":81.44190034213098,"walk_back":81.44190034213098},"rail-007447":{"out":24.96364928629508,"back":24.96364928629508,"walk_out":83.21216428765027,"walk_back":83.21216428765027},"rail-007515":{"out":29.697497655368245,"back":29.697497655368245,"walk_out":98.99165885122748,"walk_back":98.99165885122748},"rail-007532":{"out":27.870309916401126,"back":27.870309916401126,"walk_out":92.90103305467042,"walk_back":92.90103305467042},"rail-007653":{"out":29.29315856133514,"back":29.29315856133514,"walk_out":97.64386187111714,"walk_back":97.64386187111714},"rail-007434":{"out":21.49628591094289,"back":21.49628591094289,"walk_out":71.65428636980964,"walk_back":71.65428636980964},"rail-007368":{"out":15.65820958409393,"back":15.65820958409393,"walk_out":52.19403194697977,"walk_back":52.19403194697977},"rail-007657":{"out":27.84800140782502,"back":27.84800140782502,"walk_out":92.82667135941674,"walk_back":92.82667135941674},"fuse":{"out":15.56499408505987,"back":15.56499408505987,"walk_out":51.88331361686624,"walk_back":51.88331361686624},"rail-007538":{"out":29.743590438227383,"back":29.743590438227383,"walk_out":99.14530146075793,"walk_back":99.14530146075793},"rail-007547":{"out":28.971083287543994,"back":28.971083287543994,"walk_out":96.57027762514664,"walk_back":96.57027762514664},"rail-007559":{"out":29.852169969679448,"back":29.852169969679448,"walk_out":99.50723323226482,"walk_back":99.50723323226482},"rail-007505":{"out":10.16745600539689,"back":10.16745600539689,"walk_out":33.891520017989635,"walk_back":33.891520017989635},"rail-007546":{"out":11.954905897862298,"back":11.954905897862298,"walk_out":39.84968632620766,"walk_back":39.84968632620766},"rail-007468":{"out":4.750252733120279,"back":4.750252733120279,"walk_out":15.834175777067596,"walk_back":15.834175777067596},"rail-007131":{"out":27.184085590346967,"back":27.184085590346967,"walk_out":90.6136186344899,"walk_back":90.6136186344899},"rail-007606":{"out":19.380910945584397,"back":19.380910945584397,"walk_out":64.60303648528132,"walk_back":64.60303648528132},"rail-007578":{"out":19.843582531803175,"back":19.843582531803175,"walk_out":66.14527510601059,"walk_back":66.14527510601059},"rail-007674":{"out":25.82351270967732,"back":25.82351270967732,"walk_out":86.0783756989244,"walk_back":86.0783756989244},"rail-007399":{"out":28.780336553557433,"back":28.780336553557433,"walk_out":95.93445517852477,"walk_back":95.93445517852477},"rail-007611":{"out":28.13203171125882,"back":28.13203171125882,"walk_out":93.77343903752939,"walk_back":93.77343903752939},"rail-007595":{"out":29.28838482370203,"back":29.28838482370203,"walk_out":97.62794941234012,"walk_back":97.62794941234012},"rail-007162":{"out":25.81378593178628,"back":25.81378593178628,"walk_out":86.04595310595427,"walk_back":86.04595310595427},"rail-007486":{"out":22.23355409459852,"back":22.23355409459852,"walk_out":74.11184698199507,"walk_back":74.11184698199507},"shinimamiya":{"out":29.356807521071584,"back":29.356807521071584,"walk_out":97.85602507023862,"walk_back":97.85602507023862},"rail-007427":{"out":28.753358650968693,"back":28.753358650968693,"walk_out":95.8445288365623,"walk_back":95.8445288365623},"rail-007523":{"out":4.333110288140507,"back":4.333110288140507,"walk_out":14.443700960468355,"walk_back":14.443700960468355},"rail-007297":{"out":18.66808296958844,"back":18.66808296958844,"walk_out":62.226943231961464,"walk_back":62.226943231961464},"rail-007499":{"out":22.669900418391084,"back":22.669900418391084,"walk_out":75.56633472797029,"walk_back":75.56633472797029},"rail-007528":{"out":22.92912763257913,"back":22.92912763257913,"walk_out":76.43042544193044,"walk_back":76.43042544193044},"rail-007500":{"out":25.73623519494858,"back":25.73623519494858,"walk_out":85.7874506498286,"walk_back":85.7874506498286},"higashihanazono":{"out":22.313979088580744,"back":22.313979088580744,"walk_out":74.37993029526915,"walk_back":74.37993029526915},"rail-007479":{"out":15.338846204505753,"back":15.338846204505753,"walk_out":51.12948734835251,"walk_back":51.12948734835251},"rail-007472":{"out":28.724876441683573,"back":28.724876441683573,"walk_out":95.74958813894524,"walk_back":95.74958813894524},"rail-007487":{"out":25.300283883611595,"back":25.300283883611595,"walk_out":84.33427961203866,"walk_back":84.33427961203866},"rail-007636":{"out":25.683719016502522,"back":25.683719016502522,"walk_out":85.61239672167507,"walk_back":85.61239672167507},"rail-007652":{"out":27.86035714196441,"back":27.86035714196441,"walk_out":92.86785713988137,"walk_back":92.86785713988137},"rail-007380":{"out":22.159354951053253,"back":22.159354951053253,"walk_out":73.86451650351084,"walk_back":73.86451650351084},"morinomiya":{"out":28.024875674129362,"back":28.024875674129362,"walk_out":93.41625224709787,"walk_back":93.41625224709787},"rail-007639":{"out":25.735905794213593,"back":25.735905794213593,"walk_out":85.78635264737865,"walk_back":85.78635264737865},"rail-007350":{"out":14.515811004137934,"back":14.515811004137934,"walk_out":48.386036680459775,"walk_back":48.386036680459775},"kawachi_yamamoto":{"out":14.8558630861602,"back":14.8558630861602,"walk_out":49.519543620534,"walk_back":49.519543620534},"rail-007668":{"out":26.07307764288168,"back":26.07307764288168,"walk_out":86.91025880960561,"walk_back":86.91025880960561},"rail-007345":{"out":14.750474298547847,"back":14.750474298547847,"walk_out":49.16824766182616,"walk_back":49.16824766182616},"rail-007359":{"out":20.10963787132724,"back":20.10963787132724,"walk_out":67.03212623775747,"walk_back":67.03212623775747},"rail-007470":{"out":20.41804401582414,"back":20.41804401582414,"walk_out":68.0601467194138,"walk_back":68.0601467194138},"rail-007621":{"out":23.69958669304543,"back":23.69958669304543,"walk_out":78.99862231015143,"walk_back":78.99862231015143},"fukaebashi":{"out":22.718026710549125,"back":22.718026710549125,"walk_out":75.72675570183041,"walk_back":75.72675570183041},"rail-007260":{"out":25.162452572878067,"back":25.162452572878067,"walk_out":83.87484190959356,"walk_back":83.87484190959356},"rail-007365":{"out":25.935726305786226,"back":25.935726305786226,"walk_out":86.45242101928743,"walk_back":86.45242101928743},"rail-007519":{"out":19.65222217326981,"back":19.65222217326981,"walk_out":65.5074072442327,"walk_back":65.5074072442327},"rail-007590":{"out":20.255447172771774,"back":20.255447172771774,"walk_out":67.51815724257257,"walk_back":67.51815724257257},"rail-007201":{"out":25.172849591053637,"back":25.172849591053637,"walk_out":83.90949863684546,"walk_back":83.90949863684546},"rail-007475":{"out":20.389616893775678,"back":20.389616893775678,"walk_out":67.96538964591892,"walk_back":67.96538964591892},"rail-007498":{"out":29.045491402374232,"back":29.045491402374232,"walk_out":96.81830467458077,"walk_back":96.81830467458077},"rail-007354":{"out":17.76928185610558,"back":17.76928185610558,"walk_out":59.23093952035193,"walk_back":59.23093952035193},"rail-007234":{"out":23.083134776255484,"back":23.083134776255484,"walk_out":76.94378258751827,"walk_back":76.94378258751827},"rail-007452":{"out":29.857843112677283,"back":29.857843112677283,"walk_out":99.52614370892428,"walk_back":99.52614370892428},"rail-007678":{"out":27.21513137281386,"back":27.21513137281386,"walk_out":90.71710457604621,"walk_back":90.71710457604621},"rail-007477":{"out":5.292671039364361,"back":5.292671039364361,"walk_out":17.642236797881203,"walk_back":17.642236797881203},"rail-007540":{"out":23.68778514471783,"back":23.68778514471783,"walk_out":78.9592838157261,"walk_back":78.9592838157261},"tanimachi9":{"out":27.969189761189032,"back":27.969189761189032,"walk_out":93.23063253729677,"walk_back":93.23063253729677},"tanimachi6":{"out":29.825386665913907,"back":29.825386665913907,"walk_out":99.41795555304635,"walk_back":99.41795555304635},"kintetsu_yao":{"out":9.08339652161075,"back":9.08339652161075,"walk_out":30.277988405369168,"walk_back":30.277988405369168},"rail-007562":{"out":17.922425460140573,"back":17.922425460140573,"walk_out":59.74141820046858,"walk_back":59.74141820046858},"rail-007594":{"out":12.996870207822015,"back":12.996870207822015,"walk_out":43.32290069274005,"walk_back":43.32290069274005},"nagai":{"out":25.625670018062074,"back":25.625670018062074,"walk_out":85.41890006020691,"walk_back":85.41890006020691},"rail-007425":{"out":8.215521998023233,"back":8.215521998023233,"walk_out":27.38507332674411,"walk_back":27.38507332674411},"nagata":{"out":21.601972738646726,"back":21.601972738646726,"walk_out":72.00657579548908,"walk_back":72.00657579548908},"rail-007460":{"out":24.94714050690037,"back":24.94714050690037,"walk_out":83.15713502300123,"walk_back":83.15713502300123},"rail-007543":{"out":17.406065053200173,"back":17.406065053200173,"walk_out":58.02021684400057,"walk_back":58.02021684400057},"rail-007235":{"out":21.06543401803524,"back":21.06543401803524,"walk_out":70.21811339345079,"walk_back":70.21811339345079},"rail-007229":{"out":21.219897472779472,"back":21.219897472779472,"walk_out":70.73299157593156,"walk_back":70.73299157593156},"rail-007551":{"out":17.47660131835153,"back":17.47660131835153,"walk_out":58.25533772783844,"walk_back":58.25533772783844},"rail-007569":{"out":28.43112932573508,"back":28.43112932573508,"walk_out":94.7704310857836,"walk_back":94.7704310857836},"rail-007669":{"out":27.74257075464811,"back":27.74257075464811,"walk_out":92.47523584882703,"walk_back":92.47523584882703},"rail-007679":{"out":26.733241185337057,"back":26.733241185337057,"walk_out":89.11080395112351,"walk_back":89.11080395112351},"rail-007125":{"out":29.935945697977782,"back":29.935945697977782,"walk_out":99.78648565992594,"walk_back":99.78648565992594},"rail-007556":{"out":23.354118957231663,"back":23.354118957231663,"walk_out":77.84706319077222,"walk_back":77.84706319077222},"tsuruhashi":{"out":23.39538296941601,"back":23.39538296941601,"walk_out":77.98460989805336,"walk_back":77.98460989805336}}}},{"type":"Feature","geometry":{"type":"Point","coordinates":[135.19203,34.33656]},"properties":{"id":"bodik-osaka-3d15d652f78356ba5f9e","name":"ウミホタル　ウォッチング","venue":"せんなん里海公園","address":"","category":"その他","source_category":"","date":"2026-10-04","end_date":"2026-10-04","start":null,"end":null,"schedule":"","url":"https://sennan.osaka-park.or.jp/event/","source":"大阪府 イベント一覧（BODIK）","source_updated":"2026-09-14T08:52:41.251751","fetched_at":"2026-09-18T14:35:26.570Z","coordinate_source":"https://data.bodik.jp/ja/dataset/270008_event","fictional":false,"access":{"rail-008219":{"out":12.688526324214456,"back":12.688526324214456,"walk_out":42.295087747381515,"walk_back":42.295087747381515},"rail-008173":{"out":26.263775158760385,"back":26.263775158760385,"walk_out":87.54591719586794,"walk_back":87.54591719586794},"rail-008237":{"out":21.981404262191038,"back":21.981404262191038,"walk_out":73.2713475406368,"walk_back":73.2713475406368},"rail-008274":{"out":25.365815220531008,"back":25.365815220531008,"walk_out":84.55271740177002,"walk_back":84.55271740177002},"rail-008141":{"out":20.731608804550113,"back":20.731608804550113,"walk_out":69.10536268183371,"walk_back":69.10536268183371},"rail-008217":{"out":28.937244496309816,"back":28.937244496309816,"walk_out":96.45748165436606,"walk_back":96.45748165436606},"rail-008210":{"out":5.432749602977661,"back":5.432749602977661,"walk_out":18.10916534325887,"walk_back":18.10916534325887},"rail-008236":{"out":20.494586387921448,"back":20.494586387921448,"walk_out":68.31528795973816,"walk_back":68.31528795973816},"rail-008233":{"out":18.083819934813295,"back":18.083819934813295,"walk_out":60.27939978271098,"walk_back":60.27939978271098},"rail-008179":{"out":7.847971472835316,"back":7.847971472835316,"walk_out":26.159904909451054,"walk_back":26.159904909451054},"rail-008161":{"out":16.01218193253327,"back":16.01218193253327,"walk_out":53.3739397751109,"walk_back":53.3739397751109}}}},{"type":"Feature","geometry":{"type":"Point","coordinates":[135.19203,34.33656]},"properties":{"id":"bodik-osaka-ff12c32d745f337a2217","name":"タッチングプール＆里海mini縁日","venue":"せんなん里海公園","address":"","category":"その他","source_category":"","date":"2026-10-04","end_date":"2026-10-04","start":null,"end":null,"schedule":"","url":"https://sennan.osaka-park.or.jp/2026/03/14/%e3%82%bf%e3%83%83%e3%83%81%e3%83%b3%e3%82%b0%e3%83%97%e3%83%bc%e3%83%ab%ef%bc%86%e9%87%8c%e6%b5%b7mini%e7%b7%91%e6%97%a5/","source":"大阪府 イベント一覧（BODIK）","source_updated":"2026-09-14T08:52:41.251751","fetched_at":"2026-09-18T14:35:26.570Z","coordinate_source":"https://data.bodik.jp/ja/dataset/270008_event","fictional":false,"access":{"rail-008219":{"out":12.688526324214456,"back":12.688526324214456,"walk_out":42.295087747381515,"walk_back":42.295087747381515},"rail-008173":{"out":26.263775158760385,"back":26.263775158760385,"walk_out":87.54591719586794,"walk_back":87.54591719586794},"rail-008237":{"out":21.981404262191038,"back":21.981404262191038,"walk_out":73.2713475406368,"walk_back":73.2713475406368},"rail-008274":{"out":25.365815220531008,"back":25.365815220531008,"walk_out":84.55271740177002,"walk_back":84.55271740177002},"rail-008141":{"out":20.731608804550113,"back":20.731608804550113,"walk_out":69.10536268183371,"walk_back":69.10536268183371},"rail-008217":{"out":28.937244496309816,"back":28.937244496309816,"walk_out":96.45748165436606,"walk_back":96.45748165436606},"rail-008210":{"out":5.432749602977661,"back":5.432749602977661,"walk_out":18.10916534325887,"walk_back":18.10916534325887},"rail-008236":{"out":20.494586387921448,"back":20.494586387921448,"walk_out":68.31528795973816,"walk_back":68.31528795973816},"rail-008233":{"out":18.083819934813295,"back":18.083819934813295,"walk_out":60.27939978271098,"walk_back":60.27939978271098},"rail-008179":{"out":7.847971472835316,"back":7.847971472835316,"walk_out":26.159904909451054,"walk_back":26.159904909451054},"rail-008161":{"out":16.01218193253327,"back":16.01218193253327,"walk_out":53.3739397751109,"walk_back":53.3739397751109}}}},{"type":"Feature","geometry":{"type":"Point","coordinates":[135.52419,34.56602]},"properties":{"id":"bodik-osaka-226f8d83a4340b9b2e08","name":"～糸で遊ぶ～　小さな手織りの敷物作り","venue":"大泉緑地","address":"","category":"その他","source_category":"","date":"2026-10-04","end_date":"2026-10-04","start":null,"end":null,"schedule":"","url":"https://oizumi.osaka-park.or.jp/","source":"大阪府 イベント一覧（BODIK）","source_updated":"2026-09-14T08:52:41.251751","fetched_at":"2026-09-18T14:35:26.570Z","coordinate_source":"https://data.bodik.jp/ja/dataset/270008_event","fictional":false,"access":{"rail-007626":{"out":19.782737707068787,"back":19.782737707068787,"walk_out":65.94245902356262,"walk_back":65.94245902356262},"rail-007693":{"out":11.508299122151096,"back":11.508299122151096,"walk_out":38.360997073836984,"walk_back":38.360997073836984},"rail-007735":{"out":18.45761170514828,"back":18.45761170514828,"walk_out":61.52537235049428,"walk_back":61.52537235049428},"nakamozu":{"out":7.825155483123821,"back":7.825155483123821,"walk_out":26.083851610412733,"walk_back":26.083851610412733},"rail-007529":{"out":26.932501752829193,"back":26.932501752829193,"walk_out":89.77500584276397,"walk_back":89.77500584276397},"rail-007593":{"out":22.139987025212935,"back":22.139987025212935,"walk_out":73.79995675070978,"walk_back":73.79995675070978},"rail-007580":{"out":26.70193046804018,"back":26.70193046804018,"walk_out":89.00643489346727,"walk_back":89.00643489346727},"rail-007567":{"out":24.401886974168463,"back":24.401886974168463,"walk_out":81.33962324722822,"walk_back":81.33962324722822},"rail-007573":{"out":24.16017542163456,"back":24.16017542163456,"walk_out":80.5339180721152,"walk_back":80.5339180721152},"rail-007572":{"out":23.20303579519925,"back":23.20303579519925,"walk_out":77.34345265066416,"walk_back":77.34345265066416},"rail-007574":{"out":23.95964628473421,"back":23.95964628473421,"walk_out":79.8654876157807,"walk_back":79.8654876157807},"rail-007618":{"out":25.57037607539488,"back":25.57037607539488,"walk_out":85.23458691798292,"walk_back":85.23458691798292},"rail-007582":{"out":24.37248373843173,"back":24.37248373843173,"walk_out":81.2416124614391,"walk_back":81.2416124614391},"rail-007747":{"out":10.617176062024015,"back":10.617176062024015,"walk_out":35.39058687341338,"walk_back":35.39058687341338},"rail-007544":{"out":29.562122294659005,"back":29.562122294659005,"walk_out":98.54040764886335,"walk_back":98.54040764886335},"rail-007502":{"out":29.411408570526255,"back":29.411408570526255,"walk_out":98.03802856842086,"walk_back":98.03802856842086},"rail-007522":{"out":28.10335159471841,"back":28.10335159471841,"walk_out":93.67783864906137,"walk_back":93.67783864906137},"rail-007647":{"out":7.864197344160726,"back":7.864197344160726,"walk_out":26.213991147202417,"walk_back":26.213991147202417},"rail-007788":{"out":20.392383079668765,"back":20.392383079668765,"walk_out":67.97461026556255,"walk_back":67.97461026556255},"rail-007531":{"out":26.510019580701197,"back":26.510019580701197,"walk_out":88.36673193567066,"walk_back":88.36673193567066},"rail-007581":{"out":21.7498061262108,"back":21.7498061262108,"walk_out":72.499353754036,"walk_back":72.499353754036},"rail-007649":{"out":21.516349302148946,"back":21.516349302148946,"walk_out":71.72116434049649,"walk_back":71.72116434049649},"rail-007660":{"out":10.67593136837051,"back":10.67593136837051,"walk_out":35.58643789456836,"walk_back":35.58643789456836},"rail-007667":{"out":14.994350618982999,"back":14.994350618982999,"walk_out":49.98116872994333,"walk_back":49.98116872994333},"rail-007534":{"out":27.787893287651542,"back":27.787893287651542,"walk_out":92.62631095883847,"walk_back":92.62631095883847},"rail-007622":{"out":18.714959319426644,"back":18.714959319426644,"walk_out":62.38319773142214,"walk_back":62.38319773142214},"rail-007654":{"out":19.1043932292385,"back":19.1043932292385,"walk_out":63.68131076412834,"walk_back":63.68131076412834},"rail-007831":{"out":29.827540712763508,"back":29.827540712763508,"walk_out":99.42513570921169,"walk_back":99.42513570921169},"rail-007515":{"out":29.72360462112311,"back":29.72360462112311,"walk_out":99.07868207041037,"walk_back":99.07868207041037},"rail-007646":{"out":18.411155121287468,"back":18.411155121287468,"walk_out":61.37051707095823,"walk_back":61.37051707095823},"rail-007532":{"out":26.95490744390536,"back":26.95490744390536,"walk_out":89.84969147968454,"walk_back":89.84969147968454},"rail-007592":{"out":21.532375314448604,"back":21.532375314448604,"walk_out":71.77458438149534,"walk_back":71.77458438149534},"rail-007666":{"out":19.66130724040419,"back":19.66130724040419,"walk_out":65.53769080134731,"walk_back":65.53769080134731},"rail-007673":{"out":20.351618163073688,"back":20.351618163073688,"walk_out":67.83872721024562,"walk_back":67.83872721024562},"rail-007517":{"out":29.694190029435948,"back":29.694190029435948,"walk_out":98.98063343145316,"walk_back":98.98063343145316},"rail-007657":{"out":7.665128800783616,"back":7.665128800783616,"walk_out":25.550429335945385,"walk_back":25.550429335945385},"rail-007538":{"out":26.614951954969904,"back":26.614951954969904,"walk_out":88.71650651656635,"walk_back":88.71650651656635},"rail-007547":{"out":25.731771033970126,"back":25.731771033970126,"walk_out":85.77257011323375,"walk_back":85.77257011323375},"rail-007559":{"out":24.73609014714906,"back":24.73609014714906,"walk_out":82.4536338238302,"walk_back":82.4536338238302},"rail-007546":{"out":26.072591594249158,"back":26.072591594249158,"walk_out":86.90863864749718,"walk_back":86.90863864749718},"rail-007682":{"out":21.153503248500105,"back":21.153503248500105,"walk_out":70.51167749500036,"walk_back":70.51167749500036},"rail-007674":{"out":18.123624985242518,"back":18.123624985242518,"walk_out":60.41208328414172,"walk_back":60.41208328414172},"rail-007611":{"out":15.262507030244395,"back":15.262507030244395,"walk_out":50.87502343414798,"walk_back":50.87502343414798},"rail-007609":{"out":18.12514057074336,"back":18.12514057074336,"walk_out":60.41713523581119,"walk_back":60.41713523581119},"rail-007595":{"out":17.31212140759033,"back":17.31212140759033,"walk_out":57.70707135863443,"walk_back":57.70707135863443},"rail-007607":{"out":20.0172799105858,"back":20.0172799105858,"walk_out":66.72426636861933,"walk_back":66.72426636861933},"rail-007690":{"out":3.407887527462735,"back":3.407887527462735,"walk_out":11.35962509154245,"walk_back":11.35962509154245},"rail-007499":{"out":29.900119320185986,"back":29.900119320185986,"walk_out":99.66706440061995,"walk_back":99.66706440061995},"rail-007623":{"out":14.29031656713143,"back":14.29031656713143,"walk_out":47.63438855710477,"walk_back":47.63438855710477},"rail-007699":{"out":22.528148249339246,"back":22.528148249339246,"walk_out":75.09382749779748,"walk_back":75.09382749779748},"rail-007525":{"out":28.96652166508333,"back":28.96652166508333,"walk_out":96.55507221694444,"walk_back":96.55507221694444},"rail-007553":{"out":25.94480313221004,"back":25.94480313221004,"walk_out":86.4826771073668,"walk_back":86.4826771073668},"rail-007587":{"out":20.528383558988807,"back":20.528383558988807,"walk_out":68.42794519662937,"walk_back":68.42794519662937},"rail-007639":{"out":9.72777671258199,"back":9.72777671258199,"walk_out":32.4259223752733,"walk_back":32.4259223752733},"rail-007668":{"out":12.87755335160262,"back":12.87755335160262,"walk_out":42.9251778386754,"walk_back":42.9251778386754},"rail-007746":{"out":23.052259510779233,"back":23.052259510779233,"walk_out":76.84086503593078,"walk_back":76.84086503593078},"rail-007641":{"out":11.690273841265247,"back":11.690273841265247,"walk_out":38.967579470884154,"walk_back":38.967579470884154},"rail-007630":{"out":16.0402720953413,"back":16.0402720953413,"walk_out":53.46757365113767,"walk_back":53.46757365113767},"rail-007776":{"out":18.626692965882885,"back":18.626692965882885,"walk_out":62.088976552942945,"walk_back":62.088976552942945},"rail-007683":{"out":23.564069878708057,"back":23.564069878708057,"walk_out":78.54689959569352,"walk_back":78.54689959569352},"rail-007800":{"out":23.652500540941663,"back":23.652500540941663,"walk_out":78.84166846980554,"walk_back":78.84166846980554},"rail-007533":{"out":28.622318461650295,"back":28.622318461650295,"walk_out":95.40772820550097,"walk_back":95.40772820550097},"rail-007519":{"out":27.827444880978664,"back":27.827444880978664,"walk_out":92.75814960326221,"walk_back":92.75814960326221},"rail-007733":{"out":8.118076047840942,"back":8.118076047840942,"walk_out":27.060253492803138,"walk_back":27.060253492803138},"rail-007709":{"out":13.262230490820661,"back":13.262230490820661,"walk_out":44.2074349694022,"walk_back":44.2074349694022},"rail-007704":{"out":9.75389436382508,"back":9.75389436382508,"walk_out":32.51298121275027,"walk_back":32.51298121275027},"rail-007590":{"out":18.02806086086241,"back":18.02806086086241,"walk_out":60.093536202874695,"walk_back":60.093536202874695},"rail-007714":{"out":25.767297053714078,"back":25.767297053714078,"walk_out":85.89099017904692,"walk_back":85.89099017904692},"rail-007706":{"out":23.977389458373203,"back":23.977389458373203,"walk_out":79.92463152791068,"walk_back":79.92463152791068},"rail-007707":{"out":26.148216977732332,"back":26.148216977732332,"walk_out":87.16072325910777,"walk_back":87.16072325910777},"rail-007564":{"out":24.327840259850813,"back":24.327840259850813,"walk_out":81.09280086616937,"walk_back":81.09280086616937},"rail-007640":{"out":18.213713601048482,"back":18.213713601048482,"walk_out":60.7123786701616,"walk_back":60.7123786701616},"rail-007554":{"out":26.039706011232333,"back":26.039706011232333,"walk_out":86.79902003744111,"walk_back":86.79902003744111},"rail-007579":{"out":22.888820131694565,"back":22.888820131694565,"walk_out":76.29606710564855,"walk_back":76.29606710564855},"rail-007635":{"out":17.893408692152146,"back":17.893408692152146,"walk_out":59.64469564050716,"walk_back":59.64469564050716},"rail-007734":{"out":27.868587439802532,"back":27.868587439802532,"walk_out":92.89529146600844,"walk_back":92.89529146600844},"rail-007650":{"out":18.669421024150807,"back":18.669421024150807,"walk_out":62.231403413836034,"walk_back":62.231403413836034},"rail-007760":{"out":13.47267573936368,"back":13.47267573936368,"walk_out":44.90891913121227,"walk_back":44.90891913121227},"rail-007678":{"out":25.684634369367625,"back":25.684634369367625,"walk_out":85.61544789789208,"walk_back":85.61544789789208},"rail-007540":{"out":24.962322178237045,"back":24.962322178237045,"walk_out":83.20774059412349,"walk_back":83.20774059412349},"rail-007729":{"out":28.193421573249278,"back":28.193421573249278,"walk_out":93.97807191083093,"walk_back":93.97807191083093},"rail-007562":{"out":22.92560672380577,"back":22.92560672380577,"walk_out":76.41868907935257,"walk_back":76.41868907935257},"rail-007594":{"out":24.34213050195954,"back":24.34213050195954,"walk_out":81.1404350065318,"walk_back":81.1404350065318},"nagai":{"out":19.925436873456313,"back":19.925436873456313,"walk_out":66.41812291152104,"walk_back":66.41812291152104},"rail-007543":{"out":24.893969561145756,"back":24.893969561145756,"walk_out":82.97989853715252,"walk_back":82.97989853715252},"rail-007669":{"out":8.96844808809805,"back":8.96844808809805,"walk_out":29.894826960326835,"walk_back":29.894826960326835},"rail-007628":{"out":17.936504089518788,"back":17.936504089518788,"walk_out":59.78834696506262,"walk_back":59.78834696506262},"rail-007679":{"out":22.227734845702678,"back":22.227734845702678,"walk_out":74.09244948567559,"walk_back":74.09244948567559},"rail-007773":{"out":28.352157159923646,"back":28.352157159923646,"walk_out":94.50719053307883,"walk_back":94.50719053307883},"rail-007556":{"out":23.27602134676747,"back":23.27602134676747,"walk_out":77.58673782255825,"walk_back":77.58673782255825}}}},{"type":"Feature","geometry":{"type":"Point","coordinates":[135.62875,34.72735]},"properties":{"id":"bodik-osaka-f4367447a53f2a478abf","name":"深北の日","venue":"深北緑地","address":"","category":"その他","source_category":"","date":"2026-10-04","end_date":"2026-10-04","start":null,"end":null,"schedule":"","url":"https://fukakitaryokuchi.jp/","source":"大阪府 イベント一覧（BODIK）","source_updated":"2026-09-14T08:52:41.251751","fetched_at":"2026-09-18T14:35:26.570Z","coordinate_source":"https://data.bodik.jp/ja/dataset/270008_event","fictional":false,"access":{"rail-007070":{"out":27.443367170997583,"back":27.443367170997583,"walk_out":91.47789056999194,"walk_back":91.47789056999194},"rail-007043":{"out":9.74460877980742,"back":9.74460877980742,"walk_out":32.48202926602473,"walk_back":32.48202926602473},"rail-006953":{"out":27.065548033071128,"back":27.065548033071128,"walk_out":90.21849344357042,"walk_back":90.21849344357042},"rail-006952":{"out":29.093372237951865,"back":29.093372237951865,"walk_out":96.97790745983954,"walk_back":96.97790745983954},"rail-006769":{"out":27.61255886846995,"back":27.61255886846995,"walk_out":92.04186289489984,"walk_back":92.04186289489984},"rail-006874":{"out":14.7539194634158,"back":14.7539194634158,"walk_out":49.17973154471933,"walk_back":49.17973154471933},"rail-007213":{"out":20.968606242434852,"back":20.968606242434852,"walk_out":69.8953541414495,"walk_back":69.8953541414495},"rail-006928":{"out":4.069189302720892,"back":4.069189302720892,"walk_out":13.563964342402972,"walk_back":13.563964342402972},"rail-006927":{"out":25.25213797184844,"back":25.25213797184844,"walk_out":84.1737932394948,"walk_back":84.1737932394948},"rail-006861":{"out":11.806055451156517,"back":11.806055451156517,"walk_out":39.353518170521724,"walk_back":39.353518170521724},"dainichi":{"out":20.900588032496348,"back":20.900588032496348,"walk_out":69.66862677498783,"walk_back":69.66862677498783},"taishibashi":{"out":27.192651134491022,"back":27.192651134491022,"walk_out":90.64217044830342,"walk_back":90.64217044830342},"rail-006883":{"out":24.053037925055158,"back":24.053037925055158,"walk_out":80.1767930835172,"walk_back":80.1767930835172},"moriguchi_shi":{"out":23.509895281651346,"back":23.509895281651346,"walk_out":78.36631760550449,"walk_back":78.36631760550449},"rail-007168":{"out":28.74330544330996,"back":28.74330544330996,"walk_out":95.81101814436653,"walk_back":95.81101814436653},"rail-006813":{"out":15.41620755561964,"back":15.41620755561964,"walk_out":51.38735851873213,"walk_back":51.38735851873213},"neyagawa":{"out":16.552125418692576,"back":16.552125418692576,"walk_out":55.17375139564192,"walk_back":55.17375139564192},"rail-007131":{"out":23.2352752548228,"back":23.2352752548228,"walk_out":77.45091751607599,"walk_back":77.45091751607599},"rail-006855":{"out":10.107901118797418,"back":10.107901118797418,"walk_out":33.69300372932473,"walk_back":33.69300372932473},"rail-007162":{"out":29.69648862310409,"back":29.69648862310409,"walk_out":98.98829541034696,"walk_back":98.98829541034696},"rail-007001":{"out":26.327005404725632,"back":26.327005404725632,"walk_out":87.75668468241876,"walk_back":87.75668468241876},"rail-007215":{"out":21.474431615195158,"back":21.474431615195158,"walk_out":71.5814387173172,"walk_back":71.5814387173172},"rail-006756":{"out":21.84728799166935,"back":21.84728799166935,"walk_out":72.82429330556451,"walk_back":72.82429330556451},"higashihanazono":{"out":28.91293497619452,"back":28.91293497619452,"walk_out":96.37644992064841,"walk_back":96.37644992064841},"rail-007287":{"out":26.66423610722524,"back":26.66423610722524,"walk_out":88.88078702408413,"walk_back":88.88078702408413},"rail-007185":{"out":28.925634545919973,"back":28.925634545919973,"walk_out":96.41878181973324,"walk_back":96.41878181973324},"rail-006977":{"out":28.39247013401908,"back":28.39247013401908,"walk_out":94.64156711339695,"walk_back":94.64156711339695},"rail-007063":{"out":23.075020027949023,"back":23.075020027949023,"walk_out":76.91673342649673,"walk_back":76.91673342649673},"rail-006733":{"out":29.32335637811905,"back":29.32335637811905,"walk_out":97.74452126039684,"walk_back":97.74452126039684},"rail-006723":{"out":29.925053011634514,"back":29.925053011634514,"walk_out":99.75017670544838,"walk_back":99.75017670544838},"rail-007359":{"out":28.986214494880613,"back":28.986214494880613,"walk_out":96.62071498293538,"walk_back":96.62071498293538},"rail-006964":{"out":24.943674614007474,"back":24.943674614007474,"walk_out":83.14558204669157,"walk_back":83.14558204669157},"rail-006933":{"out":26.066787530190766,"back":26.066787530190766,"walk_out":86.88929176730255,"walk_back":86.88929176730255},"rail-007365":{"out":29.31148977460587,"back":29.31148977460587,"walk_out":97.7049659153529,"walk_back":97.7049659153529},"ikoma":{"out":29.56645574804526,"back":29.56645574804526,"walk_out":98.5548524934842,"walk_back":98.5548524934842},"rail-007219":{"out":28.495303945530598,"back":28.495303945530598,"walk_out":94.984346485102,"walk_back":94.984346485102},"rail-007178":{"out":21.229979823099516,"back":21.229979823099516,"walk_out":70.76659941033172,"walk_back":70.76659941033172},"rail-006753":{"out":27.703788278554864,"back":27.703788278554864,"walk_out":92.3459609285162,"walk_back":92.3459609285162},"rail-007354":{"out":29.530074859173947,"back":29.530074859173947,"walk_out":98.43358286391316,"walk_back":98.43358286391316},"rail-007234":{"out":23.34855530644245,"back":23.34855530644245,"walk_out":77.8285176881415,"walk_back":77.8285176881415},"rail-006845":{"out":11.017711358122734,"back":11.017711358122734,"walk_out":36.72570452707578,"walk_back":36.72570452707578},"rail-006892":{"out":19.826266179794803,"back":19.826266179794803,"walk_out":66.08755393264934,"walk_back":66.08755393264934},"rail-006983":{"out":4.980338156952437,"back":4.980338156952437,"walk_out":16.60112718984146,"walk_back":16.60112718984146},"nagata":{"out":25.457678240094175,"back":25.457678240094175,"walk_out":84.85892746698059,"walk_back":84.85892746698059},"kadoma_minami":{"out":14.075169380610964,"back":14.075169380610964,"walk_out":46.91723126870321,"walk_back":46.91723126870321},"rail-006885":{"out":17.393058802195377,"back":17.393058802195377,"walk_out":57.97686267398459,"walk_back":57.97686267398459},"rail-007207":{"out":28.67255077527318,"back":28.67255077527318,"walk_out":95.5751692509106,"walk_back":95.5751692509106},"rail-007256":{"out":24.59689297766671,"back":24.59689297766671,"walk_out":81.98964325888903,"walk_back":81.98964325888903},"rail-006699":{"out":25.458463655863522,"back":25.458463655863522,"walk_out":84.86154551954507,"walk_back":84.86154551954507},"rail-007235":{"out":29.923931869374417,"back":29.923931869374417,"walk_out":99.7464395645814,"walk_back":99.7464395645814},"rail-007229":{"out":29.840013448453327,"back":29.840013448453327,"walk_out":99.46671149484442,"walk_back":99.46671149484442},"rail-007135":{"out":29.144099371163552,"back":29.144099371163552,"walk_out":97.1469979038785,"walk_back":97.1469979038785},"rail-007084":{"out":17.02666767858345,"back":17.02666767858345,"walk_out":56.75555892861151,"walk_back":56.75555892861151},"tsurumi":{"out":19.014033806144454,"back":19.014033806144454,"walk_out":63.38011268714817,"walk_back":63.38011268714817}}}},{"type":"Feature","geometry":{"type":"Point","coordinates":[135.57272,34.48347]},"properties":{"id":"bodik-osaka-224925e5a6124e084b06","name":"稲狩りと野菜の収穫","venue":"錦織公園","address":"","category":"その他","source_category":"","date":"2026-10-04","end_date":"2026-10-04","start":null,"end":null,"schedule":"","url":"https://nishikori.osaka-park.or.jp/","source":"大阪府 イベント一覧（BODIK）","source_updated":"2026-09-14T08:52:41.251751","fetched_at":"2026-09-18T14:35:26.570Z","coordinate_source":"https://data.bodik.jp/ja/dataset/270008_event","fictional":false,"access":{"rail-007957":{"out":20.828540053961294,"back":20.828540053961294,"walk_out":69.42846684653765,"walk_back":69.42846684653765},"rail-007788":{"out":20.617413612512,"back":20.617413612512,"walk_out":68.72471204170667,"walk_back":68.72471204170667},"rail-007909":{"out":6.849799733320226,"back":6.849799733320226,"walk_out":22.832665777734086,"walk_back":22.832665777734086},"rail-007790":{"out":21.53486454118113,"back":21.53486454118113,"walk_out":71.78288180393709,"walk_back":71.78288180393709},"rail-007831":{"out":11.028143520070044,"back":11.028143520070044,"walk_out":36.76047840023348,"walk_back":36.76047840023348},"rail-007832":{"out":13.843085662692246,"back":13.843085662692246,"walk_out":46.14361887564082,"walk_back":46.14361887564082},"rail-007840":{"out":11.422099063896493,"back":11.422099063896493,"walk_out":38.07366354632165,"walk_back":38.07366354632165},"rail-007856":{"out":7.585042718003429,"back":7.585042718003429,"walk_out":25.283475726678095,"walk_back":25.283475726678095},"rail-007912":{"out":7.686861488821962,"back":7.686861488821962,"walk_out":25.62287162940654,"walk_back":25.62287162940654},"rail-007934":{"out":14.396198844640194,"back":14.396198844640194,"walk_out":47.98732948213398,"walk_back":47.98732948213398},"rail-007846":{"out":23.255997905858937,"back":23.255997905858937,"walk_out":77.51999301952979,"walk_back":77.51999301952979},"rail-007887":{"out":4.256666256261785,"back":4.256666256261785,"walk_out":14.188887520872617,"walk_back":14.188887520872617},"rail-007882":{"out":5.202932056618796,"back":5.202932056618796,"walk_out":17.343106855395988,"walk_back":17.343106855395988},"rail-007800":{"out":17.28315973830153,"back":17.28315973830153,"walk_out":57.61053246100511,"walk_back":57.61053246100511},"rail-007977":{"out":26.153860966146148,"back":26.153860966146148,"walk_out":87.1795365538205,"walk_back":87.1795365538205},"rail-007760":{"out":27.555077495717445,"back":27.555077495717445,"walk_out":91.85025831905816,"walk_back":91.85025831905816},"rail-007851":{"out":7.154354878288646,"back":7.154354878288646,"walk_out":23.847849594295486,"walk_back":23.847849594295486}}}},{"type":"Feature","geometry":{"type":"Point","coordinates":[135.62131,34.5456]},"properties":{"id":"bodik-osaka-02fab20faf3507418a9c","name":"石川自然クラブ","venue":"石川河川公園","address":"","category":"その他","source_category":"","date":"2026-10-08","end_date":"2026-10-08","start":null,"end":null,"schedule":"","url":"https://www.toshi-kouen.jp/staticpages/index.php/ishikawa_top","source":"大阪府 イベント一覧（BODIK）","source_updated":"2026-09-14T08:52:41.251751","fetched_at":"2026-09-18T14:35:26.570Z","coordinate_source":"https://data.bodik.jp/ja/dataset/270008_event","fictional":false,"access":{"rail-007767":{"out":8.21721571342496,"back":8.21721571342496,"walk_out":27.390719044749865,"walk_back":27.390719044749865},"rail-007738":{"out":24.47976445602612,"back":24.47976445602612,"walk_out":81.5992148534204,"walk_back":81.5992148534204},"rail-007754":{"out":24.050695136203778,"back":24.050695136203778,"walk_out":80.16898378734592,"walk_back":80.16898378734592},"rail-007772":{"out":27.333838689269612,"back":27.333838689269612,"walk_out":91.1127956308987,"walk_back":91.1127956308987},"rail-007618":{"out":26.943601722082786,"back":26.943601722082786,"walk_out":89.81200574027595,"walk_back":89.81200574027595},"rail-007718":{"out":5.861669273793259,"back":5.861669273793259,"walk_out":19.538897579310863,"walk_back":19.538897579310863},"rail-007790":{"out":11.436832554630183,"back":11.436832554630183,"walk_out":38.12277518210061,"walk_back":38.12277518210061},"rail-007676":{"out":11.75749862213942,"back":11.75749862213942,"walk_out":39.19166207379807,"walk_back":39.19166207379807},"rail-007633":{"out":19.176485195287878,"back":19.176485195287878,"walk_out":63.92161731762626,"walk_back":63.92161731762626},"rail-007713":{"out":9.65959284356285,"back":9.65959284356285,"walk_out":32.19864281187617,"walk_back":32.19864281187617},"rail-007831":{"out":29.680095527558855,"back":29.680095527558855,"walk_out":98.93365175852952,"walk_back":98.93365175852952},"rail-007653":{"out":15.65267883772169,"back":15.65267883772169,"walk_out":52.17559612573897,"walk_back":52.17559612573897},"rail-007832":{"out":19.841428673623362,"back":19.841428673623362,"walk_out":66.13809557874454,"walk_back":66.13809557874454},"rail-007840":{"out":22.14823234765875,"back":22.14823234765875,"walk_out":73.82744115886251,"walk_back":73.82744115886251},"rail-007856":{"out":26.367882453484835,"back":26.367882453484835,"walk_out":87.89294151161612,"walk_back":87.89294151161612},"rail-007606":{"out":24.423029644660257,"back":24.423029644660257,"walk_out":81.4100988155342,"walk_back":81.4100988155342},"rail-007578":{"out":28.646134398084573,"back":28.646134398084573,"walk_out":95.48711466028192,"walk_back":95.48711466028192},"rail-007674":{"out":21.68243493951617,"back":21.68243493951617,"walk_out":72.27478313172057,"walk_back":72.27478313172057},"rail-007636":{"out":18.285589624431342,"back":18.285589624431342,"walk_out":60.95196541477114,"walk_back":60.95196541477114},"rail-007652":{"out":16.079650916917547,"back":16.079650916917547,"walk_out":53.59883638972516,"walk_back":53.59883638972516},"takaida_osaka":{"out":10.775072492914662,"back":10.775072492914662,"walk_out":35.91690830971554,"walk_back":35.91690830971554},"rail-007670":{"out":19.978849416532054,"back":19.978849416532054,"walk_out":66.5961647217735,"walk_back":66.5961647217735},"rail-007668":{"out":26.917472414365292,"back":26.917472414365292,"walk_out":89.7249080478843,"walk_back":89.7249080478843},"rail-007621":{"out":22.131787526198345,"back":22.131787526198345,"walk_out":73.77262508732782,"walk_back":73.77262508732782},"rail-007800":{"out":29.729374614715844,"back":29.729374614715844,"walk_out":99.09791538238615,"walk_back":99.09791538238615},"rail-007678":{"out":15.262092266707386,"back":15.262092266707386,"walk_out":50.873640889024614,"walk_back":50.873640889024614},"rail-007688":{"out":10.137593852419597,"back":10.137593852419597,"walk_out":33.791979508065324,"walk_back":33.791979508065324},"rail-007723":{"out":17.45595156790946,"back":17.45595156790946,"walk_out":58.186505226364865,"walk_back":58.186505226364865},"rail-007741":{"out":0.2688938634478858,"back":0.2688938634478858,"walk_out":0.8963128781596194,"walk_back":0.8963128781596194},"rail-007680":{"out":13.200365046436236,"back":13.200365046436236,"walk_out":44.00121682145412,"walk_back":44.00121682145412},"rail-007679":{"out":17.727317845153344,"back":17.727317845153344,"walk_out":59.091059483844475,"walk_back":59.091059483844475}}}},{"type":"Feature","geometry":{"type":"Point","coordinates":[135.47462,34.60968]},"properties":{"id":"bodik-osaka-d6bba47d694f665fa491","name":"バッタハンティング","venue":"住之江公園","address":"","category":"その他","source_category":"","date":"2026-10-10","end_date":"2026-10-10","start":null,"end":null,"schedule":"","url":"https://www.toshi-kouen.jp/staticpages/index.php/suminoe_events","source":"大阪府 イベント一覧（BODIK）","source_updated":"2026-09-14T08:52:41.251751","fetched_at":"2026-09-18T14:35:26.570Z","coordinate_source":"https://data.bodik.jp/ja/dataset/270008_event","fictional":false,"access":{"namba":{"out":26.820477679363105,"back":26.820477679363105,"walk_out":89.40159226454368,"walk_back":89.40159226454368},"rail-007464":{"out":27.12303528116674,"back":27.12303528116674,"walk_out":90.41011760388913,"walk_back":90.41011760388913},"rail-007473":{"out":26.3671033841322,"back":26.3671033841322,"walk_out":87.890344613774,"walk_back":87.890344613774},"rail-007283":{"out":27.00858445230824,"back":27.00858445230824,"walk_out":90.02861484102748,"walk_back":90.02861484102748},"rail-007280":{"out":27.26431807796322,"back":27.26431807796322,"walk_out":90.8810602598774,"walk_back":90.8810602598774},"rail-007552":{"out":15.143149136938392,"back":15.143149136938392,"walk_out":50.47716378979465,"walk_back":50.47716378979465},"rail-007507":{"out":19.168538650781375,"back":19.168538650781375,"walk_out":63.895128835937925,"walk_back":63.895128835937925},"rail-007506":{"out":21.20512203852736,"back":21.20512203852736,"walk_out":70.68374012842453,"walk_back":70.68374012842453},"rail-007300":{"out":29.03893554759321,"back":29.03893554759321,"walk_out":96.7964518253107,"walk_back":96.7964518253107},"rail-007626":{"out":8.072552359457058,"back":8.072552359457058,"walk_out":26.90850786485686,"walk_back":26.90850786485686},"rail-007693":{"out":20.44914251495274,"back":20.44914251495274,"walk_out":68.1638083831758,"walk_back":68.1638083831758},"rail-007735":{"out":26.844035919124234,"back":26.844035919124234,"walk_out":89.48011973041412,"walk_back":89.48011973041412},"rail-007494":{"out":23.613138747587456,"back":23.613138747587456,"walk_out":78.71046249195818,"walk_back":78.71046249195818},"nakamozu":{"out":26.39345658928918,"back":26.39345658928918,"walk_out":87.97818863096394,"walk_back":87.97818863096394},"kujo":{"out":28.364779183982176,"back":28.364779183982176,"walk_out":94.54926394660725,"walk_back":94.54926394660725},"rail-007407":{"out":20.803534385212146,"back":20.803534385212146,"walk_out":69.34511461737382,"walk_back":69.34511461737382},"rail-007402":{"out":22.376268194394186,"back":22.376268194394186,"walk_out":74.58756064798061,"walk_back":74.58756064798061},"rail-007529":{"out":21.954586247622334,"back":21.954586247622334,"walk_out":73.18195415874112,"walk_back":73.18195415874112},"rail-007450":{"out":18.938290464827947,"back":18.938290464827947,"walk_out":63.12763488275983,"walk_back":63.12763488275983},"rail-007459":{"out":17.818769389139728,"back":17.818769389139728,"walk_out":59.395897963799094,"walk_back":59.395897963799094},"rail-007593":{"out":4.943305713248565,"back":4.943305713248565,"walk_out":16.47768571082855,"walk_back":16.47768571082855},"rail-007580":{"out":0.6610294123616766,"back":0.6610294123616766,"walk_out":2.203431374538922,"walk_back":2.203431374538922},"rail-007567":{"out":6.547562360582639,"back":6.547562360582639,"walk_out":21.825207868608796,"walk_back":21.825207868608796},"rail-007573":{"out":5.84506881899346,"back":5.84506881899346,"walk_out":19.4835627299782,"walk_back":19.4835627299782},"rail-007572":{"out":8.563150812697778,"back":8.563150812697778,"walk_out":28.543836042325925,"walk_back":28.543836042325925},"rail-007574":{"out":6.203078054532132,"back":6.203078054532132,"walk_out":20.67692684844044,"walk_back":20.67692684844044},"dobutsuen":{"out":19.967594244370797,"back":19.967594244370797,"walk_out":66.558647481236,"walk_back":66.558647481236},"rail-007544":{"out":5.449120966891714,"back":5.449120966891714,"walk_out":18.16373655630571,"walk_back":18.16373655630571},"rail-007485":{"out":15.099787824261773,"back":15.099787824261773,"walk_out":50.33262608087258,"walk_back":50.33262608087258},"rail-007502":{"out":22.229005449644678,"back":22.229005449644678,"walk_out":74.09668483214892,"walk_back":74.09668483214892},"rail-007522":{"out":13.749735101565006,"back":13.749735101565006,"walk_out":45.83245033855002,"walk_back":45.83245033855002},"rail-007647":{"out":19.497255906008576,"back":19.497255906008576,"walk_out":64.99085302002858,"walk_back":64.99085302002858},"rail-007570":{"out":10.68238534533366,"back":10.68238534533366,"walk_out":35.6079511511122,"walk_back":35.6079511511122},"rail-007571":{"out":13.413850485804996,"back":13.413850485804996,"walk_out":44.712834952683316,"walk_back":44.712834952683316},"rail-007531":{"out":18.34524366122247,"back":18.34524366122247,"walk_out":61.150812204074896,"walk_back":61.150812204074896},"rail-007581":{"out":28.360532391936463,"back":28.360532391936463,"walk_out":94.53510797312154,"walk_back":94.53510797312154},"rail-007268":{"out":29.706153112314112,"back":29.706153112314112,"walk_out":99.02051037438038,"walk_back":99.02051037438038},"rail-007382":{"out":26.065712808848016,"back":26.065712808848016,"walk_out":86.88570936282672,"walk_back":86.88570936282672},"rail-007649":{"out":12.58469317348695,"back":12.58469317348695,"walk_out":41.9489772449565,"walk_back":41.9489772449565},"rail-007660":{"out":16.759438903394805,"back":16.759438903394805,"walk_out":55.86479634464935,"walk_back":55.86479634464935},"rail-007667":{"out":15.520020190733637,"back":15.520020190733637,"walk_out":51.7334006357788,"walk_back":51.7334006357788},"rail-007534":{"out":9.572161351509722,"back":9.572161351509722,"walk_out":31.907204505032404,"walk_back":31.907204505032404},"rail-007622":{"out":8.02194704006759,"back":8.02194704006759,"walk_out":26.739823466891963,"walk_back":26.739823466891963},"rail-007395":{"out":22.41009847801827,"back":22.41009847801827,"walk_out":74.7003282600609,"walk_back":74.7003282600609},"rail-007654":{"out":13.588093190164187,"back":13.588093190164187,"walk_out":45.29364396721395,"walk_back":45.29364396721395},"taisho":{"out":24.912083588414824,"back":24.912083588414824,"walk_out":83.0402786280494,"walk_back":83.0402786280494},"osakako":{"out":24.56835617411057,"back":24.56835617411057,"walk_out":81.89452058036856,"walk_back":81.89452058036856},"rail-007451":{"out":21.65059841561516,"back":21.65059841561516,"walk_out":72.16866138538387,"walk_back":72.16866138538387},"rail-007483":{"out":14.662311196589972,"back":14.662311196589972,"walk_out":48.874370655299906,"walk_back":48.874370655299906},"tennoji":{"out":21.862396394215956,"back":21.862396394215956,"walk_out":72.87465464738652,"walk_back":72.87465464738652},"rail-007447":{"out":21.483760163359868,"back":21.483760163359868,"walk_out":71.61253387786623,"walk_back":71.61253387786623},"rail-007515":{"out":12.110729287424476,"back":12.110729287424476,"walk_out":40.36909762474826,"walk_back":40.36909762474826},"rail-007646":{"out":11.659340779686927,"back":11.659340779686927,"walk_out":38.864469265623086,"walk_back":38.864469265623086},"rail-007532":{"out":12.26164464160506,"back":12.26164464160506,"walk_out":40.8721488053502,"walk_back":40.8721488053502},"rail-007592":{"out":5.966219433765536,"back":5.966219433765536,"walk_out":19.887398112551786,"walk_back":19.887398112551786},"rail-007666":{"out":14.828666623178853,"back":14.828666623178853,"walk_out":49.428888743929505,"walk_back":49.428888743929505},"rail-007673":{"out":16.15026912368815,"back":16.15026912368815,"walk_out":53.834230412293834,"walk_back":53.834230412293834},"rail-007434":{"out":24.717053901886395,"back":24.717053901886395,"walk_out":82.39017967295464,"walk_back":82.39017967295464},"rail-007493":{"out":12.970147334927308,"back":12.970147334927308,"walk_out":43.23382444975769,"walk_back":43.23382444975769},"rail-007517":{"out":11.544871608583898,"back":11.544871608583898,"walk_out":38.48290536194633,"walk_back":38.48290536194633},"rail-007657":{"out":27.628446562730254,"back":27.628446562730254,"walk_out":92.09482187576752,"walk_back":92.09482187576752},"rail-007538":{"out":10.258399695664313,"back":10.258399695664313,"walk_out":34.194665652214375,"walk_back":34.194665652214375},"rail-007547":{"out":10.71933312558143,"back":10.71933312558143,"walk_out":35.73111041860477,"walk_back":35.73111041860477},"rail-007559":{"out":9.590125947412036,"back":9.590125947412036,"walk_out":31.967086491373454,"walk_back":31.967086491373454},"rail-007575":{"out":5.896808167696145,"back":5.896808167696145,"walk_out":19.65602722565382,"walk_back":19.65602722565382},"rail-007505":{"out":29.517297474327613,"back":29.517297474327613,"walk_out":98.39099158109204,"walk_back":98.39099158109204},"rail-007546":{"out":27.567661459100325,"back":27.567661459100325,"walk_out":91.89220486366776,"walk_back":91.89220486366776},"bentencho":{"out":27.23671483383316,"back":27.23671483383316,"walk_out":90.78904944611054,"walk_back":90.78904944611054},"rail-007682":{"out":17.55525429454218,"back":17.55525429454218,"walk_out":58.5175143151406,"walk_back":58.5175143151406},"rail-007399":{"out":22.495210441709308,"back":22.495210441709308,"walk_out":74.98403480569769,"walk_back":74.98403480569769},"rail-007611":{"out":14.753891956734558,"back":14.753891956734558,"walk_out":49.17963985578186,"walk_back":49.17963985578186},"rail-007609":{"out":9.22062686294915,"back":9.22062686294915,"walk_out":30.735422876497164,"walk_back":30.735422876497164},"rail-007595":{"out":12.313562727534318,"back":12.313562727534318,"walk_out":41.04520909178106,"walk_back":41.04520909178106},"rail-007607":{"out":6.649845417690973,"back":6.649845417690973,"walk_out":22.166151392303245,"walk_back":22.166151392303245},"rail-007486":{"out":19.766268422971624,"back":19.766268422971624,"walk_out":65.88756140990542,"walk_back":65.88756140990542},"shinimamiya":{"out":20.468922183128942,"back":20.468922183128942,"walk_out":68.2297406104298,"walk_back":68.2297406104298},"rail-007427":{"out":20.613339455766617,"back":20.613339455766617,"walk_out":68.71113151922205,"walk_back":68.71113151922205},"rail-007690":{"out":23.705134785811186,"back":23.705134785811186,"walk_out":79.01711595270395,"walk_back":79.01711595270395},"nipponbashi":{"out":27.804681150659476,"back":27.804681150659476,"walk_out":92.68227050219825,"walk_back":92.68227050219825},"rail-007499":{"out":18.619088322679936,"back":18.619088322679936,"walk_out":62.063627742266455,"walk_back":62.063627742266455},"rail-007370":{"out":24.622832556018412,"back":24.622832556018412,"walk_out":82.07610852006137,"walk_back":82.07610852006137},"rail-007406":{"out":20.24054223879022,"back":20.24054223879022,"walk_out":67.46847412930073,"walk_back":67.46847412930073},"rail-007623":{"out":12.770375950458197,"back":12.770375950458197,"walk_out":42.56791983486065,"walk_back":42.56791983486065},"rail-007500":{"out":16.02357419355246,"back":16.02357419355246,"walk_out":53.411913978508196,"walk_back":53.411913978508196},"rail-007699":{"out":20.426842686604456,"back":20.426842686604456,"walk_out":68.08947562201485,"walk_back":68.08947562201485},"rail-007525":{"out":10.928534388823007,"back":10.928534388823007,"walk_out":36.428447962743356,"walk_back":36.428447962743356},"rail-007553":{"out":7.598133505086263,"back":7.598133505086263,"walk_out":25.32711168362088,"walk_back":25.32711168362088},"rail-007479":{"out":26.313229598099074,"back":26.313229598099074,"walk_out":87.7107653269969,"walk_back":87.7107653269969},"rail-007472":{"out":16.373885475138536,"back":16.373885475138536,"walk_out":54.57961825046179,"walk_back":54.57961825046179},"rail-007487":{"out":17.261542743900975,"back":17.261542743900975,"walk_out":57.53847581300325,"walk_back":57.53847581300325},"rail-007380":{"out":29.218288146032677,"back":29.218288146032677,"walk_out":97.39429382010893,"walk_back":97.39429382010893},"rail-007364":{"out":28.01786114173521,"back":28.01786114173521,"walk_out":93.39287047245071,"walk_back":93.39287047245071},"sakuragawa":{"out":26.490396576297588,"back":26.490396576297588,"walk_out":88.30132192099197,"walk_back":88.30132192099197},"rail-007303":{"out":26.118145949908037,"back":26.118145949908037,"walk_out":87.06048649969345,"walk_back":87.06048649969345},"rail-007587":{"out":8.28263418104632,"back":8.28263418104632,"walk_out":27.608780603487737,"walk_back":27.608780603487737},"rail-007639":{"out":24.714950857716296,"back":24.714950857716296,"walk_out":82.38316952572099,"walk_back":82.38316952572099},"rail-007470":{"out":22.898084741999106,"back":22.898084741999106,"walk_out":76.32694913999703,"walk_back":76.32694913999703},"rail-007442":{"out":16.933146433717763,"back":16.933146433717763,"walk_out":56.44382144572588,"walk_back":56.44382144572588},"rail-007641":{"out":14.891072010754055,"back":14.891072010754055,"walk_out":49.63690670251352,"walk_back":49.63690670251352},"rail-007630":{"out":10.760729605454397,"back":10.760729605454397,"walk_out":35.86909868484799,"walk_back":35.86909868484799},"rail-007683":{"out":18.168961762977492,"back":18.168961762977492,"walk_out":60.56320587659164,"walk_back":60.56320587659164},"rail-007533":{"out":8.6484460805985,"back":8.6484460805985,"walk_out":28.828153601994998,"walk_back":28.828153601994998},"rail-007519":{"out":20.33711586468428,"back":20.33711586468428,"walk_out":67.79038621561426,"walk_back":67.79038621561426},"rail-007709":{"out":23.35923872942695,"back":23.35923872942695,"walk_out":77.86412909808982,"walk_back":77.86412909808982},"rail-007704":{"out":23.416544026114053,"back":23.416544026114053,"walk_out":78.0551467537135,"walk_back":78.0551467537135},"rail-007590":{"out":21.421211121507373,"back":21.421211121507373,"walk_out":71.40403707169125,"walk_back":71.40403707169125},"rail-007714":{"out":25.18540164148242,"back":25.18540164148242,"walk_out":83.9513388049414,"walk_back":83.9513388049414},"rail-007706":{"out":22.649442509734268,"back":22.649442509734268,"walk_out":75.49814169911423,"walk_back":75.49814169911423},"rail-007707":{"out":23.720708423186032,"back":23.720708423186032,"walk_out":79.06902807728677,"walk_back":79.06902807728677},"rail-007564":{"out":8.546772861217132,"back":8.546772861217132,"walk_out":28.48924287072377,"walk_back":28.48924287072377},"rail-007640":{"out":10.954368878970346,"back":10.954368878970346,"walk_out":36.51456292990115,"walk_back":36.51456292990115},"rail-007554":{"out":7.2794623414077,"back":7.2794623414077,"walk_out":24.264874471359,"walk_back":24.264874471359},"rail-007579":{"out":6.054847500737824,"back":6.054847500737824,"walk_out":20.182825002459413,"walk_back":20.182825002459413},"rail-007635":{"out":10.177558470939482,"back":10.177558470939482,"walk_out":33.92519490313161,"walk_back":33.92519490313161},"rail-007475":{"out":22.125740371075825,"back":22.125740371075825,"walk_out":73.75246790358608,"walk_back":73.75246790358608},"rail-007498":{"out":13.811437451413422,"back":13.811437451413422,"walk_out":46.03812483804474,"walk_back":46.03812483804474},"rail-007734":{"out":27.986624450128346,"back":27.986624450128346,"walk_out":93.28874816709448,"walk_back":93.28874816709448},"rail-007379":{"out":22.39166182456612,"back":22.39166182456612,"walk_out":74.63887274855374,"walk_back":74.63887274855374},"rail-007371":{"out":23.01492240960779,"back":23.01492240960779,"walk_out":76.71640803202598,"walk_back":76.71640803202598},"rail-007454":{"out":17.32712796484849,"back":17.32712796484849,"walk_out":57.75709321616163,"walk_back":57.75709321616163},"rail-007650":{"out":12.444940347846101,"back":12.444940347846101,"walk_out":41.483134492820334,"walk_back":41.483134492820334},"rail-007452":{"out":18.304424421045127,"back":18.304424421045127,"walk_out":61.01474807015042,"walk_back":61.01474807015042},"rail-007476":{"out":13.919898700887972,"back":13.919898700887972,"walk_out":46.39966233629324,"walk_back":46.39966233629324},"rail-007540":{"out":15.770822110378406,"back":15.770822110378406,"walk_out":52.56940703459468,"walk_back":52.56940703459468},"rail-007246":{"out":28.936755860755042,"back":28.936755860755042,"walk_out":96.45585286918347,"walk_back":96.45585286918347},"rail-007729":{"out":27.373503861738442,"back":27.373503861738442,"walk_out":91.24501287246147,"walk_back":91.24501287246147},"tanimachi9":{"out":29.646928551103805,"back":29.646928551103805,"walk_out":98.82309517034601,"walk_back":98.82309517034601},"rail-007317":{"out":27.925450877192006,"back":27.925450877192006,"walk_out":93.08483625730669,"walk_back":93.08483625730669},"rail-007562":{"out":21.63804976773136,"back":21.63804976773136,"walk_out":72.12683255910453,"walk_back":72.12683255910453},"nagai":{"out":14.345195374040076,"back":14.345195374040076,"walk_out":47.81731791346692,"walk_back":47.81731791346692},"rail-007460":{"out":19.724886316741273,"back":19.724886316741273,"walk_out":65.74962105580424,"walk_back":65.74962105580424},"rail-007543":{"out":21.93290137938692,"back":21.93290137938692,"walk_out":73.10967126462306,"walk_back":73.10967126462306},"rail-007628":{"out":9.386037953060637,"back":9.386037953060637,"walk_out":31.28679317686879,"walk_back":31.28679317686879},"rail-007556":{"out":15.986808783485621,"back":15.986808783485621,"walk_out":53.28936261161874,"walk_back":53.28936261161874}}}},{"type":"Feature","geometry":{"type":"Point","coordinates":[135.5788,34.63141]},"properties":{"id":"bodik-osaka-0e2116357f1958af1cb4","name":"大阪ピンコロクラブ","venue":"久宝寺緑地","address":"","category":"その他","source_category":"","date":"2026-10-10","end_date":"2026-10-10","start":null,"end":null,"schedule":"","url":"https://kyuhoji-ryokuchi.jp/","source":"大阪府 イベント一覧（BODIK）","source_updated":"2026-09-14T08:52:41.251751","fetched_at":"2026-09-18T14:35:26.570Z","coordinate_source":"https://data.bodik.jp/ja/dataset/270008_event","fictional":false,"access":{"rail-007376":{"out":12.3360863913444,"back":12.3360863913444,"walk_out":41.120287971148,"walk_back":41.120287971148},"rail-007344":{"out":14.833195010312476,"back":14.833195010312476,"walk_out":49.443983367708256,"walk_back":49.443983367708256},"rail-007422":{"out":8.815085537781805,"back":8.815085537781805,"walk_out":29.383618459272682,"walk_back":29.383618459272682},"kyuhoji":{"out":4.5327503034730015,"back":4.5327503034730015,"walk_out":15.109167678243338,"walk_back":15.109167678243338},"rail-007491":{"out":4.5313010230363195,"back":4.5313010230363195,"walk_out":15.1043367434544,"walk_back":15.1043367434544},"rail-007529":{"out":17.60646567801607,"back":17.60646567801607,"walk_out":58.68821892672024,"walk_back":58.68821892672024},"rail-007450":{"out":28.70687434162788,"back":28.70687434162788,"walk_out":95.6895811387596,"walk_back":95.6895811387596},"rail-007459":{"out":28.677672229759636,"back":28.677672229759636,"walk_out":95.59224076586545,"walk_back":95.59224076586545},"rail-007284":{"out":20.874050828737538,"back":20.874050828737538,"walk_out":69.58016942912512,"walk_back":69.58016942912512},"rail-007342":{"out":18.202018757829997,"back":18.202018757829997,"walk_out":60.67339585943333,"walk_back":60.67339585943333},"rail-007378":{"out":12.36736585833943,"back":12.36736585833943,"walk_out":41.22455286113143,"walk_back":41.22455286113143},"rail-007549":{"out":23.72916130545068,"back":23.72916130545068,"walk_out":79.09720435150227,"walk_back":79.09720435150227},"rail-007560":{"out":9.168430406691996,"back":9.168430406691996,"walk_out":30.56143468897332,"walk_back":30.56143468897332},"rail-007618":{"out":15.27376964483595,"back":15.27376964483595,"walk_out":50.91256548278649,"walk_back":50.91256548278649},"rail-007351":{"out":14.888633534461793,"back":14.888633534461793,"walk_out":49.62877844820597,"walk_back":49.62877844820597},"rail-007582":{"out":11.092482224895164,"back":11.092482224895164,"walk_out":36.97494074965054,"walk_back":36.97494074965054},"rail-007524":{"out":4.8502657388788295,"back":4.8502657388788295,"walk_out":16.167552462929432,"walk_back":16.167552462929432},"dobutsuen":{"out":28.58622355596859,"back":28.58622355596859,"walk_out":95.28741185322863,"walk_back":95.28741185322863},"rail-007485":{"out":28.84750342346281,"back":28.84750342346281,"walk_out":96.15834474487603,"walk_back":96.15834474487603},"rail-007412":{"out":13.053082955677729,"back":13.053082955677729,"walk_out":43.510276518925764,"walk_back":43.510276518925764},"rail-007502":{"out":18.249595776689237,"back":18.249595776689237,"walk_out":60.83198592229745,"walk_back":60.83198592229745},"rail-007522":{"out":26.89441899033533,"back":26.89441899033533,"walk_out":89.64806330111776,"walk_back":89.64806330111776},"rail-007462":{"out":10.65761179448601,"back":10.65761179448601,"walk_out":35.5253726482867,"walk_back":35.5253726482867},"rail-007531":{"out":21.359005619253065,"back":21.359005619253065,"walk_out":71.19668539751022,"walk_back":71.19668539751022},"rail-007213":{"out":27.44601767773998,"back":27.44601767773998,"walk_out":91.4867255924666,"walk_back":91.4867255924666},"rail-007581":{"out":13.901609035314568,"back":13.901609035314568,"walk_out":46.338696784381895,"walk_back":46.338696784381895},"rail-007382":{"out":26.51872604929057,"back":26.51872604929057,"walk_out":88.39575349763523,"walk_back":88.39575349763523},"rail-007676":{"out":29.815966049304677,"back":29.815966049304677,"walk_out":99.38655349768226,"walk_back":99.38655349768226},"rail-007633":{"out":26.093333793129435,"back":26.093333793129435,"walk_out":86.97777931043144,"walk_back":86.97777931043144},"uehommachi":{"out":25.924218434239364,"back":25.924218434239364,"walk_out":86.41406144746455,"walk_back":86.41406144746455},"rail-007164":{"out":29.900442736915018,"back":29.900442736915018,"walk_out":99.66814245638339,"walk_back":99.66814245638339},"rail-007451":{"out":24.36135665780537,"back":24.36135665780537,"walk_out":81.20452219268456,"walk_back":81.20452219268456},"tennoji":{"out":24.432570102639293,"back":24.432570102639293,"walk_out":81.44190034213098,"walk_back":81.44190034213098},"rail-007447":{"out":24.96364928629508,"back":24.96364928629508,"walk_out":83.21216428765027,"walk_back":83.21216428765027},"rail-007515":{"out":29.697497655368245,"back":29.697497655368245,"walk_out":98.99165885122748,"walk_back":98.99165885122748},"rail-007532":{"out":27.870309916401126,"back":27.870309916401126,"walk_out":92.90103305467042,"walk_back":92.90103305467042},"rail-007653":{"out":29.29315856133514,"back":29.29315856133514,"walk_out":97.64386187111714,"walk_back":97.64386187111714},"rail-007434":{"out":21.49628591094289,"back":21.49628591094289,"walk_out":71.65428636980964,"walk_back":71.65428636980964},"rail-007368":{"out":15.65820958409393,"back":15.65820958409393,"walk_out":52.19403194697977,"walk_back":52.19403194697977},"rail-007657":{"out":27.84800140782502,"back":27.84800140782502,"walk_out":92.82667135941674,"walk_back":92.82667135941674},"fuse":{"out":15.56499408505987,"back":15.56499408505987,"walk_out":51.88331361686624,"walk_back":51.88331361686624},"rail-007538":{"out":29.743590438227383,"back":29.743590438227383,"walk_out":99.14530146075793,"walk_back":99.14530146075793},"rail-007547":{"out":28.971083287543994,"back":28.971083287543994,"walk_out":96.57027762514664,"walk_back":96.57027762514664},"rail-007559":{"out":29.852169969679448,"back":29.852169969679448,"walk_out":99.50723323226482,"walk_back":99.50723323226482},"rail-007505":{"out":10.16745600539689,"back":10.16745600539689,"walk_out":33.891520017989635,"walk_back":33.891520017989635},"rail-007546":{"out":11.954905897862298,"back":11.954905897862298,"walk_out":39.84968632620766,"walk_back":39.84968632620766},"rail-007468":{"out":4.750252733120279,"back":4.750252733120279,"walk_out":15.834175777067596,"walk_back":15.834175777067596},"rail-007131":{"out":27.184085590346967,"back":27.184085590346967,"walk_out":90.6136186344899,"walk_back":90.6136186344899},"rail-007606":{"out":19.380910945584397,"back":19.380910945584397,"walk_out":64.60303648528132,"walk_back":64.60303648528132},"rail-007578":{"out":19.843582531803175,"back":19.843582531803175,"walk_out":66.14527510601059,"walk_back":66.14527510601059},"rail-007674":{"out":25.82351270967732,"back":25.82351270967732,"walk_out":86.0783756989244,"walk_back":86.0783756989244},"rail-007399":{"out":28.780336553557433,"back":28.780336553557433,"walk_out":95.93445517852477,"walk_back":95.93445517852477},"rail-007611":{"out":28.13203171125882,"back":28.13203171125882,"walk_out":93.77343903752939,"walk_back":93.77343903752939},"rail-007595":{"out":29.28838482370203,"back":29.28838482370203,"walk_out":97.62794941234012,"walk_back":97.62794941234012},"rail-007162":{"out":25.81378593178628,"back":25.81378593178628,"walk_out":86.04595310595427,"walk_back":86.04595310595427},"rail-007486":{"out":22.23355409459852,"back":22.23355409459852,"walk_out":74.11184698199507,"walk_back":74.11184698199507},"shinimamiya":{"out":29.356807521071584,"back":29.356807521071584,"walk_out":97.85602507023862,"walk_back":97.85602507023862},"rail-007427":{"out":28.753358650968693,"back":28.753358650968693,"walk_out":95.8445288365623,"walk_back":95.8445288365623},"rail-007523":{"out":4.333110288140507,"back":4.333110288140507,"walk_out":14.443700960468355,"walk_back":14.443700960468355},"rail-007297":{"out":18.66808296958844,"back":18.66808296958844,"walk_out":62.226943231961464,"walk_back":62.226943231961464},"rail-007499":{"out":22.669900418391084,"back":22.669900418391084,"walk_out":75.56633472797029,"walk_back":75.56633472797029},"rail-007528":{"out":22.92912763257913,"back":22.92912763257913,"walk_out":76.43042544193044,"walk_back":76.43042544193044},"rail-007500":{"out":25.73623519494858,"back":25.73623519494858,"walk_out":85.7874506498286,"walk_back":85.7874506498286},"higashihanazono":{"out":22.313979088580744,"back":22.313979088580744,"walk_out":74.37993029526915,"walk_back":74.37993029526915},"rail-007479":{"out":15.338846204505753,"back":15.338846204505753,"walk_out":51.12948734835251,"walk_back":51.12948734835251},"rail-007472":{"out":28.724876441683573,"back":28.724876441683573,"walk_out":95.74958813894524,"walk_back":95.74958813894524},"rail-007487":{"out":25.300283883611595,"back":25.300283883611595,"walk_out":84.33427961203866,"walk_back":84.33427961203866},"rail-007636":{"out":25.683719016502522,"back":25.683719016502522,"walk_out":85.61239672167507,"walk_back":85.61239672167507},"rail-007652":{"out":27.86035714196441,"back":27.86035714196441,"walk_out":92.86785713988137,"walk_back":92.86785713988137},"rail-007380":{"out":22.159354951053253,"back":22.159354951053253,"walk_out":73.86451650351084,"walk_back":73.86451650351084},"morinomiya":{"out":28.024875674129362,"back":28.024875674129362,"walk_out":93.41625224709787,"walk_back":93.41625224709787},"rail-007639":{"out":25.735905794213593,"back":25.735905794213593,"walk_out":85.78635264737865,"walk_back":85.78635264737865},"rail-007350":{"out":14.515811004137934,"back":14.515811004137934,"walk_out":48.386036680459775,"walk_back":48.386036680459775},"kawachi_yamamoto":{"out":14.8558630861602,"back":14.8558630861602,"walk_out":49.519543620534,"walk_back":49.519543620534},"rail-007668":{"out":26.07307764288168,"back":26.07307764288168,"walk_out":86.91025880960561,"walk_back":86.91025880960561},"rail-007345":{"out":14.750474298547847,"back":14.750474298547847,"walk_out":49.16824766182616,"walk_back":49.16824766182616},"rail-007359":{"out":20.10963787132724,"back":20.10963787132724,"walk_out":67.03212623775747,"walk_back":67.03212623775747},"rail-007470":{"out":20.41804401582414,"back":20.41804401582414,"walk_out":68.0601467194138,"walk_back":68.0601467194138},"rail-007621":{"out":23.69958669304543,"back":23.69958669304543,"walk_out":78.99862231015143,"walk_back":78.99862231015143},"fukaebashi":{"out":22.718026710549125,"back":22.718026710549125,"walk_out":75.72675570183041,"walk_back":75.72675570183041},"rail-007260":{"out":25.162452572878067,"back":25.162452572878067,"walk_out":83.87484190959356,"walk_back":83.87484190959356},"rail-007365":{"out":25.935726305786226,"back":25.935726305786226,"walk_out":86.45242101928743,"walk_back":86.45242101928743},"rail-007519":{"out":19.65222217326981,"back":19.65222217326981,"walk_out":65.5074072442327,"walk_back":65.5074072442327},"rail-007590":{"out":20.255447172771774,"back":20.255447172771774,"walk_out":67.51815724257257,"walk_back":67.51815724257257},"rail-007201":{"out":25.172849591053637,"back":25.172849591053637,"walk_out":83.90949863684546,"walk_back":83.90949863684546},"rail-007475":{"out":20.389616893775678,"back":20.389616893775678,"walk_out":67.96538964591892,"walk_back":67.96538964591892},"rail-007498":{"out":29.045491402374232,"back":29.045491402374232,"walk_out":96.81830467458077,"walk_back":96.81830467458077},"rail-007354":{"out":17.76928185610558,"back":17.76928185610558,"walk_out":59.23093952035193,"walk_back":59.23093952035193},"rail-007234":{"out":23.083134776255484,"back":23.083134776255484,"walk_out":76.94378258751827,"walk_back":76.94378258751827},"rail-007452":{"out":29.857843112677283,"back":29.857843112677283,"walk_out":99.52614370892428,"walk_back":99.52614370892428},"rail-007678":{"out":27.21513137281386,"back":27.21513137281386,"walk_out":90.71710457604621,"walk_back":90.71710457604621},"rail-007477":{"out":5.292671039364361,"back":5.292671039364361,"walk_out":17.642236797881203,"walk_back":17.642236797881203},"rail-007540":{"out":23.68778514471783,"back":23.68778514471783,"walk_out":78.9592838157261,"walk_back":78.9592838157261},"tanimachi9":{"out":27.969189761189032,"back":27.969189761189032,"walk_out":93.23063253729677,"walk_back":93.23063253729677},"tanimachi6":{"out":29.825386665913907,"back":29.825386665913907,"walk_out":99.41795555304635,"walk_back":99.41795555304635},"kintetsu_yao":{"out":9.08339652161075,"back":9.08339652161075,"walk_out":30.277988405369168,"walk_back":30.277988405369168},"rail-007562":{"out":17.922425460140573,"back":17.922425460140573,"walk_out":59.74141820046858,"walk_back":59.74141820046858},"rail-007594":{"out":12.996870207822015,"back":12.996870207822015,"walk_out":43.32290069274005,"walk_back":43.32290069274005},"nagai":{"out":25.625670018062074,"back":25.625670018062074,"walk_out":85.41890006020691,"walk_back":85.41890006020691},"rail-007425":{"out":8.215521998023233,"back":8.215521998023233,"walk_out":27.38507332674411,"walk_back":27.38507332674411},"nagata":{"out":21.601972738646726,"back":21.601972738646726,"walk_out":72.00657579548908,"walk_back":72.00657579548908},"rail-007460":{"out":24.94714050690037,"back":24.94714050690037,"walk_out":83.15713502300123,"walk_back":83.15713502300123},"rail-007543":{"out":17.406065053200173,"back":17.406065053200173,"walk_out":58.02021684400057,"walk_back":58.02021684400057},"rail-007235":{"out":21.06543401803524,"back":21.06543401803524,"walk_out":70.21811339345079,"walk_back":70.21811339345079},"rail-007229":{"out":21.219897472779472,"back":21.219897472779472,"walk_out":70.73299157593156,"walk_back":70.73299157593156},"rail-007551":{"out":17.47660131835153,"back":17.47660131835153,"walk_out":58.25533772783844,"walk_back":58.25533772783844},"rail-007569":{"out":28.43112932573508,"back":28.43112932573508,"walk_out":94.7704310857836,"walk_back":94.7704310857836},"rail-007669":{"out":27.74257075464811,"back":27.74257075464811,"walk_out":92.47523584882703,"walk_back":92.47523584882703},"rail-007679":{"out":26.733241185337057,"back":26.733241185337057,"walk_out":89.11080395112351,"walk_back":89.11080395112351},"rail-007125":{"out":29.935945697977782,"back":29.935945697977782,"walk_out":99.78648565992594,"walk_back":99.78648565992594},"rail-007556":{"out":23.354118957231663,"back":23.354118957231663,"walk_out":77.84706319077222,"walk_back":77.84706319077222},"tsuruhashi":{"out":23.39538296941601,"back":23.39538296941601,"walk_out":77.98460989805336,"walk_back":77.98460989805336}}}},{"type":"Feature","geometry":{"type":"Point","coordinates":[135.48216,34.77241]},"properties":{"id":"bodik-osaka-fca840eb0410a0fab514","name":"ウィークエンドマーケット","venue":"服部緑地","address":"","category":"その他","source_category":"","date":"2026-10-10","end_date":"2026-10-10","start":null,"end":null,"schedule":"","url":"https://www.instagram.com/weekendmarket_osaka/","source":"大阪府 イベント一覧（BODIK）","source_updated":"2026-09-14T08:52:41.251751","fetched_at":"2026-09-18T14:35:26.570Z","coordinate_source":"https://data.bodik.jp/ja/dataset/270008_event","fictional":false,"access":{"rail-006872":{"out":19.672011092581386,"back":19.672011092581386,"walk_out":65.57337030860461,"walk_back":65.57337030860461},"rail-006860":{"out":26.044492561124475,"back":26.044492561124475,"walk_out":86.81497520374825,"walk_back":86.81497520374825},"rail-006601":{"out":23.26181474221749,"back":23.26181474221749,"walk_out":77.5393824740583,"walk_back":77.5393824740583},"rail-006889":{"out":15.541745045963804,"back":15.541745045963804,"walk_out":51.80581681987935,"walk_back":51.80581681987935},"rail-006833":{"out":21.073379422051698,"back":21.073379422051698,"walk_out":70.24459807350566,"walk_back":70.24459807350566},"rail-006849":{"out":17.99616636894214,"back":17.99616636894214,"walk_out":59.98722122980713,"walk_back":59.98722122980713},"rail-007016":{"out":28.071136951293774,"back":28.071136951293774,"walk_out":93.57045650431259,"walk_back":93.57045650431259},"rail-006797":{"out":24.40629691992816,"back":24.40629691992816,"walk_out":81.3543230664272,"walk_back":81.3543230664272},"rail-006709":{"out":22.360573154053316,"back":22.360573154053316,"walk_out":74.5352438468444,"walk_back":74.5352438468444},"rail-006714":{"out":25.22185277471612,"back":25.22185277471612,"walk_out":84.07284258238707,"walk_back":84.07284258238707},"rail-006584":{"out":26.99084257407688,"back":26.99084257407688,"walk_out":89.96947524692293,"walk_back":89.96947524692293},"rail-006935":{"out":22.42716460954518,"back":22.42716460954518,"walk_out":74.7572153651506,"walk_back":74.7572153651506},"rail-006624":{"out":26.133078173098365,"back":26.133078173098365,"walk_out":87.11026057699455,"walk_back":87.11026057699455},"rail-006543":{"out":23.61037544425587,"back":23.61037544425587,"walk_out":78.7012514808529,"walk_back":78.7012514808529},"juso":{"out":23.201975803629924,"back":23.201975803629924,"walk_out":77.33991934543307,"walk_back":77.33991934543307},"rail-007014":{"out":29.947766205721596,"back":29.947766205721596,"walk_out":99.82588735240532,"walk_back":99.82588735240532},"rail-006672":{"out":26.695647741638396,"back":26.695647741638396,"walk_out":88.98549247212799,"walk_back":88.98549247212799},"rail-006587":{"out":16.29725715290661,"back":16.29725715290661,"walk_out":54.324190509688705,"walk_back":54.324190509688705},"rail-006716":{"out":9.017284017134918,"back":9.017284017134918,"walk_out":30.057613390449728,"walk_back":30.057613390449728},"rail-006668":{"out":13.17137581318864,"back":13.17137581318864,"walk_out":43.904586043962134,"walk_back":43.904586043962134},"rail-006836":{"out":14.749352527008588,"back":14.749352527008588,"walk_out":49.16450842336196,"walk_back":49.16450842336196},"rail-006948":{"out":21.694661036942815,"back":21.694661036942815,"walk_out":72.31553678980939,"walk_back":72.31553678980939},"rail-006798":{"out":14.04434963515271,"back":14.04434963515271,"walk_out":46.81449878384236,"walk_back":46.81449878384236},"suita":{"out":15.741329118381449,"back":15.741329118381449,"walk_out":52.4710970612715,"walk_back":52.4710970612715},"rail-006826":{"out":15.442310416116555,"back":15.442310416116555,"walk_out":51.47436805372186,"walk_back":51.47436805372186},"rail-006956":{"out":27.977470711887158,"back":27.977470711887158,"walk_out":93.25823570629052,"walk_back":93.25823570629052},"rail-006830":{"out":22.946395717059747,"back":22.946395717059747,"walk_out":76.48798572353249,"walk_back":76.48798572353249},"tsukaguchi":{"out":25.656545808651305,"back":25.656545808651305,"walk_out":85.52181936217102,"walk_back":85.52181936217102},"rail-007009":{"out":26.98173931984025,"back":26.98173931984025,"walk_out":89.93913106613417,"walk_back":89.93913106613417},"rail-006674":{"out":16.907363019895918,"back":16.907363019895918,"walk_out":56.35787673298639,"walk_back":56.35787673298639},"tenroku":{"out":29.717127885756998,"back":29.717127885756998,"walk_out":99.05709295252333,"walk_back":99.05709295252333},"rail-006608":{"out":14.390205552527672,"back":14.390205552527672,"walk_out":47.967351841758905,"walk_back":47.967351841758905},"amagasaki":{"out":25.774741291213864,"back":25.774741291213864,"walk_out":85.9158043040462,"walk_back":85.9158043040462},"rail-006604":{"out":18.574601083771153,"back":18.574601083771153,"walk_out":61.91533694590384,"walk_back":61.91533694590384},"rail-006717":{"out":6.882374191961382,"back":6.882374191961382,"walk_out":22.94124730653794,"walk_back":22.94124730653794},"rail-006721":{"out":21.709025379308866,"back":21.709025379308866,"walk_out":72.36341793102955,"walk_back":72.36341793102955},"rail-006924":{"out":21.06685617621662,"back":21.06685617621662,"walk_out":70.22285392072207,"walk_back":70.22285392072207},"rail-006832":{"out":10.143765324255034,"back":10.143765324255034,"walk_out":33.81255108085011,"walk_back":33.81255108085011},"rail-007011":{"out":28.277148836301834,"back":28.277148836301834,"walk_out":94.25716278767277,"walk_back":94.25716278767277},"rail-006713":{"out":29.155785212141502,"back":29.155785212141502,"walk_out":97.18595070713833,"walk_back":97.18595070713833},"rail-006695":{"out":26.856818906537313,"back":26.856818906537313,"walk_out":89.52272968845772,"walk_back":89.52272968845772},"rail-006734":{"out":24.321576989276185,"back":24.321576989276185,"walk_out":81.07192329758729,"walk_back":81.07192329758729},"shinosaka":{"out":18.462475431752868,"back":18.462475431752868,"walk_out":61.54158477250956,"walk_back":61.54158477250956},"rail-006741":{"out":5.312481637647232,"back":5.312481637647232,"walk_out":17.708272125490772,"walk_back":17.708272125490772},"rail-006781":{"out":4.927789528115604,"back":4.927789528115604,"walk_out":16.42596509371868,"walk_back":16.42596509371868},"rail-006986":{"out":28.8361880509673,"back":28.8361880509673,"walk_out":96.12062683655766,"walk_back":96.12062683655766},"rail-006869":{"out":15.151453486372947,"back":15.151453486372947,"walk_out":50.50484495457649,"walk_back":50.50484495457649},"rail-006878":{"out":16.784562027664084,"back":16.784562027664084,"walk_out":55.94854009221361,"walk_back":55.94854009221361},"rail-006627":{"out":15.092279134445365,"back":15.092279134445365,"walk_out":50.30759711481788,"walk_back":50.30759711481788},"rail-006931":{"out":22.243851189281457,"back":22.243851189281457,"walk_out":74.14617063093819,"walk_back":74.14617063093819},"rail-006664":{"out":10.78823566329796,"back":10.78823566329796,"walk_out":35.960785544326534,"walk_back":35.960785544326534},"rail-006560":{"out":21.18191691553204,"back":21.18191691553204,"walk_out":70.60638971844013,"walk_back":70.60638971844013},"rail-006726":{"out":23.22935178366484,"back":23.22935178366484,"walk_out":77.43117261221613,"walk_back":77.43117261221613},"rail-006800":{"out":8.166577429683999,"back":8.166577429683999,"walk_out":27.22192476561333,"walk_back":27.22192476561333},"awaji":{"out":19.434134226585932,"back":19.434134226585932,"walk_out":64.78044742195311,"walk_back":64.78044742195311},"rail-006527":{"out":23.47414409156553,"back":23.47414409156553,"walk_out":78.2471469718851,"walk_back":78.2471469718851},"rail-006775":{"out":22.075290424423194,"back":22.075290424423194,"walk_out":73.58430141474399,"walk_back":73.58430141474399},"rail-006824":{"out":24.507392033074357,"back":24.507392033074357,"walk_out":81.69130677691453,"walk_back":81.69130677691453},"rail-006807":{"out":19.935190026222216,"back":19.935190026222216,"walk_out":66.45063342074071,"walk_back":66.45063342074071},"ishibashi":{"out":20.802620392911276,"back":20.802620392911276,"walk_out":69.34206797637091,"walk_back":69.34206797637091},"rail-006916":{"out":18.28283298793252,"back":18.28283298793252,"walk_out":60.942776626441734,"walk_back":60.942776626441734},"rail-006770":{"out":24.522956599378357,"back":24.522956599378357,"walk_out":81.74318866459453,"walk_back":81.74318866459453},"rail-006481":{"out":27.987004502019428,"back":27.987004502019428,"walk_out":93.29001500673142,"walk_back":93.29001500673142},"rail-010184":{"out":22.123800188588746,"back":22.123800188588746,"walk_out":73.74600062862915,"walk_back":73.74600062862915},"rail-010183":{"out":26.41211478927762,"back":26.41211478927762,"walk_out":88.0403826309254,"walk_back":88.0403826309254},"rail-006728":{"out":4.9088587901872165,"back":4.9088587901872165,"walk_out":16.362862633957388,"walk_back":16.362862633957388},"rail-006656":{"out":15.572856998974562,"back":15.572856998974562,"walk_out":51.90952332991521,"walk_back":51.90952332991521},"rail-006942":{"out":21.26457261485105,"back":21.26457261485105,"walk_out":70.88190871617017,"walk_back":70.88190871617017},"toyonaka":{"out":9.875640757803932,"back":9.875640757803932,"walk_out":32.91880252601311,"walk_back":32.91880252601311},"rail-006772":{"out":10.394606092287495,"back":10.394606092287495,"walk_out":34.64868697429165,"walk_back":34.64868697429165},"rail-006740":{"out":8.749169430268743,"back":8.749169430268743,"walk_out":29.16389810089581,"walk_back":29.16389810089581},"rail-006550":{"out":26.858019588353375,"back":26.858019588353375,"walk_out":89.52673196117792,"walk_back":89.52673196117792}}}},{"type":"Feature","geometry":{"type":"Point","coordinates":[135.57272,34.48347]},"properties":{"id":"bodik-osaka-106865194d900f5a67c2","name":"秋のパークフェスタ","venue":"錦織公園","address":"","category":"その他","source_category":"","date":"2026-10-11","end_date":"2026-10-11","start":null,"end":null,"schedule":"","url":"https://nishikori.osaka-park.or.jp/","source":"大阪府 イベント一覧（BODIK）","source_updated":"2026-09-14T08:52:41.251751","fetched_at":"2026-09-18T14:35:26.570Z","coordinate_source":"https://data.bodik.jp/ja/dataset/270008_event","fictional":false,"access":{"rail-007957":{"out":20.828540053961294,"back":20.828540053961294,"walk_out":69.42846684653765,"walk_back":69.42846684653765},"rail-007788":{"out":20.617413612512,"back":20.617413612512,"walk_out":68.72471204170667,"walk_back":68.72471204170667},"rail-007909":{"out":6.849799733320226,"back":6.849799733320226,"walk_out":22.832665777734086,"walk_back":22.832665777734086},"rail-007790":{"out":21.53486454118113,"back":21.53486454118113,"walk_out":71.78288180393709,"walk_back":71.78288180393709},"rail-007831":{"out":11.028143520070044,"back":11.028143520070044,"walk_out":36.76047840023348,"walk_back":36.76047840023348},"rail-007832":{"out":13.843085662692246,"back":13.843085662692246,"walk_out":46.14361887564082,"walk_back":46.14361887564082},"rail-007840":{"out":11.422099063896493,"back":11.422099063896493,"walk_out":38.07366354632165,"walk_back":38.07366354632165},"rail-007856":{"out":7.585042718003429,"back":7.585042718003429,"walk_out":25.283475726678095,"walk_back":25.283475726678095},"rail-007912":{"out":7.686861488821962,"back":7.686861488821962,"walk_out":25.62287162940654,"walk_back":25.62287162940654},"rail-007934":{"out":14.396198844640194,"back":14.396198844640194,"walk_out":47.98732948213398,"walk_back":47.98732948213398},"rail-007846":{"out":23.255997905858937,"back":23.255997905858937,"walk_out":77.51999301952979,"walk_back":77.51999301952979},"rail-007887":{"out":4.256666256261785,"back":4.256666256261785,"walk_out":14.188887520872617,"walk_back":14.188887520872617},"rail-007882":{"out":5.202932056618796,"back":5.202932056618796,"walk_out":17.343106855395988,"walk_back":17.343106855395988},"rail-007800":{"out":17.28315973830153,"back":17.28315973830153,"walk_out":57.61053246100511,"walk_back":57.61053246100511},"rail-007977":{"out":26.153860966146148,"back":26.153860966146148,"walk_out":87.1795365538205,"walk_back":87.1795365538205},"rail-007760":{"out":27.555077495717445,"back":27.555077495717445,"walk_out":91.85025831905816,"walk_back":91.85025831905816},"rail-007851":{"out":7.154354878288646,"back":7.154354878288646,"walk_out":23.847849594295486,"walk_back":23.847849594295486}}}},{"type":"Feature","geometry":{"type":"Point","coordinates":[135.47462,34.60968]},"properties":{"id":"bodik-osaka-e911a5219b9732b976f8","name":"ミュージックガ－デン","venue":"住之江公園","address":"","category":"その他","source_category":"","date":"2026-10-11","end_date":"2026-10-11","start":null,"end":null,"schedule":"","url":"https://www.toshi-kouen.jp/staticpages/index.php/suminoe_events","source":"大阪府 イベント一覧（BODIK）","source_updated":"2026-09-14T08:52:41.251751","fetched_at":"2026-09-18T14:35:26.570Z","coordinate_source":"https://data.bodik.jp/ja/dataset/270008_event","fictional":false,"access":{"namba":{"out":26.820477679363105,"back":26.820477679363105,"walk_out":89.40159226454368,"walk_back":89.40159226454368},"rail-007464":{"out":27.12303528116674,"back":27.12303528116674,"walk_out":90.41011760388913,"walk_back":90.41011760388913},"rail-007473":{"out":26.3671033841322,"back":26.3671033841322,"walk_out":87.890344613774,"walk_back":87.890344613774},"rail-007283":{"out":27.00858445230824,"back":27.00858445230824,"walk_out":90.02861484102748,"walk_back":90.02861484102748},"rail-007280":{"out":27.26431807796322,"back":27.26431807796322,"walk_out":90.8810602598774,"walk_back":90.8810602598774},"rail-007552":{"out":15.143149136938392,"back":15.143149136938392,"walk_out":50.47716378979465,"walk_back":50.47716378979465},"rail-007507":{"out":19.168538650781375,"back":19.168538650781375,"walk_out":63.895128835937925,"walk_back":63.895128835937925},"rail-007506":{"out":21.20512203852736,"back":21.20512203852736,"walk_out":70.68374012842453,"walk_back":70.68374012842453},"rail-007300":{"out":29.03893554759321,"back":29.03893554759321,"walk_out":96.7964518253107,"walk_back":96.7964518253107},"rail-007626":{"out":8.072552359457058,"back":8.072552359457058,"walk_out":26.90850786485686,"walk_back":26.90850786485686},"rail-007693":{"out":20.44914251495274,"back":20.44914251495274,"walk_out":68.1638083831758,"walk_back":68.1638083831758},"rail-007735":{"out":26.844035919124234,"back":26.844035919124234,"walk_out":89.48011973041412,"walk_back":89.48011973041412},"rail-007494":{"out":23.613138747587456,"back":23.613138747587456,"walk_out":78.71046249195818,"walk_back":78.71046249195818},"nakamozu":{"out":26.39345658928918,"back":26.39345658928918,"walk_out":87.97818863096394,"walk_back":87.97818863096394},"kujo":{"out":28.364779183982176,"back":28.364779183982176,"walk_out":94.54926394660725,"walk_back":94.54926394660725},"rail-007407":{"out":20.803534385212146,"back":20.803534385212146,"walk_out":69.34511461737382,"walk_back":69.34511461737382},"rail-007402":{"out":22.376268194394186,"back":22.376268194394186,"walk_out":74.58756064798061,"walk_back":74.58756064798061},"rail-007529":{"out":21.954586247622334,"back":21.954586247622334,"walk_out":73.18195415874112,"walk_back":73.18195415874112},"rail-007450":{"out":18.938290464827947,"back":18.938290464827947,"walk_out":63.12763488275983,"walk_back":63.12763488275983},"rail-007459":{"out":17.818769389139728,"back":17.818769389139728,"walk_out":59.395897963799094,"walk_back":59.395897963799094},"rail-007593":{"out":4.943305713248565,"back":4.943305713248565,"walk_out":16.47768571082855,"walk_back":16.47768571082855},"rail-007580":{"out":0.6610294123616766,"back":0.6610294123616766,"walk_out":2.203431374538922,"walk_back":2.203431374538922},"rail-007567":{"out":6.547562360582639,"back":6.547562360582639,"walk_out":21.825207868608796,"walk_back":21.825207868608796},"rail-007573":{"out":5.84506881899346,"back":5.84506881899346,"walk_out":19.4835627299782,"walk_back":19.4835627299782},"rail-007572":{"out":8.563150812697778,"back":8.563150812697778,"walk_out":28.543836042325925,"walk_back":28.543836042325925},"rail-007574":{"out":6.203078054532132,"back":6.203078054532132,"walk_out":20.67692684844044,"walk_back":20.67692684844044},"dobutsuen":{"out":19.967594244370797,"back":19.967594244370797,"walk_out":66.558647481236,"walk_back":66.558647481236},"rail-007544":{"out":5.449120966891714,"back":5.449120966891714,"walk_out":18.16373655630571,"walk_back":18.16373655630571},"rail-007485":{"out":15.099787824261773,"back":15.099787824261773,"walk_out":50.33262608087258,"walk_back":50.33262608087258},"rail-007502":{"out":22.229005449644678,"back":22.229005449644678,"walk_out":74.09668483214892,"walk_back":74.09668483214892},"rail-007522":{"out":13.749735101565006,"back":13.749735101565006,"walk_out":45.83245033855002,"walk_back":45.83245033855002},"rail-007647":{"out":19.497255906008576,"back":19.497255906008576,"walk_out":64.99085302002858,"walk_back":64.99085302002858},"rail-007570":{"out":10.68238534533366,"back":10.68238534533366,"walk_out":35.6079511511122,"walk_back":35.6079511511122},"rail-007571":{"out":13.413850485804996,"back":13.413850485804996,"walk_out":44.712834952683316,"walk_back":44.712834952683316},"rail-007531":{"out":18.34524366122247,"back":18.34524366122247,"walk_out":61.150812204074896,"walk_back":61.150812204074896},"rail-007581":{"out":28.360532391936463,"back":28.360532391936463,"walk_out":94.53510797312154,"walk_back":94.53510797312154},"rail-007268":{"out":29.706153112314112,"back":29.706153112314112,"walk_out":99.02051037438038,"walk_back":99.02051037438038},"rail-007382":{"out":26.065712808848016,"back":26.065712808848016,"walk_out":86.88570936282672,"walk_back":86.88570936282672},"rail-007649":{"out":12.58469317348695,"back":12.58469317348695,"walk_out":41.9489772449565,"walk_back":41.9489772449565},"rail-007660":{"out":16.759438903394805,"back":16.759438903394805,"walk_out":55.86479634464935,"walk_back":55.86479634464935},"rail-007667":{"out":15.520020190733637,"back":15.520020190733637,"walk_out":51.7334006357788,"walk_back":51.7334006357788},"rail-007534":{"out":9.572161351509722,"back":9.572161351509722,"walk_out":31.907204505032404,"walk_back":31.907204505032404},"rail-007622":{"out":8.02194704006759,"back":8.02194704006759,"walk_out":26.739823466891963,"walk_back":26.739823466891963},"rail-007395":{"out":22.41009847801827,"back":22.41009847801827,"walk_out":74.7003282600609,"walk_back":74.7003282600609},"rail-007654":{"out":13.588093190164187,"back":13.588093190164187,"walk_out":45.29364396721395,"walk_back":45.29364396721395},"taisho":{"out":24.912083588414824,"back":24.912083588414824,"walk_out":83.0402786280494,"walk_back":83.0402786280494},"osakako":{"out":24.56835617411057,"back":24.56835617411057,"walk_out":81.89452058036856,"walk_back":81.89452058036856},"rail-007451":{"out":21.65059841561516,"back":21.65059841561516,"walk_out":72.16866138538387,"walk_back":72.16866138538387},"rail-007483":{"out":14.662311196589972,"back":14.662311196589972,"walk_out":48.874370655299906,"walk_back":48.874370655299906},"tennoji":{"out":21.862396394215956,"back":21.862396394215956,"walk_out":72.87465464738652,"walk_back":72.87465464738652},"rail-007447":{"out":21.483760163359868,"back":21.483760163359868,"walk_out":71.61253387786623,"walk_back":71.61253387786623},"rail-007515":{"out":12.110729287424476,"back":12.110729287424476,"walk_out":40.36909762474826,"walk_back":40.36909762474826},"rail-007646":{"out":11.659340779686927,"back":11.659340779686927,"walk_out":38.864469265623086,"walk_back":38.864469265623086},"rail-007532":{"out":12.26164464160506,"back":12.26164464160506,"walk_out":40.8721488053502,"walk_back":40.8721488053502},"rail-007592":{"out":5.966219433765536,"back":5.966219433765536,"walk_out":19.887398112551786,"walk_back":19.887398112551786},"rail-007666":{"out":14.828666623178853,"back":14.828666623178853,"walk_out":49.428888743929505,"walk_back":49.428888743929505},"rail-007673":{"out":16.15026912368815,"back":16.15026912368815,"walk_out":53.834230412293834,"walk_back":53.834230412293834},"rail-007434":{"out":24.717053901886395,"back":24.717053901886395,"walk_out":82.39017967295464,"walk_back":82.39017967295464},"rail-007493":{"out":12.970147334927308,"back":12.970147334927308,"walk_out":43.23382444975769,"walk_back":43.23382444975769},"rail-007517":{"out":11.544871608583898,"back":11.544871608583898,"walk_out":38.48290536194633,"walk_back":38.48290536194633},"rail-007657":{"out":27.628446562730254,"back":27.628446562730254,"walk_out":92.09482187576752,"walk_back":92.09482187576752},"rail-007538":{"out":10.258399695664313,"back":10.258399695664313,"walk_out":34.194665652214375,"walk_back":34.194665652214375},"rail-007547":{"out":10.71933312558143,"back":10.71933312558143,"walk_out":35.73111041860477,"walk_back":35.73111041860477},"rail-007559":{"out":9.590125947412036,"back":9.590125947412036,"walk_out":31.967086491373454,"walk_back":31.967086491373454},"rail-007575":{"out":5.896808167696145,"back":5.896808167696145,"walk_out":19.65602722565382,"walk_back":19.65602722565382},"rail-007505":{"out":29.517297474327613,"back":29.517297474327613,"walk_out":98.39099158109204,"walk_back":98.39099158109204},"rail-007546":{"out":27.567661459100325,"back":27.567661459100325,"walk_out":91.89220486366776,"walk_back":91.89220486366776},"bentencho":{"out":27.23671483383316,"back":27.23671483383316,"walk_out":90.78904944611054,"walk_back":90.78904944611054},"rail-007682":{"out":17.55525429454218,"back":17.55525429454218,"walk_out":58.5175143151406,"walk_back":58.5175143151406},"rail-007399":{"out":22.495210441709308,"back":22.495210441709308,"walk_out":74.98403480569769,"walk_back":74.98403480569769},"rail-007611":{"out":14.753891956734558,"back":14.753891956734558,"walk_out":49.17963985578186,"walk_back":49.17963985578186},"rail-007609":{"out":9.22062686294915,"back":9.22062686294915,"walk_out":30.735422876497164,"walk_back":30.735422876497164},"rail-007595":{"out":12.313562727534318,"back":12.313562727534318,"walk_out":41.04520909178106,"walk_back":41.04520909178106},"rail-007607":{"out":6.649845417690973,"back":6.649845417690973,"walk_out":22.166151392303245,"walk_back":22.166151392303245},"rail-007486":{"out":19.766268422971624,"back":19.766268422971624,"walk_out":65.88756140990542,"walk_back":65.88756140990542},"shinimamiya":{"out":20.468922183128942,"back":20.468922183128942,"walk_out":68.2297406104298,"walk_back":68.2297406104298},"rail-007427":{"out":20.613339455766617,"back":20.613339455766617,"walk_out":68.71113151922205,"walk_back":68.71113151922205},"rail-007690":{"out":23.705134785811186,"back":23.705134785811186,"walk_out":79.01711595270395,"walk_back":79.01711595270395},"nipponbashi":{"out":27.804681150659476,"back":27.804681150659476,"walk_out":92.68227050219825,"walk_back":92.68227050219825},"rail-007499":{"out":18.619088322679936,"back":18.619088322679936,"walk_out":62.063627742266455,"walk_back":62.063627742266455},"rail-007370":{"out":24.622832556018412,"back":24.622832556018412,"walk_out":82.07610852006137,"walk_back":82.07610852006137},"rail-007406":{"out":20.24054223879022,"back":20.24054223879022,"walk_out":67.46847412930073,"walk_back":67.46847412930073},"rail-007623":{"out":12.770375950458197,"back":12.770375950458197,"walk_out":42.56791983486065,"walk_back":42.56791983486065},"rail-007500":{"out":16.02357419355246,"back":16.02357419355246,"walk_out":53.411913978508196,"walk_back":53.411913978508196},"rail-007699":{"out":20.426842686604456,"back":20.426842686604456,"walk_out":68.08947562201485,"walk_back":68.08947562201485},"rail-007525":{"out":10.928534388823007,"back":10.928534388823007,"walk_out":36.428447962743356,"walk_back":36.428447962743356},"rail-007553":{"out":7.598133505086263,"back":7.598133505086263,"walk_out":25.32711168362088,"walk_back":25.32711168362088},"rail-007479":{"out":26.313229598099074,"back":26.313229598099074,"walk_out":87.7107653269969,"walk_back":87.7107653269969},"rail-007472":{"out":16.373885475138536,"back":16.373885475138536,"walk_out":54.57961825046179,"walk_back":54.57961825046179},"rail-007487":{"out":17.261542743900975,"back":17.261542743900975,"walk_out":57.53847581300325,"walk_back":57.53847581300325},"rail-007380":{"out":29.218288146032677,"back":29.218288146032677,"walk_out":97.39429382010893,"walk_back":97.39429382010893},"rail-007364":{"out":28.01786114173521,"back":28.01786114173521,"walk_out":93.39287047245071,"walk_back":93.39287047245071},"sakuragawa":{"out":26.490396576297588,"back":26.490396576297588,"walk_out":88.30132192099197,"walk_back":88.30132192099197},"rail-007303":{"out":26.118145949908037,"back":26.118145949908037,"walk_out":87.06048649969345,"walk_back":87.06048649969345},"rail-007587":{"out":8.28263418104632,"back":8.28263418104632,"walk_out":27.608780603487737,"walk_back":27.608780603487737},"rail-007639":{"out":24.714950857716296,"back":24.714950857716296,"walk_out":82.38316952572099,"walk_back":82.38316952572099},"rail-007470":{"out":22.898084741999106,"back":22.898084741999106,"walk_out":76.32694913999703,"walk_back":76.32694913999703},"rail-007442":{"out":16.933146433717763,"back":16.933146433717763,"walk_out":56.44382144572588,"walk_back":56.44382144572588},"rail-007641":{"out":14.891072010754055,"back":14.891072010754055,"walk_out":49.63690670251352,"walk_back":49.63690670251352},"rail-007630":{"out":10.760729605454397,"back":10.760729605454397,"walk_out":35.86909868484799,"walk_back":35.86909868484799},"rail-007683":{"out":18.168961762977492,"back":18.168961762977492,"walk_out":60.56320587659164,"walk_back":60.56320587659164},"rail-007533":{"out":8.6484460805985,"back":8.6484460805985,"walk_out":28.828153601994998,"walk_back":28.828153601994998},"rail-007519":{"out":20.33711586468428,"back":20.33711586468428,"walk_out":67.79038621561426,"walk_back":67.79038621561426},"rail-007709":{"out":23.35923872942695,"back":23.35923872942695,"walk_out":77.86412909808982,"walk_back":77.86412909808982},"rail-007704":{"out":23.416544026114053,"back":23.416544026114053,"walk_out":78.0551467537135,"walk_back":78.0551467537135},"rail-007590":{"out":21.421211121507373,"back":21.421211121507373,"walk_out":71.40403707169125,"walk_back":71.40403707169125},"rail-007714":{"out":25.18540164148242,"back":25.18540164148242,"walk_out":83.9513388049414,"walk_back":83.9513388049414},"rail-007706":{"out":22.649442509734268,"back":22.649442509734268,"walk_out":75.49814169911423,"walk_back":75.49814169911423},"rail-007707":{"out":23.720708423186032,"back":23.720708423186032,"walk_out":79.06902807728677,"walk_back":79.06902807728677},"rail-007564":{"out":8.546772861217132,"back":8.546772861217132,"walk_out":28.48924287072377,"walk_back":28.48924287072377},"rail-007640":{"out":10.954368878970346,"back":10.954368878970346,"walk_out":36.51456292990115,"walk_back":36.51456292990115},"rail-007554":{"out":7.2794623414077,"back":7.2794623414077,"walk_out":24.264874471359,"walk_back":24.264874471359},"rail-007579":{"out":6.054847500737824,"back":6.054847500737824,"walk_out":20.182825002459413,"walk_back":20.182825002459413},"rail-007635":{"out":10.177558470939482,"back":10.177558470939482,"walk_out":33.92519490313161,"walk_back":33.92519490313161},"rail-007475":{"out":22.125740371075825,"back":22.125740371075825,"walk_out":73.75246790358608,"walk_back":73.75246790358608},"rail-007498":{"out":13.811437451413422,"back":13.811437451413422,"walk_out":46.03812483804474,"walk_back":46.03812483804474},"rail-007734":{"out":27.986624450128346,"back":27.986624450128346,"walk_out":93.28874816709448,"walk_back":93.28874816709448},"rail-007379":{"out":22.39166182456612,"back":22.39166182456612,"walk_out":74.63887274855374,"walk_back":74.63887274855374},"rail-007371":{"out":23.01492240960779,"back":23.01492240960779,"walk_out":76.71640803202598,"walk_back":76.71640803202598},"rail-007454":{"out":17.32712796484849,"back":17.32712796484849,"walk_out":57.75709321616163,"walk_back":57.75709321616163},"rail-007650":{"out":12.444940347846101,"back":12.444940347846101,"walk_out":41.483134492820334,"walk_back":41.483134492820334},"rail-007452":{"out":18.304424421045127,"back":18.304424421045127,"walk_out":61.01474807015042,"walk_back":61.01474807015042},"rail-007476":{"out":13.919898700887972,"back":13.919898700887972,"walk_out":46.39966233629324,"walk_back":46.39966233629324},"rail-007540":{"out":15.770822110378406,"back":15.770822110378406,"walk_out":52.56940703459468,"walk_back":52.56940703459468},"rail-007246":{"out":28.936755860755042,"back":28.936755860755042,"walk_out":96.45585286918347,"walk_back":96.45585286918347},"rail-007729":{"out":27.373503861738442,"back":27.373503861738442,"walk_out":91.24501287246147,"walk_back":91.24501287246147},"tanimachi9":{"out":29.646928551103805,"back":29.646928551103805,"walk_out":98.82309517034601,"walk_back":98.82309517034601},"rail-007317":{"out":27.925450877192006,"back":27.925450877192006,"walk_out":93.08483625730669,"walk_back":93.08483625730669},"rail-007562":{"out":21.63804976773136,"back":21.63804976773136,"walk_out":72.12683255910453,"walk_back":72.12683255910453},"nagai":{"out":14.345195374040076,"back":14.345195374040076,"walk_out":47.81731791346692,"walk_back":47.81731791346692},"rail-007460":{"out":19.724886316741273,"back":19.724886316741273,"walk_out":65.74962105580424,"walk_back":65.74962105580424},"rail-007543":{"out":21.93290137938692,"back":21.93290137938692,"walk_out":73.10967126462306,"walk_back":73.10967126462306},"rail-007628":{"out":9.386037953060637,"back":9.386037953060637,"walk_out":31.28679317686879,"walk_back":31.28679317686879},"rail-007556":{"out":15.986808783485621,"back":15.986808783485621,"walk_out":53.28936261161874,"walk_back":53.28936261161874}}}},{"type":"Feature","geometry":{"type":"Point","coordinates":[135.5788,34.63141]},"properties":{"id":"bodik-osaka-cf2da78ea82eda3281d8","name":"ドッグスクール","venue":"久宝寺緑地","address":"","category":"その他","source_category":"","date":"2026-10-11","end_date":"2026-10-11","start":null,"end":null,"schedule":"","url":"https://kyuhoji-ryokuchi.jp/","source":"大阪府 イベント一覧（BODIK）","source_updated":"2026-09-14T08:52:41.251751","fetched_at":"2026-09-18T14:35:26.570Z","coordinate_source":"https://data.bodik.jp/ja/dataset/270008_event","fictional":false,"access":{"rail-007376":{"out":12.3360863913444,"back":12.3360863913444,"walk_out":41.120287971148,"walk_back":41.120287971148},"rail-007344":{"out":14.833195010312476,"back":14.833195010312476,"walk_out":49.443983367708256,"walk_back":49.443983367708256},"rail-007422":{"out":8.815085537781805,"back":8.815085537781805,"walk_out":29.383618459272682,"walk_back":29.383618459272682},"kyuhoji":{"out":4.5327503034730015,"back":4.5327503034730015,"walk_out":15.109167678243338,"walk_back":15.109167678243338},"rail-007491":{"out":4.5313010230363195,"back":4.5313010230363195,"walk_out":15.1043367434544,"walk_back":15.1043367434544},"rail-007529":{"out":17.60646567801607,"back":17.60646567801607,"walk_out":58.68821892672024,"walk_back":58.68821892672024},"rail-007450":{"out":28.70687434162788,"back":28.70687434162788,"walk_out":95.6895811387596,"walk_back":95.6895811387596},"rail-007459":{"out":28.677672229759636,"back":28.677672229759636,"walk_out":95.59224076586545,"walk_back":95.59224076586545},"rail-007284":{"out":20.874050828737538,"back":20.874050828737538,"walk_out":69.58016942912512,"walk_back":69.58016942912512},"rail-007342":{"out":18.202018757829997,"back":18.202018757829997,"walk_out":60.67339585943333,"walk_back":60.67339585943333},"rail-007378":{"out":12.36736585833943,"back":12.36736585833943,"walk_out":41.22455286113143,"walk_back":41.22455286113143},"rail-007549":{"out":23.72916130545068,"back":23.72916130545068,"walk_out":79.09720435150227,"walk_back":79.09720435150227},"rail-007560":{"out":9.168430406691996,"back":9.168430406691996,"walk_out":30.56143468897332,"walk_back":30.56143468897332},"rail-007618":{"out":15.27376964483595,"back":15.27376964483595,"walk_out":50.91256548278649,"walk_back":50.91256548278649},"rail-007351":{"out":14.888633534461793,"back":14.888633534461793,"walk_out":49.62877844820597,"walk_back":49.62877844820597},"rail-007582":{"out":11.092482224895164,"back":11.092482224895164,"walk_out":36.97494074965054,"walk_back":36.97494074965054},"rail-007524":{"out":4.8502657388788295,"back":4.8502657388788295,"walk_out":16.167552462929432,"walk_back":16.167552462929432},"dobutsuen":{"out":28.58622355596859,"back":28.58622355596859,"walk_out":95.28741185322863,"walk_back":95.28741185322863},"rail-007485":{"out":28.84750342346281,"back":28.84750342346281,"walk_out":96.15834474487603,"walk_back":96.15834474487603},"rail-007412":{"out":13.053082955677729,"back":13.053082955677729,"walk_out":43.510276518925764,"walk_back":43.510276518925764},"rail-007502":{"out":18.249595776689237,"back":18.249595776689237,"walk_out":60.83198592229745,"walk_back":60.83198592229745},"rail-007522":{"out":26.89441899033533,"back":26.89441899033533,"walk_out":89.64806330111776,"walk_back":89.64806330111776},"rail-007462":{"out":10.65761179448601,"back":10.65761179448601,"walk_out":35.5253726482867,"walk_back":35.5253726482867},"rail-007531":{"out":21.359005619253065,"back":21.359005619253065,"walk_out":71.19668539751022,"walk_back":71.19668539751022},"rail-007213":{"out":27.44601767773998,"back":27.44601767773998,"walk_out":91.4867255924666,"walk_back":91.4867255924666},"rail-007581":{"out":13.901609035314568,"back":13.901609035314568,"walk_out":46.338696784381895,"walk_back":46.338696784381895},"rail-007382":{"out":26.51872604929057,"back":26.51872604929057,"walk_out":88.39575349763523,"walk_back":88.39575349763523},"rail-007676":{"out":29.815966049304677,"back":29.815966049304677,"walk_out":99.38655349768226,"walk_back":99.38655349768226},"rail-007633":{"out":26.093333793129435,"back":26.093333793129435,"walk_out":86.97777931043144,"walk_back":86.97777931043144},"uehommachi":{"out":25.924218434239364,"back":25.924218434239364,"walk_out":86.41406144746455,"walk_back":86.41406144746455},"rail-007164":{"out":29.900442736915018,"back":29.900442736915018,"walk_out":99.66814245638339,"walk_back":99.66814245638339},"rail-007451":{"out":24.36135665780537,"back":24.36135665780537,"walk_out":81.20452219268456,"walk_back":81.20452219268456},"tennoji":{"out":24.432570102639293,"back":24.432570102639293,"walk_out":81.44190034213098,"walk_back":81.44190034213098},"rail-007447":{"out":24.96364928629508,"back":24.96364928629508,"walk_out":83.21216428765027,"walk_back":83.21216428765027},"rail-007515":{"out":29.697497655368245,"back":29.697497655368245,"walk_out":98.99165885122748,"walk_back":98.99165885122748},"rail-007532":{"out":27.870309916401126,"back":27.870309916401126,"walk_out":92.90103305467042,"walk_back":92.90103305467042},"rail-007653":{"out":29.29315856133514,"back":29.29315856133514,"walk_out":97.64386187111714,"walk_back":97.64386187111714},"rail-007434":{"out":21.49628591094289,"back":21.49628591094289,"walk_out":71.65428636980964,"walk_back":71.65428636980964},"rail-007368":{"out":15.65820958409393,"back":15.65820958409393,"walk_out":52.19403194697977,"walk_back":52.19403194697977},"rail-007657":{"out":27.84800140782502,"back":27.84800140782502,"walk_out":92.82667135941674,"walk_back":92.82667135941674},"fuse":{"out":15.56499408505987,"back":15.56499408505987,"walk_out":51.88331361686624,"walk_back":51.88331361686624},"rail-007538":{"out":29.743590438227383,"back":29.743590438227383,"walk_out":99.14530146075793,"walk_back":99.14530146075793},"rail-007547":{"out":28.971083287543994,"back":28.971083287543994,"walk_out":96.57027762514664,"walk_back":96.57027762514664},"rail-007559":{"out":29.852169969679448,"back":29.852169969679448,"walk_out":99.50723323226482,"walk_back":99.50723323226482},"rail-007505":{"out":10.16745600539689,"back":10.16745600539689,"walk_out":33.891520017989635,"walk_back":33.891520017989635},"rail-007546":{"out":11.954905897862298,"back":11.954905897862298,"walk_out":39.84968632620766,"walk_back":39.84968632620766},"rail-007468":{"out":4.750252733120279,"back":4.750252733120279,"walk_out":15.834175777067596,"walk_back":15.834175777067596},"rail-007131":{"out":27.184085590346967,"back":27.184085590346967,"walk_out":90.6136186344899,"walk_back":90.6136186344899},"rail-007606":{"out":19.380910945584397,"back":19.380910945584397,"walk_out":64.60303648528132,"walk_back":64.60303648528132},"rail-007578":{"out":19.843582531803175,"back":19.843582531803175,"walk_out":66.14527510601059,"walk_back":66.14527510601059},"rail-007674":{"out":25.82351270967732,"back":25.82351270967732,"walk_out":86.0783756989244,"walk_back":86.0783756989244},"rail-007399":{"out":28.780336553557433,"back":28.780336553557433,"walk_out":95.93445517852477,"walk_back":95.93445517852477},"rail-007611":{"out":28.13203171125882,"back":28.13203171125882,"walk_out":93.77343903752939,"walk_back":93.77343903752939},"rail-007595":{"out":29.28838482370203,"back":29.28838482370203,"walk_out":97.62794941234012,"walk_back":97.62794941234012},"rail-007162":{"out":25.81378593178628,"back":25.81378593178628,"walk_out":86.04595310595427,"walk_back":86.04595310595427},"rail-007486":{"out":22.23355409459852,"back":22.23355409459852,"walk_out":74.11184698199507,"walk_back":74.11184698199507},"shinimamiya":{"out":29.356807521071584,"back":29.356807521071584,"walk_out":97.85602507023862,"walk_back":97.85602507023862},"rail-007427":{"out":28.753358650968693,"back":28.753358650968693,"walk_out":95.8445288365623,"walk_back":95.8445288365623},"rail-007523":{"out":4.333110288140507,"back":4.333110288140507,"walk_out":14.443700960468355,"walk_back":14.443700960468355},"rail-007297":{"out":18.66808296958844,"back":18.66808296958844,"walk_out":62.226943231961464,"walk_back":62.226943231961464},"rail-007499":{"out":22.669900418391084,"back":22.669900418391084,"walk_out":75.56633472797029,"walk_back":75.56633472797029},"rail-007528":{"out":22.92912763257913,"back":22.92912763257913,"walk_out":76.43042544193044,"walk_back":76.43042544193044},"rail-007500":{"out":25.73623519494858,"back":25.73623519494858,"walk_out":85.7874506498286,"walk_back":85.7874506498286},"higashihanazono":{"out":22.313979088580744,"back":22.313979088580744,"walk_out":74.37993029526915,"walk_back":74.37993029526915},"rail-007479":{"out":15.338846204505753,"back":15.338846204505753,"walk_out":51.12948734835251,"walk_back":51.12948734835251},"rail-007472":{"out":28.724876441683573,"back":28.724876441683573,"walk_out":95.74958813894524,"walk_back":95.74958813894524},"rail-007487":{"out":25.300283883611595,"back":25.300283883611595,"walk_out":84.33427961203866,"walk_back":84.33427961203866},"rail-007636":{"out":25.683719016502522,"back":25.683719016502522,"walk_out":85.61239672167507,"walk_back":85.61239672167507},"rail-007652":{"out":27.86035714196441,"back":27.86035714196441,"walk_out":92.86785713988137,"walk_back":92.86785713988137},"rail-007380":{"out":22.159354951053253,"back":22.159354951053253,"walk_out":73.86451650351084,"walk_back":73.86451650351084},"morinomiya":{"out":28.024875674129362,"back":28.024875674129362,"walk_out":93.41625224709787,"walk_back":93.41625224709787},"rail-007639":{"out":25.735905794213593,"back":25.735905794213593,"walk_out":85.78635264737865,"walk_back":85.78635264737865},"rail-007350":{"out":14.515811004137934,"back":14.515811004137934,"walk_out":48.386036680459775,"walk_back":48.386036680459775},"kawachi_yamamoto":{"out":14.8558630861602,"back":14.8558630861602,"walk_out":49.519543620534,"walk_back":49.519543620534},"rail-007668":{"out":26.07307764288168,"back":26.07307764288168,"walk_out":86.91025880960561,"walk_back":86.91025880960561},"rail-007345":{"out":14.750474298547847,"back":14.750474298547847,"walk_out":49.16824766182616,"walk_back":49.16824766182616},"rail-007359":{"out":20.10963787132724,"back":20.10963787132724,"walk_out":67.03212623775747,"walk_back":67.03212623775747},"rail-007470":{"out":20.41804401582414,"back":20.41804401582414,"walk_out":68.0601467194138,"walk_back":68.0601467194138},"rail-007621":{"out":23.69958669304543,"back":23.69958669304543,"walk_out":78.99862231015143,"walk_back":78.99862231015143},"fukaebashi":{"out":22.718026710549125,"back":22.718026710549125,"walk_out":75.72675570183041,"walk_back":75.72675570183041},"rail-007260":{"out":25.162452572878067,"back":25.162452572878067,"walk_out":83.87484190959356,"walk_back":83.87484190959356},"rail-007365":{"out":25.935726305786226,"back":25.935726305786226,"walk_out":86.45242101928743,"walk_back":86.45242101928743},"rail-007519":{"out":19.65222217326981,"back":19.65222217326981,"walk_out":65.5074072442327,"walk_back":65.5074072442327},"rail-007590":{"out":20.255447172771774,"back":20.255447172771774,"walk_out":67.51815724257257,"walk_back":67.51815724257257},"rail-007201":{"out":25.172849591053637,"back":25.172849591053637,"walk_out":83.90949863684546,"walk_back":83.90949863684546},"rail-007475":{"out":20.389616893775678,"back":20.389616893775678,"walk_out":67.96538964591892,"walk_back":67.96538964591892},"rail-007498":{"out":29.045491402374232,"back":29.045491402374232,"walk_out":96.81830467458077,"walk_back":96.81830467458077},"rail-007354":{"out":17.76928185610558,"back":17.76928185610558,"walk_out":59.23093952035193,"walk_back":59.23093952035193},"rail-007234":{"out":23.083134776255484,"back":23.083134776255484,"walk_out":76.94378258751827,"walk_back":76.94378258751827},"rail-007452":{"out":29.857843112677283,"back":29.857843112677283,"walk_out":99.52614370892428,"walk_back":99.52614370892428},"rail-007678":{"out":27.21513137281386,"back":27.21513137281386,"walk_out":90.71710457604621,"walk_back":90.71710457604621},"rail-007477":{"out":5.292671039364361,"back":5.292671039364361,"walk_out":17.642236797881203,"walk_back":17.642236797881203},"rail-007540":{"out":23.68778514471783,"back":23.68778514471783,"walk_out":78.9592838157261,"walk_back":78.9592838157261},"tanimachi9":{"out":27.969189761189032,"back":27.969189761189032,"walk_out":93.23063253729677,"walk_back":93.23063253729677},"tanimachi6":{"out":29.825386665913907,"back":29.825386665913907,"walk_out":99.41795555304635,"walk_back":99.41795555304635},"kintetsu_yao":{"out":9.08339652161075,"back":9.08339652161075,"walk_out":30.277988405369168,"walk_back":30.277988405369168},"rail-007562":{"out":17.922425460140573,"back":17.922425460140573,"walk_out":59.74141820046858,"walk_back":59.74141820046858},"rail-007594":{"out":12.996870207822015,"back":12.996870207822015,"walk_out":43.32290069274005,"walk_back":43.32290069274005},"nagai":{"out":25.625670018062074,"back":25.625670018062074,"walk_out":85.41890006020691,"walk_back":85.41890006020691},"rail-007425":{"out":8.215521998023233,"back":8.215521998023233,"walk_out":27.38507332674411,"walk_back":27.38507332674411},"nagata":{"out":21.601972738646726,"back":21.601972738646726,"walk_out":72.00657579548908,"walk_back":72.00657579548908},"rail-007460":{"out":24.94714050690037,"back":24.94714050690037,"walk_out":83.15713502300123,"walk_back":83.15713502300123},"rail-007543":{"out":17.406065053200173,"back":17.406065053200173,"walk_out":58.02021684400057,"walk_back":58.02021684400057},"rail-007235":{"out":21.06543401803524,"back":21.06543401803524,"walk_out":70.21811339345079,"walk_back":70.21811339345079},"rail-007229":{"out":21.219897472779472,"back":21.219897472779472,"walk_out":70.73299157593156,"walk_back":70.73299157593156},"rail-007551":{"out":17.47660131835153,"back":17.47660131835153,"walk_out":58.25533772783844,"walk_back":58.25533772783844},"rail-007569":{"out":28.43112932573508,"back":28.43112932573508,"walk_out":94.7704310857836,"walk_back":94.7704310857836},"rail-007669":{"out":27.74257075464811,"back":27.74257075464811,"walk_out":92.47523584882703,"walk_back":92.47523584882703},"rail-007679":{"out":26.733241185337057,"back":26.733241185337057,"walk_out":89.11080395112351,"walk_back":89.11080395112351},"rail-007125":{"out":29.935945697977782,"back":29.935945697977782,"walk_out":99.78648565992594,"walk_back":99.78648565992594},"rail-007556":{"out":23.354118957231663,"back":23.354118957231663,"walk_out":77.84706319077222,"walk_back":77.84706319077222},"tsuruhashi":{"out":23.39538296941601,"back":23.39538296941601,"walk_out":77.98460989805336,"walk_back":77.98460989805336}}}},{"type":"Feature","geometry":{"type":"Point","coordinates":[135.48764,34.61375]},"properties":{"id":"bodik-osaka-54dd3eb90108a8b55bd4","name":"楽しい自然工作・秋","venue":"住吉公園","address":"","category":"その他","source_category":"","date":"2026-10-11","end_date":"2026-10-11","start":null,"end":null,"schedule":"","url":"https://www.toshi-kouen.jp/staticpages/index.php/sumiyoshi_top","source":"大阪府 イベント一覧（BODIK）","source_updated":"2026-09-14T08:52:41.251751","fetched_at":"2026-09-18T14:35:26.570Z","coordinate_source":"https://data.bodik.jp/ja/dataset/270008_event","fictional":false,"access":{"namba":{"out":23.767975206189984,"back":23.767975206189984,"walk_out":79.22658402063328,"walk_back":79.22658402063328},"rail-007473":{"out":29.888994712032822,"back":29.888994712032822,"walk_out":99.62998237344274,"walk_back":99.62998237344274},"rail-007283":{"out":25.36507037382659,"back":25.36507037382659,"walk_out":84.55023457942197,"walk_back":84.55023457942197},"rail-007280":{"out":25.579911189533284,"back":25.579911189533284,"walk_out":85.26637063177762,"walk_back":85.26637063177762},"rail-007552":{"out":19.449250484559396,"back":19.449250484559396,"walk_out":64.83083494853132,"walk_back":64.83083494853132},"rail-007507":{"out":22.76679468749529,"back":22.76679468749529,"walk_out":75.88931562498429,"walk_back":75.88931562498429},"rail-007506":{"out":24.950068205646815,"back":24.950068205646815,"walk_out":83.16689401882272,"walk_back":83.16689401882272},"rail-007626":{"out":9.93838565831591,"back":9.93838565831591,"walk_out":33.12795219438637,"walk_back":33.12795219438637},"rail-007693":{"out":21.232556166056916,"back":21.232556166056916,"walk_out":70.77518722018972,"walk_back":70.77518722018972},"rail-007735":{"out":28.84116976343908,"back":28.84116976343908,"walk_out":96.13723254479693,"walk_back":96.13723254479693},"rail-007494":{"out":27.289079888069004,"back":27.289079888069004,"walk_out":90.96359962689668,"walk_back":90.96359962689668},"nakamozu":{"out":26.415340839148037,"back":26.415340839148037,"walk_out":88.05113613049346,"walk_back":88.05113613049346},"kujo":{"out":26.98971708081561,"back":26.98971708081561,"walk_out":89.9657236027187,"walk_back":89.9657236027187},"rail-007407":{"out":18.0115364370522,"back":18.0115364370522,"walk_out":60.038454790173994,"walk_back":60.038454790173994},"rail-007402":{"out":18.976874078312743,"back":18.976874078312743,"walk_out":63.25624692770915,"walk_back":63.25624692770915},"rail-007529":{"out":16.85746869314108,"back":16.85746869314108,"walk_out":56.19156231047027,"walk_back":56.19156231047027},"rail-007450":{"out":15.171914254521583,"back":15.171914254521583,"walk_out":50.57304751507194,"walk_back":50.57304751507194},"rail-007459":{"out":13.978797557860384,"back":13.978797557860384,"walk_out":46.595991859534614,"walk_back":46.595991859534614},"rail-007593":{"out":3.7741200314191805,"back":3.7741200314191805,"walk_out":12.580400104730602,"walk_back":12.580400104730602},"rail-007580":{"out":5.745590386023994,"back":5.745590386023994,"walk_out":19.151967953413315,"walk_back":19.151967953413315},"rail-007567":{"out":1.5036025370412733,"back":1.5036025370412733,"walk_out":5.012008456804244,"walk_back":5.012008456804244},"rail-007573":{"out":1.071386058333291,"back":1.071386058333291,"walk_out":3.57128686111097,"walk_back":3.57128686111097},"rail-007572":{"out":3.6426148022975324,"back":3.6426148022975324,"walk_out":12.142049340991774,"walk_back":12.142049340991774},"rail-007574":{"out":1.4108330318726754,"back":1.4108330318726754,"walk_out":4.702776772908918,"walk_back":4.702776772908918},"rail-007582":{"out":28.55726434049306,"back":28.55726434049306,"walk_out":95.19088113497686,"walk_back":95.19088113497686},"rail-007524":{"out":29.537504478430503,"back":29.537504478430503,"walk_out":98.458348261435,"walk_back":98.458348261435},"dobutsuen":{"out":16.22284634147396,"back":16.22284634147396,"walk_out":54.07615447157987,"walk_back":54.07615447157987},"rail-007544":{"out":4.5231228201544385,"back":4.5231228201544385,"walk_out":15.077076067181462,"walk_back":15.077076067181462},"rail-007485":{"out":11.039168733668761,"back":11.039168733668761,"walk_out":36.7972291122292,"walk_back":36.7972291122292},"rail-007502":{"out":17.1642416649663,"back":17.1642416649663,"walk_out":57.214138883221004,"walk_back":57.214138883221004},"rail-007522":{"out":8.88735969573275,"back":8.88735969573275,"walk_out":29.624532319109168,"walk_back":29.624532319109168},"rail-007647":{"out":17.438199030129212,"back":17.438199030129212,"walk_out":58.12733010043071,"walk_back":58.12733010043071},"rail-007462":{"out":27.250982328232816,"back":27.250982328232816,"walk_out":90.83660776077605,"walk_back":90.83660776077605},"rail-007570":{"out":15.288280322881223,"back":15.288280322881223,"walk_out":50.96093440960408,"walk_back":50.96093440960408},"rail-007571":{"out":18.053803009910474,"back":18.053803009910474,"walk_out":60.17934336636824,"walk_back":60.17934336636824},"rail-007531":{"out":13.250600987110353,"back":13.250600987110353,"walk_out":44.16866995703451,"walk_back":44.16866995703451},"rail-007581":{"out":23.67986132074072,"back":23.67986132074072,"walk_out":78.93287106913573,"walk_back":78.93287106913573},"rail-007268":{"out":26.977848315553327,"back":26.977848315553327,"walk_out":89.92616105184443,"walk_back":89.92616105184443},"rail-007382":{"out":22.112024095398315,"back":22.112024095398315,"walk_out":73.70674698466105,"walk_back":73.70674698466105},"rail-007649":{"out":15.813149560538104,"back":15.813149560538104,"walk_out":52.710498535127016,"walk_back":52.710498535127016},"rail-007660":{"out":16.569587643310662,"back":16.569587643310662,"walk_out":55.23195881103554,"walk_back":55.23195881103554},"rail-007667":{"out":16.882018748272216,"back":16.882018748272216,"walk_out":56.273395827574056,"walk_back":56.273395827574056},"rail-007534":{"out":5.052504687038202,"back":5.052504687038202,"walk_out":16.84168229012734,"walk_back":16.84168229012734},"rail-007622":{"out":8.497105599012553,"back":8.497105599012553,"walk_out":28.32368533004184,"walk_back":28.32368533004184},"rail-007395":{"out":19.289249738843807,"back":19.289249738843807,"walk_out":64.29749912947936,"walk_back":64.29749912947936},"rail-007654":{"out":16.130714722218443,"back":16.130714722218443,"walk_out":53.76904907406148,"walk_back":53.76904907406148},"taisho":{"out":23.193396937408576,"back":23.193396937408576,"walk_out":77.31132312469525,"walk_back":77.31132312469525},"uehommachi":{"out":26.097895742728404,"back":26.097895742728404,"walk_out":86.99298580909469,"walk_back":86.99298580909469},"osakako":{"out":26.437548720341002,"back":26.437548720341002,"walk_out":88.12516240113668,"walk_back":88.12516240113668},"rail-007451":{"out":17.254136370616468,"back":17.254136370616468,"walk_out":57.513787902054894,"walk_back":57.513787902054894},"rail-007483":{"out":10.905725337074989,"back":10.905725337074989,"walk_out":36.35241779024996,"walk_back":36.35241779024996},"tennoji":{"out":17.48898603576542,"back":17.48898603576542,"walk_out":58.29662011921807,"walk_back":58.29662011921807},"rail-007447":{"out":17.169790509257606,"back":17.169790509257606,"walk_out":57.23263503085868,"walk_back":57.23263503085868},"rail-007515":{"out":7.792279497988862,"back":7.792279497988862,"walk_out":25.974264993296206,"walk_back":25.974264993296206},"rail-007646":{"out":13.76489790207801,"back":13.76489790207801,"walk_out":45.882993006926704,"walk_back":45.882993006926704},"rail-007532":{"out":7.314722753474328,"back":7.314722753474328,"walk_out":24.38240917824776,"walk_back":24.38240917824776},"rail-007592":{"out":3.79473927942159,"back":3.79473927942159,"walk_out":12.6491309314053,"walk_back":12.6491309314053},"rail-007666":{"out":17.56639823424142,"back":17.56639823424142,"walk_out":58.554660780804724,"walk_back":58.554660780804724},"rail-007673":{"out":19.05609316189803,"back":19.05609316189803,"walk_out":63.5203105396601,"walk_back":63.5203105396601},"rail-007434":{"out":20.11107634381742,"back":20.11107634381742,"walk_out":67.03692114605806,"walk_back":67.03692114605806},"rail-007493":{"out":9.371024503016693,"back":9.371024503016693,"walk_out":31.23674834338898,"walk_back":31.23674834338898},"rail-007517":{"out":7.324423123045335,"back":7.324423123045335,"walk_out":24.41474374348445,"walk_back":24.41474374348445},"rail-007657":{"out":24.786824749724886,"back":24.786824749724886,"walk_out":82.62274916574962,"walk_back":82.62274916574962},"rail-007538":{"out":5.354474400949221,"back":5.354474400949221,"walk_out":17.84824800316407,"walk_back":17.84824800316407},"rail-007547":{"out":5.67475072731145,"back":5.67475072731145,"walk_out":18.91583575770483,"walk_back":18.91583575770483},"rail-007559":{"out":4.492849164241722,"back":4.492849164241722,"walk_out":14.976163880805741,"walk_back":14.976163880805741},"rail-007575":{"out":10.740783894965887,"back":10.740783894965887,"walk_out":35.802612983219625,"walk_back":35.802612983219625},"rail-007505":{"out":24.423177818483683,"back":24.423177818483683,"walk_out":81.41059272827894,"walk_back":81.41059272827894},"rail-007546":{"out":22.56773364607588,"back":22.56773364607588,"walk_out":75.22577882025294,"walk_back":75.22577882025294},"bentencho":{"out":26.734073437462925,"back":26.734073437462925,"walk_out":89.11357812487643,"walk_back":89.11357812487643},"rail-007682":{"out":20.60242488178026,"back":20.60242488178026,"walk_out":68.6747496059342,"walk_back":68.6747496059342},"shinsaibashi":{"out":27.373600161502022,"back":27.373600161502022,"walk_out":91.24533387167341,"walk_back":91.24533387167341},"rail-007399":{"out":18.85187118117474,"back":18.85187118117474,"walk_out":62.839570603915796,"walk_back":62.839570603915796},"rail-007611":{"out":11.297395241194192,"back":11.297395241194192,"walk_out":37.657984137313974,"walk_back":37.657984137313974},"rail-007609":{"out":6.985523796552969,"back":6.985523796552969,"walk_out":23.28507932184323,"walk_back":23.28507932184323},"rail-007595":{"out":8.740300802399027,"back":8.740300802399027,"walk_out":29.134336007996755,"walk_back":29.134336007996755},"rail-007607":{"out":6.00273678135479,"back":6.00273678135479,"walk_out":20.009122604515966,"walk_back":20.009122604515966},"rail-007486":{"out":14.908090259884784,"back":14.908090259884784,"walk_out":49.69363419961594,"walk_back":49.69363419961594},"shinimamiya":{"out":16.89428520420694,"back":16.89428520420694,"walk_out":56.31428401402314,"walk_back":56.31428401402314},"rail-007427":{"out":16.924087969444077,"back":16.924087969444077,"walk_out":56.41362656481359,"walk_back":56.41362656481359},"rail-007690":{"out":22.64526229867446,"back":22.64526229867446,"walk_out":75.4842076622482,"walk_back":75.4842076622482},"nipponbashi":{"out":24.444266670735217,"back":24.444266670735217,"walk_out":81.48088890245072,"walk_back":81.48088890245072},"rail-007499":{"out":13.700141685634259,"back":13.700141685634259,"walk_out":45.66713895211419,"walk_back":45.66713895211419},"rail-007370":{"out":25.306171229590618,"back":25.306171229590618,"walk_out":84.35390409863538,"walk_back":84.35390409863538},"rail-007406":{"out":18.267564189224515,"back":18.267564189224515,"walk_out":60.891880630748375,"walk_back":60.891880630748375},"rail-007623":{"out":10.807393308398025,"back":10.807393308398025,"walk_out":36.02464436132675,"walk_back":36.02464436132675},"rail-007500":{"out":11.305942150683842,"back":11.305942150683842,"walk_out":37.68647383561281,"walk_back":37.68647383561281},"rail-007699":{"out":23.603480540728864,"back":23.603480540728864,"walk_out":78.67826846909621,"walk_back":78.67826846909621},"rail-007525":{"out":6.579252741797293,"back":6.579252741797293,"walk_out":21.930842472657645,"walk_back":21.930842472657645},"rail-007553":{"out":2.693245331212966,"back":2.693245331212966,"walk_out":8.977484437376553,"walk_back":8.977484437376553},"rail-007479":{"out":21.275063081569865,"back":21.275063081569865,"walk_out":70.91687693856622,"walk_back":70.91687693856622},"rail-007250":{"out":28.935071413062772,"back":28.935071413062772,"walk_out":96.45023804354258,"walk_back":96.45023804354258},"rail-007472":{"out":12.425380493479487,"back":12.425380493479487,"walk_out":41.41793497826496,"walk_back":41.41793497826496},"rail-007487":{"out":12.629631258233585,"back":12.629631258233585,"walk_out":42.098770860778615,"walk_back":42.098770860778615},"rail-007380":{"out":24.79615160326164,"back":24.79615160326164,"walk_out":82.6538386775388,"walk_back":82.6538386775388},"rail-007364":{"out":29.55596518742838,"back":29.55596518742838,"walk_out":98.5198839580946,"walk_back":98.5198839580946},"sakuragawa":{"out":24.322900923022537,"back":24.322900923022537,"walk_out":81.07633641007513,"walk_back":81.07633641007513},"rail-007303":{"out":23.965910223743407,"back":23.965910223743407,"walk_out":79.88636741247802,"walk_back":79.88636741247802},"rail-007587":{"out":4.726028108816042,"back":4.726028108816042,"walk_out":15.753427029386804,"walk_back":15.753427029386804},"rail-007639":{"out":21.507308309212082,"back":21.507308309212082,"walk_out":71.69102769737361,"walk_back":71.69102769737361},"rail-007470":{"out":18.075113691531026,"back":18.075113691531026,"walk_out":60.25037897177008,"walk_back":60.25037897177008},"rail-007442":{"out":14.914140485370426,"back":14.914140485370426,"walk_out":49.71380161790142,"walk_back":49.71380161790142},"rail-007641":{"out":13.774524611689774,"back":13.774524611689774,"walk_out":45.91508203896591,"walk_back":45.91508203896591},"rail-007630":{"out":10.795151223138138,"back":10.795151223138138,"walk_out":35.98383741046046,"walk_back":35.98383741046046},"rail-007683":{"out":21.673044303592793,"back":21.673044303592793,"walk_out":72.24348101197597,"walk_back":72.24348101197597},"rail-007533":{"out":4.7136882878767485,"back":4.7136882878767485,"walk_out":15.712294292922497,"walk_back":15.712294292922497},"rail-007519":{"out":15.252390162846007,"back":15.252390162846007,"walk_out":50.84130054282002,"walk_back":50.84130054282002},"rail-007733":{"out":29.831459373202946,"back":29.831459373202946,"walk_out":99.4381979106765,"walk_back":99.4381979106765},"rail-007709":{"out":24.562463583473544,"back":24.562463583473544,"walk_out":81.87487861157848,"walk_back":81.87487861157848},"rail-007704":{"out":23.88078155130043,"back":23.88078155130043,"walk_out":79.60260517100143,"walk_back":79.60260517100143},"rail-007590":{"out":16.951536707509177,"back":16.951536707509177,"walk_out":56.50512235836393,"walk_back":56.50512235836393},"rail-007714":{"out":28.56752882799779,"back":28.56752882799779,"walk_out":95.22509609332597,"walk_back":95.22509609332597},"rail-007706":{"out":25.934817123459844,"back":25.934817123459844,"walk_out":86.4493904115328,"walk_back":86.4493904115328},"rail-007707":{"out":27.28218984014447,"back":27.28218984014447,"walk_out":90.94063280048157,"walk_back":90.94063280048157},"rail-007564":{"out":3.4571369493471105,"back":3.4571369493471105,"walk_out":11.523789831157034,"walk_back":11.523789831157034},"rail-007640":{"out":12.826190786728674,"back":12.826190786728674,"walk_out":42.75396928909558,"walk_back":42.75396928909558},"rail-007554":{"out":2.431696507226192,"back":2.431696507226192,"walk_out":8.105655024087305,"walk_back":8.105655024087305},"rail-007579":{"out":2.211161614854199,"back":2.211161614854199,"walk_out":7.370538716180662,"walk_back":7.370538716180662},"rail-007635":{"out":11.6053062450828,"back":11.6053062450828,"walk_out":38.684354150276,"walk_back":38.684354150276},"rail-007475":{"out":17.245828451735754,"back":17.245828451735754,"walk_out":57.48609483911918,"walk_back":57.48609483911918},"rail-007498":{"out":9.61479152781519,"back":9.61479152781519,"walk_out":32.0493050927173,"walk_back":32.0493050927173},"rail-007379":{"out":19.945345328632094,"back":19.945345328632094,"walk_out":66.48448442877364,"walk_back":66.48448442877364},"rail-007371":{"out":20.810421086083622,"back":20.810421086083622,"walk_out":69.36807028694541,"walk_back":69.36807028694541},"rail-007454":{"out":13.932768679961155,"back":13.932768679961155,"walk_out":46.44256226653718,"walk_back":46.44256226653718},"rail-007650":{"out":14.756320504060907,"back":14.756320504060907,"walk_out":49.18773501353636,"walk_back":49.18773501353636},"rail-007452":{"out":14.764643103225216,"back":14.764643103225216,"walk_out":49.21547701075072,"walk_back":49.21547701075072},"rail-007249":{"out":27.570661720936045,"back":27.570661720936045,"walk_out":91.90220573645348,"walk_back":91.90220573645348},"rail-007476":{"out":11.060865486143873,"back":11.060865486143873,"walk_out":36.86955162047958,"walk_back":36.86955162047958},"rail-007540":{"out":10.673763565127116,"back":10.673763565127116,"walk_out":35.579211883757054,"walk_back":35.579211883757054},"rail-007246":{"out":26.770096239835567,"back":26.770096239835567,"walk_out":89.23365413278523,"walk_back":89.23365413278523},"tanimachi9":{"out":25.860785651637013,"back":25.860785651637013,"walk_out":86.20261883879004,"walk_back":86.20261883879004},"tanimachi6":{"out":29.378856693000536,"back":29.378856693000536,"walk_out":97.92952231000179,"walk_back":97.92952231000179},"rail-007317":{"out":24.567350659494483,"back":24.567350659494483,"walk_out":81.89116886498161,"walk_back":81.89116886498161},"rail-007562":{"out":16.686675348333452,"back":16.686675348333452,"walk_out":55.62225116111151,"walk_back":55.62225116111151},"nagahoribashi":{"out":28.23448141076655,"back":28.23448141076655,"walk_out":94.1149380358885,"walk_back":94.1149380358885},"nagai":{"out":9.722549934837486,"back":9.722549934837486,"walk_out":32.40849978279162,"walk_back":32.40849978279162},"rail-007460":{"out":15.285642881464055,"back":15.285642881464055,"walk_out":50.95214293821351,"walk_back":50.95214293821351},"rail-007543":{"out":16.882139955198927,"back":16.882139955198927,"walk_out":56.27379985066309,"walk_back":56.27379985066309},"rail-007669":{"out":27.40373832954166,"back":27.40373832954166,"walk_out":91.34579443180553,"walk_back":91.34579443180553},"rail-007628":{"out":10.389328469919088,"back":10.389328469919088,"walk_out":34.63109489973029,"walk_back":34.63109489973029},"rail-007556":{"out":10.950032611643335,"back":10.950032611643335,"walk_out":36.500108705477786,"walk_back":36.500108705477786},"tsuruhashi":{"out":27.918040725335423,"back":27.918040725335423,"walk_out":93.06013575111808,"walk_back":93.06013575111808}}}},{"type":"Feature","geometry":{"type":"Point","coordinates":[135.48216,34.77241]},"properties":{"id":"bodik-osaka-57d6a107b54415145c73","name":"あつまれ！わんダーランド","venue":"服部緑地","address":"","category":"その他","source_category":"","date":"2026-10-11","end_date":"2026-10-11","start":null,"end":null,"schedule":"","url":"https://www.instagram.com/wan.der_land/","source":"大阪府 イベント一覧（BODIK）","source_updated":"2026-09-14T08:52:41.251751","fetched_at":"2026-09-18T14:35:26.570Z","coordinate_source":"https://data.bodik.jp/ja/dataset/270008_event","fictional":false,"access":{"rail-006872":{"out":19.672011092581386,"back":19.672011092581386,"walk_out":65.57337030860461,"walk_back":65.57337030860461},"rail-006860":{"out":26.044492561124475,"back":26.044492561124475,"walk_out":86.81497520374825,"walk_back":86.81497520374825},"rail-006601":{"out":23.26181474221749,"back":23.26181474221749,"walk_out":77.5393824740583,"walk_back":77.5393824740583},"rail-006889":{"out":15.541745045963804,"back":15.541745045963804,"walk_out":51.80581681987935,"walk_back":51.80581681987935},"rail-006833":{"out":21.073379422051698,"back":21.073379422051698,"walk_out":70.24459807350566,"walk_back":70.24459807350566},"rail-006849":{"out":17.99616636894214,"back":17.99616636894214,"walk_out":59.98722122980713,"walk_back":59.98722122980713},"rail-007016":{"out":28.071136951293774,"back":28.071136951293774,"walk_out":93.57045650431259,"walk_back":93.57045650431259},"rail-006797":{"out":24.40629691992816,"back":24.40629691992816,"walk_out":81.3543230664272,"walk_back":81.3543230664272},"rail-006709":{"out":22.360573154053316,"back":22.360573154053316,"walk_out":74.5352438468444,"walk_back":74.5352438468444},"rail-006714":{"out":25.22185277471612,"back":25.22185277471612,"walk_out":84.07284258238707,"walk_back":84.07284258238707},"rail-006584":{"out":26.99084257407688,"back":26.99084257407688,"walk_out":89.96947524692293,"walk_back":89.96947524692293},"rail-006935":{"out":22.42716460954518,"back":22.42716460954518,"walk_out":74.7572153651506,"walk_back":74.7572153651506},"rail-006624":{"out":26.133078173098365,"back":26.133078173098365,"walk_out":87.11026057699455,"walk_back":87.11026057699455},"rail-006543":{"out":23.61037544425587,"back":23.61037544425587,"walk_out":78.7012514808529,"walk_back":78.7012514808529},"juso":{"out":23.201975803629924,"back":23.201975803629924,"walk_out":77.33991934543307,"walk_back":77.33991934543307},"rail-007014":{"out":29.947766205721596,"back":29.947766205721596,"walk_out":99.82588735240532,"walk_back":99.82588735240532},"rail-006672":{"out":26.695647741638396,"back":26.695647741638396,"walk_out":88.98549247212799,"walk_back":88.98549247212799},"rail-006587":{"out":16.29725715290661,"back":16.29725715290661,"walk_out":54.324190509688705,"walk_back":54.324190509688705},"rail-006716":{"out":9.017284017134918,"back":9.017284017134918,"walk_out":30.057613390449728,"walk_back":30.057613390449728},"rail-006668":{"out":13.17137581318864,"back":13.17137581318864,"walk_out":43.904586043962134,"walk_back":43.904586043962134},"rail-006836":{"out":14.749352527008588,"back":14.749352527008588,"walk_out":49.16450842336196,"walk_back":49.16450842336196},"rail-006948":{"out":21.694661036942815,"back":21.694661036942815,"walk_out":72.31553678980939,"walk_back":72.31553678980939},"rail-006798":{"out":14.04434963515271,"back":14.04434963515271,"walk_out":46.81449878384236,"walk_back":46.81449878384236},"suita":{"out":15.741329118381449,"back":15.741329118381449,"walk_out":52.4710970612715,"walk_back":52.4710970612715},"rail-006826":{"out":15.442310416116555,"back":15.442310416116555,"walk_out":51.47436805372186,"walk_back":51.47436805372186},"rail-006956":{"out":27.977470711887158,"back":27.977470711887158,"walk_out":93.25823570629052,"walk_back":93.25823570629052},"rail-006830":{"out":22.946395717059747,"back":22.946395717059747,"walk_out":76.48798572353249,"walk_back":76.48798572353249},"tsukaguchi":{"out":25.656545808651305,"back":25.656545808651305,"walk_out":85.52181936217102,"walk_back":85.52181936217102},"rail-007009":{"out":26.98173931984025,"back":26.98173931984025,"walk_out":89.93913106613417,"walk_back":89.93913106613417},"rail-006674":{"out":16.907363019895918,"back":16.907363019895918,"walk_out":56.35787673298639,"walk_back":56.35787673298639},"tenroku":{"out":29.717127885756998,"back":29.717127885756998,"walk_out":99.05709295252333,"walk_back":99.05709295252333},"rail-006608":{"out":14.390205552527672,"back":14.390205552527672,"walk_out":47.967351841758905,"walk_back":47.967351841758905},"amagasaki":{"out":25.774741291213864,"back":25.774741291213864,"walk_out":85.9158043040462,"walk_back":85.9158043040462},"rail-006604":{"out":18.574601083771153,"back":18.574601083771153,"walk_out":61.91533694590384,"walk_back":61.91533694590384},"rail-006717":{"out":6.882374191961382,"back":6.882374191961382,"walk_out":22.94124730653794,"walk_back":22.94124730653794},"rail-006721":{"out":21.709025379308866,"back":21.709025379308866,"walk_out":72.36341793102955,"walk_back":72.36341793102955},"rail-006924":{"out":21.06685617621662,"back":21.06685617621662,"walk_out":70.22285392072207,"walk_back":70.22285392072207},"rail-006832":{"out":10.143765324255034,"back":10.143765324255034,"walk_out":33.81255108085011,"walk_back":33.81255108085011},"rail-007011":{"out":28.277148836301834,"back":28.277148836301834,"walk_out":94.25716278767277,"walk_back":94.25716278767277},"rail-006713":{"out":29.155785212141502,"back":29.155785212141502,"walk_out":97.18595070713833,"walk_back":97.18595070713833},"rail-006695":{"out":26.856818906537313,"back":26.856818906537313,"walk_out":89.52272968845772,"walk_back":89.52272968845772},"rail-006734":{"out":24.321576989276185,"back":24.321576989276185,"walk_out":81.07192329758729,"walk_back":81.07192329758729},"shinosaka":{"out":18.462475431752868,"back":18.462475431752868,"walk_out":61.54158477250956,"walk_back":61.54158477250956},"rail-006741":{"out":5.312481637647232,"back":5.312481637647232,"walk_out":17.708272125490772,"walk_back":17.708272125490772},"rail-006781":{"out":4.927789528115604,"back":4.927789528115604,"walk_out":16.42596509371868,"walk_back":16.42596509371868},"rail-006986":{"out":28.8361880509673,"back":28.8361880509673,"walk_out":96.12062683655766,"walk_back":96.12062683655766},"rail-006869":{"out":15.151453486372947,"back":15.151453486372947,"walk_out":50.50484495457649,"walk_back":50.50484495457649},"rail-006878":{"out":16.784562027664084,"back":16.784562027664084,"walk_out":55.94854009221361,"walk_back":55.94854009221361},"rail-006627":{"out":15.092279134445365,"back":15.092279134445365,"walk_out":50.30759711481788,"walk_back":50.30759711481788},"rail-006931":{"out":22.243851189281457,"back":22.243851189281457,"walk_out":74.14617063093819,"walk_back":74.14617063093819},"rail-006664":{"out":10.78823566329796,"back":10.78823566329796,"walk_out":35.960785544326534,"walk_back":35.960785544326534},"rail-006560":{"out":21.18191691553204,"back":21.18191691553204,"walk_out":70.60638971844013,"walk_back":70.60638971844013},"rail-006726":{"out":23.22935178366484,"back":23.22935178366484,"walk_out":77.43117261221613,"walk_back":77.43117261221613},"rail-006800":{"out":8.166577429683999,"back":8.166577429683999,"walk_out":27.22192476561333,"walk_back":27.22192476561333},"awaji":{"out":19.434134226585932,"back":19.434134226585932,"walk_out":64.78044742195311,"walk_back":64.78044742195311},"rail-006527":{"out":23.47414409156553,"back":23.47414409156553,"walk_out":78.2471469718851,"walk_back":78.2471469718851},"rail-006775":{"out":22.075290424423194,"back":22.075290424423194,"walk_out":73.58430141474399,"walk_back":73.58430141474399},"rail-006824":{"out":24.507392033074357,"back":24.507392033074357,"walk_out":81.69130677691453,"walk_back":81.69130677691453},"rail-006807":{"out":19.935190026222216,"back":19.935190026222216,"walk_out":66.45063342074071,"walk_back":66.45063342074071},"ishibashi":{"out":20.802620392911276,"back":20.802620392911276,"walk_out":69.34206797637091,"walk_back":69.34206797637091},"rail-006916":{"out":18.28283298793252,"back":18.28283298793252,"walk_out":60.942776626441734,"walk_back":60.942776626441734},"rail-006770":{"out":24.522956599378357,"back":24.522956599378357,"walk_out":81.74318866459453,"walk_back":81.74318866459453},"rail-006481":{"out":27.987004502019428,"back":27.987004502019428,"walk_out":93.29001500673142,"walk_back":93.29001500673142},"rail-010184":{"out":22.123800188588746,"back":22.123800188588746,"walk_out":73.74600062862915,"walk_back":73.74600062862915},"rail-010183":{"out":26.41211478927762,"back":26.41211478927762,"walk_out":88.0403826309254,"walk_back":88.0403826309254},"rail-006728":{"out":4.9088587901872165,"back":4.9088587901872165,"walk_out":16.362862633957388,"walk_back":16.362862633957388},"rail-006656":{"out":15.572856998974562,"back":15.572856998974562,"walk_out":51.90952332991521,"walk_back":51.90952332991521},"rail-006942":{"out":21.26457261485105,"back":21.26457261485105,"walk_out":70.88190871617017,"walk_back":70.88190871617017},"toyonaka":{"out":9.875640757803932,"back":9.875640757803932,"walk_out":32.91880252601311,"walk_back":32.91880252601311},"rail-006772":{"out":10.394606092287495,"back":10.394606092287495,"walk_out":34.64868697429165,"walk_back":34.64868697429165},"rail-006740":{"out":8.749169430268743,"back":8.749169430268743,"walk_out":29.16389810089581,"walk_back":29.16389810089581},"rail-006550":{"out":26.858019588353375,"back":26.858019588353375,"walk_out":89.52673196117792,"walk_back":89.52673196117792}}}},{"type":"Feature","geometry":{"type":"Point","coordinates":[135.57449,34.44807]},"properties":{"id":"bodik-osaka-849e770924f58d408719","name":"竹灯籠づくり教室","venue":"長野公園","address":"","category":"その他","source_category":"","date":"2026-10-12","end_date":"2026-10-12","start":null,"end":null,"schedule":"","url":"https://www.toshi-kouen.jp/staticpages/index.php/nagano_top","source":"大阪府 イベント一覧（BODIK）","source_updated":"2026-09-14T08:52:41.251751","fetched_at":"2026-09-18T14:35:26.570Z","coordinate_source":"https://data.bodik.jp/ja/dataset/270008_event","fictional":false,"access":{"rail-007957":{"out":5.2069842147972345,"back":5.2069842147972345,"walk_out":17.356614049324115,"walk_back":17.356614049324115},"rail-007909":{"out":9.778991152974498,"back":9.778991152974498,"walk_out":32.596637176581666,"walk_back":32.596637176581666},"rail-007991":{"out":17.1613808720401,"back":17.1613808720401,"walk_out":57.20460290680034,"walk_back":57.20460290680034},"rail-007831":{"out":25.98661862785348,"back":25.98661862785348,"walk_out":86.62206209284493,"walk_back":86.62206209284493},"rail-008028":{"out":23.7307399542312,"back":23.7307399542312,"walk_out":79.10246651410401,"walk_back":79.10246651410401},"rail-007832":{"out":26.812608701208912,"back":26.812608701208912,"walk_out":89.37536233736304,"walk_back":89.37536233736304},"rail-007840":{"out":24.555906563430973,"back":24.555906563430973,"walk_out":81.85302187810325,"walk_back":81.85302187810325},"rail-007856":{"out":20.404144890821296,"back":20.404144890821296,"walk_out":68.01381630273765,"walk_back":68.01381630273765},"rail-007912":{"out":8.592841972845187,"back":8.592841972845187,"walk_out":28.642806576150626,"walk_back":28.642806576150626},"rail-007934":{"out":1.435968780144363,"back":1.435968780144363,"walk_out":4.7865626004812105,"walk_back":4.7865626004812105},"rail-007887":{"out":14.72932141621519,"back":14.72932141621519,"walk_out":49.09773805405064,"walk_back":49.09773805405064},"rail-007882":{"out":15.48011079495993,"back":15.48011079495993,"walk_out":51.600369316533104,"walk_back":51.600369316533104},"rail-007977":{"out":10.402477503381059,"back":10.402477503381059,"walk_out":34.6749250112702,"walk_back":34.6749250112702},"rail-007851":{"out":21.69748123913452,"back":21.69748123913452,"walk_out":72.32493746378174,"walk_back":72.32493746378174}}}},{"type":"Feature","geometry":{"type":"Point","coordinates":[135.57449,34.44807]},"properties":{"id":"bodik-osaka-2168e1f53e38cd152976","name":"令和8年度　第2回モルック大会","venue":"長野公園","address":"","category":"その他","source_category":"","date":"2026-10-12","end_date":"2026-10-12","start":null,"end":null,"schedule":"","url":"https://www.toshi-kouen.jp/staticpages/index.php/nagano_top","source":"大阪府 イベント一覧（BODIK）","source_updated":"2026-09-14T08:52:41.251751","fetched_at":"2026-09-18T14:35:26.570Z","coordinate_source":"https://data.bodik.jp/ja/dataset/270008_event","fictional":false,"access":{"rail-007957":{"out":5.2069842147972345,"back":5.2069842147972345,"walk_out":17.356614049324115,"walk_back":17.356614049324115},"rail-007909":{"out":9.778991152974498,"back":9.778991152974498,"walk_out":32.596637176581666,"walk_back":32.596637176581666},"rail-007991":{"out":17.1613808720401,"back":17.1613808720401,"walk_out":57.20460290680034,"walk_back":57.20460290680034},"rail-007831":{"out":25.98661862785348,"back":25.98661862785348,"walk_out":86.62206209284493,"walk_back":86.62206209284493},"rail-008028":{"out":23.7307399542312,"back":23.7307399542312,"walk_out":79.10246651410401,"walk_back":79.10246651410401},"rail-007832":{"out":26.812608701208912,"back":26.812608701208912,"walk_out":89.37536233736304,"walk_back":89.37536233736304},"rail-007840":{"out":24.555906563430973,"back":24.555906563430973,"walk_out":81.85302187810325,"walk_back":81.85302187810325},"rail-007856":{"out":20.404144890821296,"back":20.404144890821296,"walk_out":68.01381630273765,"walk_back":68.01381630273765},"rail-007912":{"out":8.592841972845187,"back":8.592841972845187,"walk_out":28.642806576150626,"walk_back":28.642806576150626},"rail-007934":{"out":1.435968780144363,"back":1.435968780144363,"walk_out":4.7865626004812105,"walk_back":4.7865626004812105},"rail-007887":{"out":14.72932141621519,"back":14.72932141621519,"walk_out":49.09773805405064,"walk_back":49.09773805405064},"rail-007882":{"out":15.48011079495993,"back":15.48011079495993,"walk_out":51.600369316533104,"walk_back":51.600369316533104},"rail-007977":{"out":10.402477503381059,"back":10.402477503381059,"walk_out":34.6749250112702,"walk_back":34.6749250112702},"rail-007851":{"out":21.69748123913452,"back":21.69748123913452,"walk_out":72.32493746378174,"walk_back":72.32493746378174}}}},{"type":"Feature","geometry":{"type":"Point","coordinates":[135.48216,34.77241]},"properties":{"id":"bodik-osaka-4e153e17459f4699567b","name":"あつまれ！わんダーランド","venue":"服部緑地","address":"","category":"その他","source_category":"","date":"2026-10-12","end_date":"2026-10-12","start":null,"end":null,"schedule":"","url":"https://www.instagram.com/wan.der_land/","source":"大阪府 イベント一覧（BODIK）","source_updated":"2026-09-14T08:52:41.251751","fetched_at":"2026-09-18T14:35:26.570Z","coordinate_source":"https://data.bodik.jp/ja/dataset/270008_event","fictional":false,"access":{"rail-006872":{"out":19.672011092581386,"back":19.672011092581386,"walk_out":65.57337030860461,"walk_back":65.57337030860461},"rail-006860":{"out":26.044492561124475,"back":26.044492561124475,"walk_out":86.81497520374825,"walk_back":86.81497520374825},"rail-006601":{"out":23.26181474221749,"back":23.26181474221749,"walk_out":77.5393824740583,"walk_back":77.5393824740583},"rail-006889":{"out":15.541745045963804,"back":15.541745045963804,"walk_out":51.80581681987935,"walk_back":51.80581681987935},"rail-006833":{"out":21.073379422051698,"back":21.073379422051698,"walk_out":70.24459807350566,"walk_back":70.24459807350566},"rail-006849":{"out":17.99616636894214,"back":17.99616636894214,"walk_out":59.98722122980713,"walk_back":59.98722122980713},"rail-007016":{"out":28.071136951293774,"back":28.071136951293774,"walk_out":93.57045650431259,"walk_back":93.57045650431259},"rail-006797":{"out":24.40629691992816,"back":24.40629691992816,"walk_out":81.3543230664272,"walk_back":81.3543230664272},"rail-006709":{"out":22.360573154053316,"back":22.360573154053316,"walk_out":74.5352438468444,"walk_back":74.5352438468444},"rail-006714":{"out":25.22185277471612,"back":25.22185277471612,"walk_out":84.07284258238707,"walk_back":84.07284258238707},"rail-006584":{"out":26.99084257407688,"back":26.99084257407688,"walk_out":89.96947524692293,"walk_back":89.96947524692293},"rail-006935":{"out":22.42716460954518,"back":22.42716460954518,"walk_out":74.7572153651506,"walk_back":74.7572153651506},"rail-006624":{"out":26.133078173098365,"back":26.133078173098365,"walk_out":87.11026057699455,"walk_back":87.11026057699455},"rail-006543":{"out":23.61037544425587,"back":23.61037544425587,"walk_out":78.7012514808529,"walk_back":78.7012514808529},"juso":{"out":23.201975803629924,"back":23.201975803629924,"walk_out":77.33991934543307,"walk_back":77.33991934543307},"rail-007014":{"out":29.947766205721596,"back":29.947766205721596,"walk_out":99.82588735240532,"walk_back":99.82588735240532},"rail-006672":{"out":26.695647741638396,"back":26.695647741638396,"walk_out":88.98549247212799,"walk_back":88.98549247212799},"rail-006587":{"out":16.29725715290661,"back":16.29725715290661,"walk_out":54.324190509688705,"walk_back":54.324190509688705},"rail-006716":{"out":9.017284017134918,"back":9.017284017134918,"walk_out":30.057613390449728,"walk_back":30.057613390449728},"rail-006668":{"out":13.17137581318864,"back":13.17137581318864,"walk_out":43.904586043962134,"walk_back":43.904586043962134},"rail-006836":{"out":14.749352527008588,"back":14.749352527008588,"walk_out":49.16450842336196,"walk_back":49.16450842336196},"rail-006948":{"out":21.694661036942815,"back":21.694661036942815,"walk_out":72.31553678980939,"walk_back":72.31553678980939},"rail-006798":{"out":14.04434963515271,"back":14.04434963515271,"walk_out":46.81449878384236,"walk_back":46.81449878384236},"suita":{"out":15.741329118381449,"back":15.741329118381449,"walk_out":52.4710970612715,"walk_back":52.4710970612715},"rail-006826":{"out":15.442310416116555,"back":15.442310416116555,"walk_out":51.47436805372186,"walk_back":51.47436805372186},"rail-006956":{"out":27.977470711887158,"back":27.977470711887158,"walk_out":93.25823570629052,"walk_back":93.25823570629052},"rail-006830":{"out":22.946395717059747,"back":22.946395717059747,"walk_out":76.48798572353249,"walk_back":76.48798572353249},"tsukaguchi":{"out":25.656545808651305,"back":25.656545808651305,"walk_out":85.52181936217102,"walk_back":85.52181936217102},"rail-007009":{"out":26.98173931984025,"back":26.98173931984025,"walk_out":89.93913106613417,"walk_back":89.93913106613417},"rail-006674":{"out":16.907363019895918,"back":16.907363019895918,"walk_out":56.35787673298639,"walk_back":56.35787673298639},"tenroku":{"out":29.717127885756998,"back":29.717127885756998,"walk_out":99.05709295252333,"walk_back":99.05709295252333},"rail-006608":{"out":14.390205552527672,"back":14.390205552527672,"walk_out":47.967351841758905,"walk_back":47.967351841758905},"amagasaki":{"out":25.774741291213864,"back":25.774741291213864,"walk_out":85.9158043040462,"walk_back":85.9158043040462},"rail-006604":{"out":18.574601083771153,"back":18.574601083771153,"walk_out":61.91533694590384,"walk_back":61.91533694590384},"rail-006717":{"out":6.882374191961382,"back":6.882374191961382,"walk_out":22.94124730653794,"walk_back":22.94124730653794},"rail-006721":{"out":21.709025379308866,"back":21.709025379308866,"walk_out":72.36341793102955,"walk_back":72.36341793102955},"rail-006924":{"out":21.06685617621662,"back":21.06685617621662,"walk_out":70.22285392072207,"walk_back":70.22285392072207},"rail-006832":{"out":10.143765324255034,"back":10.143765324255034,"walk_out":33.81255108085011,"walk_back":33.81255108085011},"rail-007011":{"out":28.277148836301834,"back":28.277148836301834,"walk_out":94.25716278767277,"walk_back":94.25716278767277},"rail-006713":{"out":29.155785212141502,"back":29.155785212141502,"walk_out":97.18595070713833,"walk_back":97.18595070713833},"rail-006695":{"out":26.856818906537313,"back":26.856818906537313,"walk_out":89.52272968845772,"walk_back":89.52272968845772},"rail-006734":{"out":24.321576989276185,"back":24.321576989276185,"walk_out":81.07192329758729,"walk_back":81.07192329758729},"shinosaka":{"out":18.462475431752868,"back":18.462475431752868,"walk_out":61.54158477250956,"walk_back":61.54158477250956},"rail-006741":{"out":5.312481637647232,"back":5.312481637647232,"walk_out":17.708272125490772,"walk_back":17.708272125490772},"rail-006781":{"out":4.927789528115604,"back":4.927789528115604,"walk_out":16.42596509371868,"walk_back":16.42596509371868},"rail-006986":{"out":28.8361880509673,"back":28.8361880509673,"walk_out":96.12062683655766,"walk_back":96.12062683655766},"rail-006869":{"out":15.151453486372947,"back":15.151453486372947,"walk_out":50.50484495457649,"walk_back":50.50484495457649},"rail-006878":{"out":16.784562027664084,"back":16.784562027664084,"walk_out":55.94854009221361,"walk_back":55.94854009221361},"rail-006627":{"out":15.092279134445365,"back":15.092279134445365,"walk_out":50.30759711481788,"walk_back":50.30759711481788},"rail-006931":{"out":22.243851189281457,"back":22.243851189281457,"walk_out":74.14617063093819,"walk_back":74.14617063093819},"rail-006664":{"out":10.78823566329796,"back":10.78823566329796,"walk_out":35.960785544326534,"walk_back":35.960785544326534},"rail-006560":{"out":21.18191691553204,"back":21.18191691553204,"walk_out":70.60638971844013,"walk_back":70.60638971844013},"rail-006726":{"out":23.22935178366484,"back":23.22935178366484,"walk_out":77.43117261221613,"walk_back":77.43117261221613},"rail-006800":{"out":8.166577429683999,"back":8.166577429683999,"walk_out":27.22192476561333,"walk_back":27.22192476561333},"awaji":{"out":19.434134226585932,"back":19.434134226585932,"walk_out":64.78044742195311,"walk_back":64.78044742195311},"rail-006527":{"out":23.47414409156553,"back":23.47414409156553,"walk_out":78.2471469718851,"walk_back":78.2471469718851},"rail-006775":{"out":22.075290424423194,"back":22.075290424423194,"walk_out":73.58430141474399,"walk_back":73.58430141474399},"rail-006824":{"out":24.507392033074357,"back":24.507392033074357,"walk_out":81.69130677691453,"walk_back":81.69130677691453},"rail-006807":{"out":19.935190026222216,"back":19.935190026222216,"walk_out":66.45063342074071,"walk_back":66.45063342074071},"ishibashi":{"out":20.802620392911276,"back":20.802620392911276,"walk_out":69.34206797637091,"walk_back":69.34206797637091},"rail-006916":{"out":18.28283298793252,"back":18.28283298793252,"walk_out":60.942776626441734,"walk_back":60.942776626441734},"rail-006770":{"out":24.522956599378357,"back":24.522956599378357,"walk_out":81.74318866459453,"walk_back":81.74318866459453},"rail-006481":{"out":27.987004502019428,"back":27.987004502019428,"walk_out":93.29001500673142,"walk_back":93.29001500673142},"rail-010184":{"out":22.123800188588746,"back":22.123800188588746,"walk_out":73.74600062862915,"walk_back":73.74600062862915},"rail-010183":{"out":26.41211478927762,"back":26.41211478927762,"walk_out":88.0403826309254,"walk_back":88.0403826309254},"rail-006728":{"out":4.9088587901872165,"back":4.9088587901872165,"walk_out":16.362862633957388,"walk_back":16.362862633957388},"rail-006656":{"out":15.572856998974562,"back":15.572856998974562,"walk_out":51.90952332991521,"walk_back":51.90952332991521},"rail-006942":{"out":21.26457261485105,"back":21.26457261485105,"walk_out":70.88190871617017,"walk_back":70.88190871617017},"toyonaka":{"out":9.875640757803932,"back":9.875640757803932,"walk_out":32.91880252601311,"walk_back":32.91880252601311},"rail-006772":{"out":10.394606092287495,"back":10.394606092287495,"walk_out":34.64868697429165,"walk_back":34.64868697429165},"rail-006740":{"out":8.749169430268743,"back":8.749169430268743,"walk_out":29.16389810089581,"walk_back":29.16389810089581},"rail-006550":{"out":26.858019588353375,"back":26.858019588353375,"walk_out":89.52673196117792,"walk_back":89.52673196117792}}}},{"type":"Feature","geometry":{"type":"Point","coordinates":[135.48764,34.61375]},"properties":{"id":"bodik-osaka-e2aefafdbaa5c17c7b9f","name":"ボタニカルアート体験講座15","venue":"住吉公園","address":"","category":"その他","source_category":"","date":"2026-10-13","end_date":"2026-10-13","start":null,"end":null,"schedule":"","url":"https://www.toshi-kouen.jp/staticpages/index.php/sumiyoshi_top","source":"大阪府 イベント一覧（BODIK）","source_updated":"2026-09-14T08:52:41.251751","fetched_at":"2026-09-18T14:35:26.570Z","coordinate_source":"https://data.bodik.jp/ja/dataset/270008_event","fictional":false,"access":{"namba":{"out":23.767975206189984,"back":23.767975206189984,"walk_out":79.22658402063328,"walk_back":79.22658402063328},"rail-007473":{"out":29.888994712032822,"back":29.888994712032822,"walk_out":99.62998237344274,"walk_back":99.62998237344274},"rail-007283":{"out":25.36507037382659,"back":25.36507037382659,"walk_out":84.55023457942197,"walk_back":84.55023457942197},"rail-007280":{"out":25.579911189533284,"back":25.579911189533284,"walk_out":85.26637063177762,"walk_back":85.26637063177762},"rail-007552":{"out":19.449250484559396,"back":19.449250484559396,"walk_out":64.83083494853132,"walk_back":64.83083494853132},"rail-007507":{"out":22.76679468749529,"back":22.76679468749529,"walk_out":75.88931562498429,"walk_back":75.88931562498429},"rail-007506":{"out":24.950068205646815,"back":24.950068205646815,"walk_out":83.16689401882272,"walk_back":83.16689401882272},"rail-007626":{"out":9.93838565831591,"back":9.93838565831591,"walk_out":33.12795219438637,"walk_back":33.12795219438637},"rail-007693":{"out":21.232556166056916,"back":21.232556166056916,"walk_out":70.77518722018972,"walk_back":70.77518722018972},"rail-007735":{"out":28.84116976343908,"back":28.84116976343908,"walk_out":96.13723254479693,"walk_back":96.13723254479693},"rail-007494":{"out":27.289079888069004,"back":27.289079888069004,"walk_out":90.96359962689668,"walk_back":90.96359962689668},"nakamozu":{"out":26.415340839148037,"back":26.415340839148037,"walk_out":88.05113613049346,"walk_back":88.05113613049346},"kujo":{"out":26.98971708081561,"back":26.98971708081561,"walk_out":89.9657236027187,"walk_back":89.9657236027187},"rail-007407":{"out":18.0115364370522,"back":18.0115364370522,"walk_out":60.038454790173994,"walk_back":60.038454790173994},"rail-007402":{"out":18.976874078312743,"back":18.976874078312743,"walk_out":63.25624692770915,"walk_back":63.25624692770915},"rail-007529":{"out":16.85746869314108,"back":16.85746869314108,"walk_out":56.19156231047027,"walk_back":56.19156231047027},"rail-007450":{"out":15.171914254521583,"back":15.171914254521583,"walk_out":50.57304751507194,"walk_back":50.57304751507194},"rail-007459":{"out":13.978797557860384,"back":13.978797557860384,"walk_out":46.595991859534614,"walk_back":46.595991859534614},"rail-007593":{"out":3.7741200314191805,"back":3.7741200314191805,"walk_out":12.580400104730602,"walk_back":12.580400104730602},"rail-007580":{"out":5.745590386023994,"back":5.745590386023994,"walk_out":19.151967953413315,"walk_back":19.151967953413315},"rail-007567":{"out":1.5036025370412733,"back":1.5036025370412733,"walk_out":5.012008456804244,"walk_back":5.012008456804244},"rail-007573":{"out":1.071386058333291,"back":1.071386058333291,"walk_out":3.57128686111097,"walk_back":3.57128686111097},"rail-007572":{"out":3.6426148022975324,"back":3.6426148022975324,"walk_out":12.142049340991774,"walk_back":12.142049340991774},"rail-007574":{"out":1.4108330318726754,"back":1.4108330318726754,"walk_out":4.702776772908918,"walk_back":4.702776772908918},"rail-007582":{"out":28.55726434049306,"back":28.55726434049306,"walk_out":95.19088113497686,"walk_back":95.19088113497686},"rail-007524":{"out":29.537504478430503,"back":29.537504478430503,"walk_out":98.458348261435,"walk_back":98.458348261435},"dobutsuen":{"out":16.22284634147396,"back":16.22284634147396,"walk_out":54.07615447157987,"walk_back":54.07615447157987},"rail-007544":{"out":4.5231228201544385,"back":4.5231228201544385,"walk_out":15.077076067181462,"walk_back":15.077076067181462},"rail-007485":{"out":11.039168733668761,"back":11.039168733668761,"walk_out":36.7972291122292,"walk_back":36.7972291122292},"rail-007502":{"out":17.1642416649663,"back":17.1642416649663,"walk_out":57.214138883221004,"walk_back":57.214138883221004},"rail-007522":{"out":8.88735969573275,"back":8.88735969573275,"walk_out":29.624532319109168,"walk_back":29.624532319109168},"rail-007647":{"out":17.438199030129212,"back":17.438199030129212,"walk_out":58.12733010043071,"walk_back":58.12733010043071},"rail-007462":{"out":27.250982328232816,"back":27.250982328232816,"walk_out":90.83660776077605,"walk_back":90.83660776077605},"rail-007570":{"out":15.288280322881223,"back":15.288280322881223,"walk_out":50.96093440960408,"walk_back":50.96093440960408},"rail-007571":{"out":18.053803009910474,"back":18.053803009910474,"walk_out":60.17934336636824,"walk_back":60.17934336636824},"rail-007531":{"out":13.250600987110353,"back":13.250600987110353,"walk_out":44.16866995703451,"walk_back":44.16866995703451},"rail-007581":{"out":23.67986132074072,"back":23.67986132074072,"walk_out":78.93287106913573,"walk_back":78.93287106913573},"rail-007268":{"out":26.977848315553327,"back":26.977848315553327,"walk_out":89.92616105184443,"walk_back":89.92616105184443},"rail-007382":{"out":22.112024095398315,"back":22.112024095398315,"walk_out":73.70674698466105,"walk_back":73.70674698466105},"rail-007649":{"out":15.813149560538104,"back":15.813149560538104,"walk_out":52.710498535127016,"walk_back":52.710498535127016},"rail-007660":{"out":16.569587643310662,"back":16.569587643310662,"walk_out":55.23195881103554,"walk_back":55.23195881103554},"rail-007667":{"out":16.882018748272216,"back":16.882018748272216,"walk_out":56.273395827574056,"walk_back":56.273395827574056},"rail-007534":{"out":5.052504687038202,"back":5.052504687038202,"walk_out":16.84168229012734,"walk_back":16.84168229012734},"rail-007622":{"out":8.497105599012553,"back":8.497105599012553,"walk_out":28.32368533004184,"walk_back":28.32368533004184},"rail-007395":{"out":19.289249738843807,"back":19.289249738843807,"walk_out":64.29749912947936,"walk_back":64.29749912947936},"rail-007654":{"out":16.130714722218443,"back":16.130714722218443,"walk_out":53.76904907406148,"walk_back":53.76904907406148},"taisho":{"out":23.193396937408576,"back":23.193396937408576,"walk_out":77.31132312469525,"walk_back":77.31132312469525},"uehommachi":{"out":26.097895742728404,"back":26.097895742728404,"walk_out":86.99298580909469,"walk_back":86.99298580909469},"osakako":{"out":26.437548720341002,"back":26.437548720341002,"walk_out":88.12516240113668,"walk_back":88.12516240113668},"rail-007451":{"out":17.254136370616468,"back":17.254136370616468,"walk_out":57.513787902054894,"walk_back":57.513787902054894},"rail-007483":{"out":10.905725337074989,"back":10.905725337074989,"walk_out":36.35241779024996,"walk_back":36.35241779024996},"tennoji":{"out":17.48898603576542,"back":17.48898603576542,"walk_out":58.29662011921807,"walk_back":58.29662011921807},"rail-007447":{"out":17.169790509257606,"back":17.169790509257606,"walk_out":57.23263503085868,"walk_back":57.23263503085868},"rail-007515":{"out":7.792279497988862,"back":7.792279497988862,"walk_out":25.974264993296206,"walk_back":25.974264993296206},"rail-007646":{"out":13.76489790207801,"back":13.76489790207801,"walk_out":45.882993006926704,"walk_back":45.882993006926704},"rail-007532":{"out":7.314722753474328,"back":7.314722753474328,"walk_out":24.38240917824776,"walk_back":24.38240917824776},"rail-007592":{"out":3.79473927942159,"back":3.79473927942159,"walk_out":12.6491309314053,"walk_back":12.6491309314053},"rail-007666":{"out":17.56639823424142,"back":17.56639823424142,"walk_out":58.554660780804724,"walk_back":58.554660780804724},"rail-007673":{"out":19.05609316189803,"back":19.05609316189803,"walk_out":63.5203105396601,"walk_back":63.5203105396601},"rail-007434":{"out":20.11107634381742,"back":20.11107634381742,"walk_out":67.03692114605806,"walk_back":67.03692114605806},"rail-007493":{"out":9.371024503016693,"back":9.371024503016693,"walk_out":31.23674834338898,"walk_back":31.23674834338898},"rail-007517":{"out":7.324423123045335,"back":7.324423123045335,"walk_out":24.41474374348445,"walk_back":24.41474374348445},"rail-007657":{"out":24.786824749724886,"back":24.786824749724886,"walk_out":82.62274916574962,"walk_back":82.62274916574962},"rail-007538":{"out":5.354474400949221,"back":5.354474400949221,"walk_out":17.84824800316407,"walk_back":17.84824800316407},"rail-007547":{"out":5.67475072731145,"back":5.67475072731145,"walk_out":18.91583575770483,"walk_back":18.91583575770483},"rail-007559":{"out":4.492849164241722,"back":4.492849164241722,"walk_out":14.976163880805741,"walk_back":14.976163880805741},"rail-007575":{"out":10.740783894965887,"back":10.740783894965887,"walk_out":35.802612983219625,"walk_back":35.802612983219625},"rail-007505":{"out":24.423177818483683,"back":24.423177818483683,"walk_out":81.41059272827894,"walk_back":81.41059272827894},"rail-007546":{"out":22.56773364607588,"back":22.56773364607588,"walk_out":75.22577882025294,"walk_back":75.22577882025294},"bentencho":{"out":26.734073437462925,"back":26.734073437462925,"walk_out":89.11357812487643,"walk_back":89.11357812487643},"rail-007682":{"out":20.60242488178026,"back":20.60242488178026,"walk_out":68.6747496059342,"walk_back":68.6747496059342},"shinsaibashi":{"out":27.373600161502022,"back":27.373600161502022,"walk_out":91.24533387167341,"walk_back":91.24533387167341},"rail-007399":{"out":18.85187118117474,"back":18.85187118117474,"walk_out":62.839570603915796,"walk_back":62.839570603915796},"rail-007611":{"out":11.297395241194192,"back":11.297395241194192,"walk_out":37.657984137313974,"walk_back":37.657984137313974},"rail-007609":{"out":6.985523796552969,"back":6.985523796552969,"walk_out":23.28507932184323,"walk_back":23.28507932184323},"rail-007595":{"out":8.740300802399027,"back":8.740300802399027,"walk_out":29.134336007996755,"walk_back":29.134336007996755},"rail-007607":{"out":6.00273678135479,"back":6.00273678135479,"walk_out":20.009122604515966,"walk_back":20.009122604515966},"rail-007486":{"out":14.908090259884784,"back":14.908090259884784,"walk_out":49.69363419961594,"walk_back":49.69363419961594},"shinimamiya":{"out":16.89428520420694,"back":16.89428520420694,"walk_out":56.31428401402314,"walk_back":56.31428401402314},"rail-007427":{"out":16.924087969444077,"back":16.924087969444077,"walk_out":56.41362656481359,"walk_back":56.41362656481359},"rail-007690":{"out":22.64526229867446,"back":22.64526229867446,"walk_out":75.4842076622482,"walk_back":75.4842076622482},"nipponbashi":{"out":24.444266670735217,"back":24.444266670735217,"walk_out":81.48088890245072,"walk_back":81.48088890245072},"rail-007499":{"out":13.700141685634259,"back":13.700141685634259,"walk_out":45.66713895211419,"walk_back":45.66713895211419},"rail-007370":{"out":25.306171229590618,"back":25.306171229590618,"walk_out":84.35390409863538,"walk_back":84.35390409863538},"rail-007406":{"out":18.267564189224515,"back":18.267564189224515,"walk_out":60.891880630748375,"walk_back":60.891880630748375},"rail-007623":{"out":10.807393308398025,"back":10.807393308398025,"walk_out":36.02464436132675,"walk_back":36.02464436132675},"rail-007500":{"out":11.305942150683842,"back":11.305942150683842,"walk_out":37.68647383561281,"walk_back":37.68647383561281},"rail-007699":{"out":23.603480540728864,"back":23.603480540728864,"walk_out":78.67826846909621,"walk_back":78.67826846909621},"rail-007525":{"out":6.579252741797293,"back":6.579252741797293,"walk_out":21.930842472657645,"walk_back":21.930842472657645},"rail-007553":{"out":2.693245331212966,"back":2.693245331212966,"walk_out":8.977484437376553,"walk_back":8.977484437376553},"rail-007479":{"out":21.275063081569865,"back":21.275063081569865,"walk_out":70.91687693856622,"walk_back":70.91687693856622},"rail-007250":{"out":28.935071413062772,"back":28.935071413062772,"walk_out":96.45023804354258,"walk_back":96.45023804354258},"rail-007472":{"out":12.425380493479487,"back":12.425380493479487,"walk_out":41.41793497826496,"walk_back":41.41793497826496},"rail-007487":{"out":12.629631258233585,"back":12.629631258233585,"walk_out":42.098770860778615,"walk_back":42.098770860778615},"rail-007380":{"out":24.79615160326164,"back":24.79615160326164,"walk_out":82.6538386775388,"walk_back":82.6538386775388},"rail-007364":{"out":29.55596518742838,"back":29.55596518742838,"walk_out":98.5198839580946,"walk_back":98.5198839580946},"sakuragawa":{"out":24.322900923022537,"back":24.322900923022537,"walk_out":81.07633641007513,"walk_back":81.07633641007513},"rail-007303":{"out":23.965910223743407,"back":23.965910223743407,"walk_out":79.88636741247802,"walk_back":79.88636741247802},"rail-007587":{"out":4.726028108816042,"back":4.726028108816042,"walk_out":15.753427029386804,"walk_back":15.753427029386804},"rail-007639":{"out":21.507308309212082,"back":21.507308309212082,"walk_out":71.69102769737361,"walk_back":71.69102769737361},"rail-007470":{"out":18.075113691531026,"back":18.075113691531026,"walk_out":60.25037897177008,"walk_back":60.25037897177008},"rail-007442":{"out":14.914140485370426,"back":14.914140485370426,"walk_out":49.71380161790142,"walk_back":49.71380161790142},"rail-007641":{"out":13.774524611689774,"back":13.774524611689774,"walk_out":45.91508203896591,"walk_back":45.91508203896591},"rail-007630":{"out":10.795151223138138,"back":10.795151223138138,"walk_out":35.98383741046046,"walk_back":35.98383741046046},"rail-007683":{"out":21.673044303592793,"back":21.673044303592793,"walk_out":72.24348101197597,"walk_back":72.24348101197597},"rail-007533":{"out":4.7136882878767485,"back":4.7136882878767485,"walk_out":15.712294292922497,"walk_back":15.712294292922497},"rail-007519":{"out":15.252390162846007,"back":15.252390162846007,"walk_out":50.84130054282002,"walk_back":50.84130054282002},"rail-007733":{"out":29.831459373202946,"back":29.831459373202946,"walk_out":99.4381979106765,"walk_back":99.4381979106765},"rail-007709":{"out":24.562463583473544,"back":24.562463583473544,"walk_out":81.87487861157848,"walk_back":81.87487861157848},"rail-007704":{"out":23.88078155130043,"back":23.88078155130043,"walk_out":79.60260517100143,"walk_back":79.60260517100143},"rail-007590":{"out":16.951536707509177,"back":16.951536707509177,"walk_out":56.50512235836393,"walk_back":56.50512235836393},"rail-007714":{"out":28.56752882799779,"back":28.56752882799779,"walk_out":95.22509609332597,"walk_back":95.22509609332597},"rail-007706":{"out":25.934817123459844,"back":25.934817123459844,"walk_out":86.4493904115328,"walk_back":86.4493904115328},"rail-007707":{"out":27.28218984014447,"back":27.28218984014447,"walk_out":90.94063280048157,"walk_back":90.94063280048157},"rail-007564":{"out":3.4571369493471105,"back":3.4571369493471105,"walk_out":11.523789831157034,"walk_back":11.523789831157034},"rail-007640":{"out":12.826190786728674,"back":12.826190786728674,"walk_out":42.75396928909558,"walk_back":42.75396928909558},"rail-007554":{"out":2.431696507226192,"back":2.431696507226192,"walk_out":8.105655024087305,"walk_back":8.105655024087305},"rail-007579":{"out":2.211161614854199,"back":2.211161614854199,"walk_out":7.370538716180662,"walk_back":7.370538716180662},"rail-007635":{"out":11.6053062450828,"back":11.6053062450828,"walk_out":38.684354150276,"walk_back":38.684354150276},"rail-007475":{"out":17.245828451735754,"back":17.245828451735754,"walk_out":57.48609483911918,"walk_back":57.48609483911918},"rail-007498":{"out":9.61479152781519,"back":9.61479152781519,"walk_out":32.0493050927173,"walk_back":32.0493050927173},"rail-007379":{"out":19.945345328632094,"back":19.945345328632094,"walk_out":66.48448442877364,"walk_back":66.48448442877364},"rail-007371":{"out":20.810421086083622,"back":20.810421086083622,"walk_out":69.36807028694541,"walk_back":69.36807028694541},"rail-007454":{"out":13.932768679961155,"back":13.932768679961155,"walk_out":46.44256226653718,"walk_back":46.44256226653718},"rail-007650":{"out":14.756320504060907,"back":14.756320504060907,"walk_out":49.18773501353636,"walk_back":49.18773501353636},"rail-007452":{"out":14.764643103225216,"back":14.764643103225216,"walk_out":49.21547701075072,"walk_back":49.21547701075072},"rail-007249":{"out":27.570661720936045,"back":27.570661720936045,"walk_out":91.90220573645348,"walk_back":91.90220573645348},"rail-007476":{"out":11.060865486143873,"back":11.060865486143873,"walk_out":36.86955162047958,"walk_back":36.86955162047958},"rail-007540":{"out":10.673763565127116,"back":10.673763565127116,"walk_out":35.579211883757054,"walk_back":35.579211883757054},"rail-007246":{"out":26.770096239835567,"back":26.770096239835567,"walk_out":89.23365413278523,"walk_back":89.23365413278523},"tanimachi9":{"out":25.860785651637013,"back":25.860785651637013,"walk_out":86.20261883879004,"walk_back":86.20261883879004},"tanimachi6":{"out":29.378856693000536,"back":29.378856693000536,"walk_out":97.92952231000179,"walk_back":97.92952231000179},"rail-007317":{"out":24.567350659494483,"back":24.567350659494483,"walk_out":81.89116886498161,"walk_back":81.89116886498161},"rail-007562":{"out":16.686675348333452,"back":16.686675348333452,"walk_out":55.62225116111151,"walk_back":55.62225116111151},"nagahoribashi":{"out":28.23448141076655,"back":28.23448141076655,"walk_out":94.1149380358885,"walk_back":94.1149380358885},"nagai":{"out":9.722549934837486,"back":9.722549934837486,"walk_out":32.40849978279162,"walk_back":32.40849978279162},"rail-007460":{"out":15.285642881464055,"back":15.285642881464055,"walk_out":50.95214293821351,"walk_back":50.95214293821351},"rail-007543":{"out":16.882139955198927,"back":16.882139955198927,"walk_out":56.27379985066309,"walk_back":56.27379985066309},"rail-007669":{"out":27.40373832954166,"back":27.40373832954166,"walk_out":91.34579443180553,"walk_back":91.34579443180553},"rail-007628":{"out":10.389328469919088,"back":10.389328469919088,"walk_out":34.63109489973029,"walk_back":34.63109489973029},"rail-007556":{"out":10.950032611643335,"back":10.950032611643335,"walk_out":36.500108705477786,"walk_back":36.500108705477786},"tsuruhashi":{"out":27.918040725335423,"back":27.918040725335423,"walk_out":93.06013575111808,"walk_back":93.06013575111808}}}},{"type":"Feature","geometry":{"type":"Point","coordinates":[135.62131,34.5456]},"properties":{"id":"bodik-osaka-a936237cc7c549e9417b","name":"パークゴルフ場月例コンペ10月度大会","venue":"石川河川公園","address":"","category":"その他","source_category":"","date":"2026-10-13","end_date":"2026-10-13","start":null,"end":null,"schedule":"","url":"https://www.toshi-kouen.jp/staticpages/index.php/ishikawa_facilities01","source":"大阪府 イベント一覧（BODIK）","source_updated":"2026-09-14T08:52:41.251751","fetched_at":"2026-09-18T14:35:26.570Z","coordinate_source":"https://data.bodik.jp/ja/dataset/270008_event","fictional":false,"access":{"rail-007767":{"out":8.21721571342496,"back":8.21721571342496,"walk_out":27.390719044749865,"walk_back":27.390719044749865},"rail-007738":{"out":24.47976445602612,"back":24.47976445602612,"walk_out":81.5992148534204,"walk_back":81.5992148534204},"rail-007754":{"out":24.050695136203778,"back":24.050695136203778,"walk_out":80.16898378734592,"walk_back":80.16898378734592},"rail-007772":{"out":27.333838689269612,"back":27.333838689269612,"walk_out":91.1127956308987,"walk_back":91.1127956308987},"rail-007618":{"out":26.943601722082786,"back":26.943601722082786,"walk_out":89.81200574027595,"walk_back":89.81200574027595},"rail-007718":{"out":5.861669273793259,"back":5.861669273793259,"walk_out":19.538897579310863,"walk_back":19.538897579310863},"rail-007790":{"out":11.436832554630183,"back":11.436832554630183,"walk_out":38.12277518210061,"walk_back":38.12277518210061},"rail-007676":{"out":11.75749862213942,"back":11.75749862213942,"walk_out":39.19166207379807,"walk_back":39.19166207379807},"rail-007633":{"out":19.176485195287878,"back":19.176485195287878,"walk_out":63.92161731762626,"walk_back":63.92161731762626},"rail-007713":{"out":9.65959284356285,"back":9.65959284356285,"walk_out":32.19864281187617,"walk_back":32.19864281187617},"rail-007831":{"out":29.680095527558855,"back":29.680095527558855,"walk_out":98.93365175852952,"walk_back":98.93365175852952},"rail-007653":{"out":15.65267883772169,"back":15.65267883772169,"walk_out":52.17559612573897,"walk_back":52.17559612573897},"rail-007832":{"out":19.841428673623362,"back":19.841428673623362,"walk_out":66.13809557874454,"walk_back":66.13809557874454},"rail-007840":{"out":22.14823234765875,"back":22.14823234765875,"walk_out":73.82744115886251,"walk_back":73.82744115886251},"rail-007856":{"out":26.367882453484835,"back":26.367882453484835,"walk_out":87.89294151161612,"walk_back":87.89294151161612},"rail-007606":{"out":24.423029644660257,"back":24.423029644660257,"walk_out":81.4100988155342,"walk_back":81.4100988155342},"rail-007578":{"out":28.646134398084573,"back":28.646134398084573,"walk_out":95.48711466028192,"walk_back":95.48711466028192},"rail-007674":{"out":21.68243493951617,"back":21.68243493951617,"walk_out":72.27478313172057,"walk_back":72.27478313172057},"rail-007636":{"out":18.285589624431342,"back":18.285589624431342,"walk_out":60.95196541477114,"walk_back":60.95196541477114},"rail-007652":{"out":16.079650916917547,"back":16.079650916917547,"walk_out":53.59883638972516,"walk_back":53.59883638972516},"takaida_osaka":{"out":10.775072492914662,"back":10.775072492914662,"walk_out":35.91690830971554,"walk_back":35.91690830971554},"rail-007670":{"out":19.978849416532054,"back":19.978849416532054,"walk_out":66.5961647217735,"walk_back":66.5961647217735},"rail-007668":{"out":26.917472414365292,"back":26.917472414365292,"walk_out":89.7249080478843,"walk_back":89.7249080478843},"rail-007621":{"out":22.131787526198345,"back":22.131787526198345,"walk_out":73.77262508732782,"walk_back":73.77262508732782},"rail-007800":{"out":29.729374614715844,"back":29.729374614715844,"walk_out":99.09791538238615,"walk_back":99.09791538238615},"rail-007678":{"out":15.262092266707386,"back":15.262092266707386,"walk_out":50.873640889024614,"walk_back":50.873640889024614},"rail-007688":{"out":10.137593852419597,"back":10.137593852419597,"walk_out":33.791979508065324,"walk_back":33.791979508065324},"rail-007723":{"out":17.45595156790946,"back":17.45595156790946,"walk_out":58.186505226364865,"walk_back":58.186505226364865},"rail-007741":{"out":0.2688938634478858,"back":0.2688938634478858,"walk_out":0.8963128781596194,"walk_back":0.8963128781596194},"rail-007680":{"out":13.200365046436236,"back":13.200365046436236,"walk_out":44.00121682145412,"walk_back":44.00121682145412},"rail-007679":{"out":17.727317845153344,"back":17.727317845153344,"walk_out":59.091059483844475,"walk_back":59.091059483844475}}}},{"type":"Feature","geometry":{"type":"Point","coordinates":[135.29394,34.41192]},"properties":{"id":"bodik-osaka-3e87e8f0830cf58f6274","name":"多肉植物寄せ植え講習会","venue":"りんくう公園","address":"","category":"その他","source_category":"","date":"2026-10-14","end_date":"2026-10-14","start":null,"end":null,"schedule":"","url":"https://rinku.osaka-park.or.jp/","source":"大阪府 イベント一覧（BODIK）","source_updated":"2026-09-14T08:52:41.251751","fetched_at":"2026-09-18T14:35:26.570Z","coordinate_source":"https://data.bodik.jp/ja/dataset/270008_event","fictional":false,"access":{"rail-007996":{"out":2.0659986420144367,"back":2.0659986420144367,"walk_out":6.886662140048122,"walk_back":6.886662140048122},"rail-007964":{"out":20.708110754004462,"back":20.708110754004462,"walk_out":69.02703584668154,"walk_back":69.02703584668154},"rail-007985":{"out":13.809086793814481,"back":13.809086793814481,"walk_out":46.03028931271494,"walk_back":46.03028931271494},"rail-008069":{"out":9.203816928369813,"back":9.203816928369813,"walk_out":30.679389761232706,"walk_back":30.679389761232706},"rail-007973":{"out":24.770164815972727,"back":24.770164815972727,"walk_out":82.56721605324243,"walk_back":82.56721605324243},"rail-008142":{"out":23.459637563168315,"back":23.459637563168315,"walk_out":78.19879187722772,"walk_back":78.19879187722772},"rail-008091":{"out":13.698166797072574,"back":13.698166797072574,"walk_out":45.66055599024191,"walk_back":45.66055599024191},"rail-008120":{"out":17.700136024926735,"back":17.700136024926735,"walk_out":59.00045341642245,"walk_back":59.00045341642245},"rail-008072":{"out":16.63312005530945,"back":16.63312005530945,"walk_out":55.44373351769817,"walk_back":55.44373351769817},"rail-007989":{"out":20.691413589899188,"back":20.691413589899188,"walk_out":68.9713786329973,"walk_back":68.9713786329973},"rail-008118":{"out":20.614293819408086,"back":20.614293819408086,"walk_out":68.71431273136028,"walk_back":68.71431273136028},"rail-007992":{"out":8.607733362390626,"back":8.607733362390626,"walk_out":28.692444541302088,"walk_back":28.692444541302088},"rail-007976":{"out":29.30929263506682,"back":29.30929263506682,"walk_out":97.6976421168894,"walk_back":97.6976421168894},"rail-008008":{"out":17.527564769624338,"back":17.527564769624338,"walk_out":58.425215898747794,"walk_back":58.425215898747794},"rail-007967":{"out":28.463014661916354,"back":28.463014661916354,"walk_out":94.87671553972118,"walk_back":94.87671553972118},"rail-008022":{"out":5.95986350050845,"back":5.95986350050845,"walk_out":19.8662116683615,"walk_back":19.8662116683615},"rail-007942":{"out":27.77025486993653,"back":27.77025486993653,"walk_out":92.56751623312176,"walk_back":92.56751623312176},"rail-007952":{"out":27.358599564771186,"back":27.358599564771186,"walk_out":91.19533188257063,"walk_back":91.19533188257063},"rail-007956":{"out":27.637680833724524,"back":27.637680833724524,"walk_out":92.12560277908175,"walk_back":92.12560277908175},"rail-008097":{"out":16.427389253319486,"back":16.427389253319486,"walk_out":54.75796417773162,"walk_back":54.75796417773162},"rail-007958":{"out":21.413083641431843,"back":21.413083641431843,"walk_out":71.37694547143947,"walk_back":71.37694547143947},"rail-007975":{"out":17.510729576341536,"back":17.510729576341536,"walk_out":58.36909858780512,"walk_back":58.36909858780512}}}},{"type":"Feature","geometry":{"type":"Point","coordinates":[135.48764,34.61375]},"properties":{"id":"bodik-osaka-bccf032a1021263e44ce","name":"すみ博2026（すみよし博覧会）","venue":"住吉公園","address":"","category":"その他","source_category":"","date":"2026-10-17","end_date":"2026-10-17","start":null,"end":null,"schedule":"","url":"https://sumihaku.com/","source":"大阪府 イベント一覧（BODIK）","source_updated":"2026-09-14T08:52:41.251751","fetched_at":"2026-09-18T14:35:26.570Z","coordinate_source":"https://data.bodik.jp/ja/dataset/270008_event","fictional":false,"access":{"namba":{"out":23.767975206189984,"back":23.767975206189984,"walk_out":79.22658402063328,"walk_back":79.22658402063328},"rail-007473":{"out":29.888994712032822,"back":29.888994712032822,"walk_out":99.62998237344274,"walk_back":99.62998237344274},"rail-007283":{"out":25.36507037382659,"back":25.36507037382659,"walk_out":84.55023457942197,"walk_back":84.55023457942197},"rail-007280":{"out":25.579911189533284,"back":25.579911189533284,"walk_out":85.26637063177762,"walk_back":85.26637063177762},"rail-007552":{"out":19.449250484559396,"back":19.449250484559396,"walk_out":64.83083494853132,"walk_back":64.83083494853132},"rail-007507":{"out":22.76679468749529,"back":22.76679468749529,"walk_out":75.88931562498429,"walk_back":75.88931562498429},"rail-007506":{"out":24.950068205646815,"back":24.950068205646815,"walk_out":83.16689401882272,"walk_back":83.16689401882272},"rail-007626":{"out":9.93838565831591,"back":9.93838565831591,"walk_out":33.12795219438637,"walk_back":33.12795219438637},"rail-007693":{"out":21.232556166056916,"back":21.232556166056916,"walk_out":70.77518722018972,"walk_back":70.77518722018972},"rail-007735":{"out":28.84116976343908,"back":28.84116976343908,"walk_out":96.13723254479693,"walk_back":96.13723254479693},"rail-007494":{"out":27.289079888069004,"back":27.289079888069004,"walk_out":90.96359962689668,"walk_back":90.96359962689668},"nakamozu":{"out":26.415340839148037,"back":26.415340839148037,"walk_out":88.05113613049346,"walk_back":88.05113613049346},"kujo":{"out":26.98971708081561,"back":26.98971708081561,"walk_out":89.9657236027187,"walk_back":89.9657236027187},"rail-007407":{"out":18.0115364370522,"back":18.0115364370522,"walk_out":60.038454790173994,"walk_back":60.038454790173994},"rail-007402":{"out":18.976874078312743,"back":18.976874078312743,"walk_out":63.25624692770915,"walk_back":63.25624692770915},"rail-007529":{"out":16.85746869314108,"back":16.85746869314108,"walk_out":56.19156231047027,"walk_back":56.19156231047027},"rail-007450":{"out":15.171914254521583,"back":15.171914254521583,"walk_out":50.57304751507194,"walk_back":50.57304751507194},"rail-007459":{"out":13.978797557860384,"back":13.978797557860384,"walk_out":46.595991859534614,"walk_back":46.595991859534614},"rail-007593":{"out":3.7741200314191805,"back":3.7741200314191805,"walk_out":12.580400104730602,"walk_back":12.580400104730602},"rail-007580":{"out":5.745590386023994,"back":5.745590386023994,"walk_out":19.151967953413315,"walk_back":19.151967953413315},"rail-007567":{"out":1.5036025370412733,"back":1.5036025370412733,"walk_out":5.012008456804244,"walk_back":5.012008456804244},"rail-007573":{"out":1.071386058333291,"back":1.071386058333291,"walk_out":3.57128686111097,"walk_back":3.57128686111097},"rail-007572":{"out":3.6426148022975324,"back":3.6426148022975324,"walk_out":12.142049340991774,"walk_back":12.142049340991774},"rail-007574":{"out":1.4108330318726754,"back":1.4108330318726754,"walk_out":4.702776772908918,"walk_back":4.702776772908918},"rail-007582":{"out":28.55726434049306,"back":28.55726434049306,"walk_out":95.19088113497686,"walk_back":95.19088113497686},"rail-007524":{"out":29.537504478430503,"back":29.537504478430503,"walk_out":98.458348261435,"walk_back":98.458348261435},"dobutsuen":{"out":16.22284634147396,"back":16.22284634147396,"walk_out":54.07615447157987,"walk_back":54.07615447157987},"rail-007544":{"out":4.5231228201544385,"back":4.5231228201544385,"walk_out":15.077076067181462,"walk_back":15.077076067181462},"rail-007485":{"out":11.039168733668761,"back":11.039168733668761,"walk_out":36.7972291122292,"walk_back":36.7972291122292},"rail-007502":{"out":17.1642416649663,"back":17.1642416649663,"walk_out":57.214138883221004,"walk_back":57.214138883221004},"rail-007522":{"out":8.88735969573275,"back":8.88735969573275,"walk_out":29.624532319109168,"walk_back":29.624532319109168},"rail-007647":{"out":17.438199030129212,"back":17.438199030129212,"walk_out":58.12733010043071,"walk_back":58.12733010043071},"rail-007462":{"out":27.250982328232816,"back":27.250982328232816,"walk_out":90.83660776077605,"walk_back":90.83660776077605},"rail-007570":{"out":15.288280322881223,"back":15.288280322881223,"walk_out":50.96093440960408,"walk_back":50.96093440960408},"rail-007571":{"out":18.053803009910474,"back":18.053803009910474,"walk_out":60.17934336636824,"walk_back":60.17934336636824},"rail-007531":{"out":13.250600987110353,"back":13.250600987110353,"walk_out":44.16866995703451,"walk_back":44.16866995703451},"rail-007581":{"out":23.67986132074072,"back":23.67986132074072,"walk_out":78.93287106913573,"walk_back":78.93287106913573},"rail-007268":{"out":26.977848315553327,"back":26.977848315553327,"walk_out":89.92616105184443,"walk_back":89.92616105184443},"rail-007382":{"out":22.112024095398315,"back":22.112024095398315,"walk_out":73.70674698466105,"walk_back":73.70674698466105},"rail-007649":{"out":15.813149560538104,"back":15.813149560538104,"walk_out":52.710498535127016,"walk_back":52.710498535127016},"rail-007660":{"out":16.569587643310662,"back":16.569587643310662,"walk_out":55.23195881103554,"walk_back":55.23195881103554},"rail-007667":{"out":16.882018748272216,"back":16.882018748272216,"walk_out":56.273395827574056,"walk_back":56.273395827574056},"rail-007534":{"out":5.052504687038202,"back":5.052504687038202,"walk_out":16.84168229012734,"walk_back":16.84168229012734},"rail-007622":{"out":8.497105599012553,"back":8.497105599012553,"walk_out":28.32368533004184,"walk_back":28.32368533004184},"rail-007395":{"out":19.289249738843807,"back":19.289249738843807,"walk_out":64.29749912947936,"walk_back":64.29749912947936},"rail-007654":{"out":16.130714722218443,"back":16.130714722218443,"walk_out":53.76904907406148,"walk_back":53.76904907406148},"taisho":{"out":23.193396937408576,"back":23.193396937408576,"walk_out":77.31132312469525,"walk_back":77.31132312469525},"uehommachi":{"out":26.097895742728404,"back":26.097895742728404,"walk_out":86.99298580909469,"walk_back":86.99298580909469},"osakako":{"out":26.437548720341002,"back":26.437548720341002,"walk_out":88.12516240113668,"walk_back":88.12516240113668},"rail-007451":{"out":17.254136370616468,"back":17.254136370616468,"walk_out":57.513787902054894,"walk_back":57.513787902054894},"rail-007483":{"out":10.905725337074989,"back":10.905725337074989,"walk_out":36.35241779024996,"walk_back":36.35241779024996},"tennoji":{"out":17.48898603576542,"back":17.48898603576542,"walk_out":58.29662011921807,"walk_back":58.29662011921807},"rail-007447":{"out":17.169790509257606,"back":17.169790509257606,"walk_out":57.23263503085868,"walk_back":57.23263503085868},"rail-007515":{"out":7.792279497988862,"back":7.792279497988862,"walk_out":25.974264993296206,"walk_back":25.974264993296206},"rail-007646":{"out":13.76489790207801,"back":13.76489790207801,"walk_out":45.882993006926704,"walk_back":45.882993006926704},"rail-007532":{"out":7.314722753474328,"back":7.314722753474328,"walk_out":24.38240917824776,"walk_back":24.38240917824776},"rail-007592":{"out":3.79473927942159,"back":3.79473927942159,"walk_out":12.6491309314053,"walk_back":12.6491309314053},"rail-007666":{"out":17.56639823424142,"back":17.56639823424142,"walk_out":58.554660780804724,"walk_back":58.554660780804724},"rail-007673":{"out":19.05609316189803,"back":19.05609316189803,"walk_out":63.5203105396601,"walk_back":63.5203105396601},"rail-007434":{"out":20.11107634381742,"back":20.11107634381742,"walk_out":67.03692114605806,"walk_back":67.03692114605806},"rail-007493":{"out":9.371024503016693,"back":9.371024503016693,"walk_out":31.23674834338898,"walk_back":31.23674834338898},"rail-007517":{"out":7.324423123045335,"back":7.324423123045335,"walk_out":24.41474374348445,"walk_back":24.41474374348445},"rail-007657":{"out":24.786824749724886,"back":24.786824749724886,"walk_out":82.62274916574962,"walk_back":82.62274916574962},"rail-007538":{"out":5.354474400949221,"back":5.354474400949221,"walk_out":17.84824800316407,"walk_back":17.84824800316407},"rail-007547":{"out":5.67475072731145,"back":5.67475072731145,"walk_out":18.91583575770483,"walk_back":18.91583575770483},"rail-007559":{"out":4.492849164241722,"back":4.492849164241722,"walk_out":14.976163880805741,"walk_back":14.976163880805741},"rail-007575":{"out":10.740783894965887,"back":10.740783894965887,"walk_out":35.802612983219625,"walk_back":35.802612983219625},"rail-007505":{"out":24.423177818483683,"back":24.423177818483683,"walk_out":81.41059272827894,"walk_back":81.41059272827894},"rail-007546":{"out":22.56773364607588,"back":22.56773364607588,"walk_out":75.22577882025294,"walk_back":75.22577882025294},"bentencho":{"out":26.734073437462925,"back":26.734073437462925,"walk_out":89.11357812487643,"walk_back":89.11357812487643},"rail-007682":{"out":20.60242488178026,"back":20.60242488178026,"walk_out":68.6747496059342,"walk_back":68.6747496059342},"shinsaibashi":{"out":27.373600161502022,"back":27.373600161502022,"walk_out":91.24533387167341,"walk_back":91.24533387167341},"rail-007399":{"out":18.85187118117474,"back":18.85187118117474,"walk_out":62.839570603915796,"walk_back":62.839570603915796},"rail-007611":{"out":11.297395241194192,"back":11.297395241194192,"walk_out":37.657984137313974,"walk_back":37.657984137313974},"rail-007609":{"out":6.985523796552969,"back":6.985523796552969,"walk_out":23.28507932184323,"walk_back":23.28507932184323},"rail-007595":{"out":8.740300802399027,"back":8.740300802399027,"walk_out":29.134336007996755,"walk_back":29.134336007996755},"rail-007607":{"out":6.00273678135479,"back":6.00273678135479,"walk_out":20.009122604515966,"walk_back":20.009122604515966},"rail-007486":{"out":14.908090259884784,"back":14.908090259884784,"walk_out":49.69363419961594,"walk_back":49.69363419961594},"shinimamiya":{"out":16.89428520420694,"back":16.89428520420694,"walk_out":56.31428401402314,"walk_back":56.31428401402314},"rail-007427":{"out":16.924087969444077,"back":16.924087969444077,"walk_out":56.41362656481359,"walk_back":56.41362656481359},"rail-007690":{"out":22.64526229867446,"back":22.64526229867446,"walk_out":75.4842076622482,"walk_back":75.4842076622482},"nipponbashi":{"out":24.444266670735217,"back":24.444266670735217,"walk_out":81.48088890245072,"walk_back":81.48088890245072},"rail-007499":{"out":13.700141685634259,"back":13.700141685634259,"walk_out":45.66713895211419,"walk_back":45.66713895211419},"rail-007370":{"out":25.306171229590618,"back":25.306171229590618,"walk_out":84.35390409863538,"walk_back":84.35390409863538},"rail-007406":{"out":18.267564189224515,"back":18.267564189224515,"walk_out":60.891880630748375,"walk_back":60.891880630748375},"rail-007623":{"out":10.807393308398025,"back":10.807393308398025,"walk_out":36.02464436132675,"walk_back":36.02464436132675},"rail-007500":{"out":11.305942150683842,"back":11.305942150683842,"walk_out":37.68647383561281,"walk_back":37.68647383561281},"rail-007699":{"out":23.603480540728864,"back":23.603480540728864,"walk_out":78.67826846909621,"walk_back":78.67826846909621},"rail-007525":{"out":6.579252741797293,"back":6.579252741797293,"walk_out":21.930842472657645,"walk_back":21.930842472657645},"rail-007553":{"out":2.693245331212966,"back":2.693245331212966,"walk_out":8.977484437376553,"walk_back":8.977484437376553},"rail-007479":{"out":21.275063081569865,"back":21.275063081569865,"walk_out":70.91687693856622,"walk_back":70.91687693856622},"rail-007250":{"out":28.935071413062772,"back":28.935071413062772,"walk_out":96.45023804354258,"walk_back":96.45023804354258},"rail-007472":{"out":12.425380493479487,"back":12.425380493479487,"walk_out":41.41793497826496,"walk_back":41.41793497826496},"rail-007487":{"out":12.629631258233585,"back":12.629631258233585,"walk_out":42.098770860778615,"walk_back":42.098770860778615},"rail-007380":{"out":24.79615160326164,"back":24.79615160326164,"walk_out":82.6538386775388,"walk_back":82.6538386775388},"rail-007364":{"out":29.55596518742838,"back":29.55596518742838,"walk_out":98.5198839580946,"walk_back":98.5198839580946},"sakuragawa":{"out":24.322900923022537,"back":24.322900923022537,"walk_out":81.07633641007513,"walk_back":81.07633641007513},"rail-007303":{"out":23.965910223743407,"back":23.965910223743407,"walk_out":79.88636741247802,"walk_back":79.88636741247802},"rail-007587":{"out":4.726028108816042,"back":4.726028108816042,"walk_out":15.753427029386804,"walk_back":15.753427029386804},"rail-007639":{"out":21.507308309212082,"back":21.507308309212082,"walk_out":71.69102769737361,"walk_back":71.69102769737361},"rail-007470":{"out":18.075113691531026,"back":18.075113691531026,"walk_out":60.25037897177008,"walk_back":60.25037897177008},"rail-007442":{"out":14.914140485370426,"back":14.914140485370426,"walk_out":49.71380161790142,"walk_back":49.71380161790142},"rail-007641":{"out":13.774524611689774,"back":13.774524611689774,"walk_out":45.91508203896591,"walk_back":45.91508203896591},"rail-007630":{"out":10.795151223138138,"back":10.795151223138138,"walk_out":35.98383741046046,"walk_back":35.98383741046046},"rail-007683":{"out":21.673044303592793,"back":21.673044303592793,"walk_out":72.24348101197597,"walk_back":72.24348101197597},"rail-007533":{"out":4.7136882878767485,"back":4.7136882878767485,"walk_out":15.712294292922497,"walk_back":15.712294292922497},"rail-007519":{"out":15.252390162846007,"back":15.252390162846007,"walk_out":50.84130054282002,"walk_back":50.84130054282002},"rail-007733":{"out":29.831459373202946,"back":29.831459373202946,"walk_out":99.4381979106765,"walk_back":99.4381979106765},"rail-007709":{"out":24.562463583473544,"back":24.562463583473544,"walk_out":81.87487861157848,"walk_back":81.87487861157848},"rail-007704":{"out":23.88078155130043,"back":23.88078155130043,"walk_out":79.60260517100143,"walk_back":79.60260517100143},"rail-007590":{"out":16.951536707509177,"back":16.951536707509177,"walk_out":56.50512235836393,"walk_back":56.50512235836393},"rail-007714":{"out":28.56752882799779,"back":28.56752882799779,"walk_out":95.22509609332597,"walk_back":95.22509609332597},"rail-007706":{"out":25.934817123459844,"back":25.934817123459844,"walk_out":86.4493904115328,"walk_back":86.4493904115328},"rail-007707":{"out":27.28218984014447,"back":27.28218984014447,"walk_out":90.94063280048157,"walk_back":90.94063280048157},"rail-007564":{"out":3.4571369493471105,"back":3.4571369493471105,"walk_out":11.523789831157034,"walk_back":11.523789831157034},"rail-007640":{"out":12.826190786728674,"back":12.826190786728674,"walk_out":42.75396928909558,"walk_back":42.75396928909558},"rail-007554":{"out":2.431696507226192,"back":2.431696507226192,"walk_out":8.105655024087305,"walk_back":8.105655024087305},"rail-007579":{"out":2.211161614854199,"back":2.211161614854199,"walk_out":7.370538716180662,"walk_back":7.370538716180662},"rail-007635":{"out":11.6053062450828,"back":11.6053062450828,"walk_out":38.684354150276,"walk_back":38.684354150276},"rail-007475":{"out":17.245828451735754,"back":17.245828451735754,"walk_out":57.48609483911918,"walk_back":57.48609483911918},"rail-007498":{"out":9.61479152781519,"back":9.61479152781519,"walk_out":32.0493050927173,"walk_back":32.0493050927173},"rail-007379":{"out":19.945345328632094,"back":19.945345328632094,"walk_out":66.48448442877364,"walk_back":66.48448442877364},"rail-007371":{"out":20.810421086083622,"back":20.810421086083622,"walk_out":69.36807028694541,"walk_back":69.36807028694541},"rail-007454":{"out":13.932768679961155,"back":13.932768679961155,"walk_out":46.44256226653718,"walk_back":46.44256226653718},"rail-007650":{"out":14.756320504060907,"back":14.756320504060907,"walk_out":49.18773501353636,"walk_back":49.18773501353636},"rail-007452":{"out":14.764643103225216,"back":14.764643103225216,"walk_out":49.21547701075072,"walk_back":49.21547701075072},"rail-007249":{"out":27.570661720936045,"back":27.570661720936045,"walk_out":91.90220573645348,"walk_back":91.90220573645348},"rail-007476":{"out":11.060865486143873,"back":11.060865486143873,"walk_out":36.86955162047958,"walk_back":36.86955162047958},"rail-007540":{"out":10.673763565127116,"back":10.673763565127116,"walk_out":35.579211883757054,"walk_back":35.579211883757054},"rail-007246":{"out":26.770096239835567,"back":26.770096239835567,"walk_out":89.23365413278523,"walk_back":89.23365413278523},"tanimachi9":{"out":25.860785651637013,"back":25.860785651637013,"walk_out":86.20261883879004,"walk_back":86.20261883879004},"tanimachi6":{"out":29.378856693000536,"back":29.378856693000536,"walk_out":97.92952231000179,"walk_back":97.92952231000179},"rail-007317":{"out":24.567350659494483,"back":24.567350659494483,"walk_out":81.89116886498161,"walk_back":81.89116886498161},"rail-007562":{"out":16.686675348333452,"back":16.686675348333452,"walk_out":55.62225116111151,"walk_back":55.62225116111151},"nagahoribashi":{"out":28.23448141076655,"back":28.23448141076655,"walk_out":94.1149380358885,"walk_back":94.1149380358885},"nagai":{"out":9.722549934837486,"back":9.722549934837486,"walk_out":32.40849978279162,"walk_back":32.40849978279162},"rail-007460":{"out":15.285642881464055,"back":15.285642881464055,"walk_out":50.95214293821351,"walk_back":50.95214293821351},"rail-007543":{"out":16.882139955198927,"back":16.882139955198927,"walk_out":56.27379985066309,"walk_back":56.27379985066309},"rail-007669":{"out":27.40373832954166,"back":27.40373832954166,"walk_out":91.34579443180553,"walk_back":91.34579443180553},"rail-007628":{"out":10.389328469919088,"back":10.389328469919088,"walk_out":34.63109489973029,"walk_back":34.63109489973029},"rail-007556":{"out":10.950032611643335,"back":10.950032611643335,"walk_out":36.500108705477786,"walk_back":36.500108705477786},"tsuruhashi":{"out":27.918040725335423,"back":27.918040725335423,"walk_out":93.06013575111808,"walk_back":93.06013575111808}}}},{"type":"Feature","geometry":{"type":"Point","coordinates":[135.68983,34.8245]},"properties":{"id":"bodik-osaka-5f8efea8f874701fca16","name":"第17回山田池公園フェスティバル","venue":"山田池公園","address":"","category":"その他","source_category":"","date":"2026-10-17","end_date":"2026-10-17","start":null,"end":null,"schedule":"","url":"https://yamadaike.osaka-park.or.jp/","source":"大阪府 イベント一覧（BODIK）","source_updated":"2026-09-14T08:52:41.251751","fetched_at":"2026-09-18T14:35:26.570Z","coordinate_source":"https://data.bodik.jp/ja/dataset/270008_event","fictional":false,"access":{"rail-006352":{"out":26.808158418568365,"back":26.808158418568365,"walk_out":89.36052806189454,"walk_back":89.36052806189454},"rail-006358":{"out":25.366009442663973,"back":25.366009442663973,"walk_out":84.5533648088799,"walk_back":84.5533648088799},"rail-006383":{"out":23.504069141957824,"back":23.504069141957824,"walk_out":78.34689713985942,"walk_back":78.34689713985942},"rail-006692":{"out":17.501893783973998,"back":17.501893783973998,"walk_out":58.33964594657999,"walk_back":58.33964594657999},"rail-006534":{"out":28.698983265565506,"back":28.698983265565506,"walk_out":95.66327755188502,"walk_back":95.66327755188502},"rail-006642":{"out":24.82167540189824,"back":24.82167540189824,"walk_out":82.73891800632747,"walk_back":82.73891800632747},"rail-006487":{"out":22.10881509909267,"back":22.10881509909267,"walk_out":73.6960503303089,"walk_back":73.6960503303089},"rail-006330":{"out":29.968588368540786,"back":29.968588368540786,"walk_out":99.89529456180263,"walk_back":99.89529456180263},"rail-006572":{"out":13.023626104258547,"back":13.023626104258547,"walk_out":43.41208701419516,"walk_back":43.41208701419516},"rail-006359":{"out":26.781525180968938,"back":26.781525180968938,"walk_out":89.27175060322979,"walk_back":89.27175060322979},"rail-006495":{"out":13.247294655457836,"back":13.247294655457836,"walk_out":44.15764885152612,"walk_back":44.15764885152612},"rail-006597":{"out":13.288457776317806,"back":13.288457776317806,"walk_out":44.29485925439269,"walk_back":44.29485925439269},"rail-006756":{"out":27.184721834238797,"back":27.184721834238797,"walk_out":90.61573944746266,"walk_back":90.61573944746266},"rail-006620":{"out":13.748944067103318,"back":13.748944067103318,"walk_out":45.829813557011065,"walk_back":45.829813557011065},"rail-006484":{"out":14.310834196939114,"back":14.310834196939114,"walk_out":47.702780656463716,"walk_back":47.702780656463716},"rail-006580":{"out":19.251314006085078,"back":19.251314006085078,"walk_out":64.17104668695026,"walk_back":64.17104668695026},"hirakata":{"out":15.453984048694313,"back":15.453984048694313,"walk_out":51.51328016231437,"walk_back":51.51328016231437},"kuzuha":{"out":17.48393625166001,"back":17.48393625166001,"walk_out":58.27978750553336,"walk_back":58.27978750553336},"rail-006356":{"out":25.648610697567502,"back":25.648610697567502,"walk_out":85.49536899189168,"walk_back":85.49536899189168},"rail-006369":{"out":25.04024570286639,"back":25.04024570286639,"walk_out":83.4674856762213,"walk_back":83.4674856762213},"rail-006733":{"out":22.58854579843455,"back":22.58854579843455,"walk_out":75.2951526614485,"walk_back":75.2951526614485},"rail-006723":{"out":21.426470645554932,"back":21.426470645554932,"walk_out":71.42156881851643,"walk_back":71.42156881851643},"rail-006623":{"out":10.692012547969103,"back":10.692012547969103,"walk_out":35.640041826563674,"walk_back":35.640041826563674},"rail-006455":{"out":12.350255457110702,"back":12.350255457110702,"walk_out":41.167518190369,"walk_back":41.167518190369},"rail-006351":{"out":27.01119481295568,"back":27.01119481295568,"walk_out":90.0373160431856,"walk_back":90.0373160431856},"rail-006753":{"out":25.320531326378163,"back":25.320531326378163,"walk_out":84.40177108792722,"walk_back":84.40177108792722},"rail-006569":{"out":6.502112734760048,"back":6.502112734760048,"walk_out":21.673709115866828,"walk_back":21.673709115866828},"rail-006658":{"out":15.22058406340552,"back":15.22058406340552,"walk_out":50.73528021135173,"walk_back":50.73528021135173},"rail-006516":{"out":8.492394988793697,"back":8.492394988793697,"walk_out":28.30798329597899,"walk_back":28.30798329597899},"rail-006699":{"out":27.895180235283792,"back":27.895180235283792,"walk_out":92.98393411761265,"walk_back":92.98393411761265},"takatsuki":{"out":29.090727290996206,"back":29.090727290996206,"walk_out":96.96909096998735,"walk_back":96.96909096998735},"takatsuki_shi":{"out":26.824076146680557,"back":26.824076146680557,"walk_out":89.41358715560186,"walk_back":89.41358715560186}}}},{"type":"Feature","geometry":{"type":"Point","coordinates":[135.65222,34.76039]},"properties":{"id":"bodik-osaka-2f102cd741c287b378cd","name":"公園の四季を楽しむ散歩倶楽部その5","venue":"寝屋川公園","address":"","category":"その他","source_category":"","date":"2026-10-17","end_date":"2026-10-17","start":null,"end":null,"schedule":"","url":"http://neyagawa.osaka-park.or.jp/","source":"大阪府 イベント一覧（BODIK）","source_updated":"2026-09-14T08:52:41.251751","fetched_at":"2026-09-18T14:35:26.570Z","coordinate_source":"https://data.bodik.jp/ja/dataset/270008_event","fictional":false,"access":{"rail-006692":{"out":14.573975208470456,"back":14.573975208470456,"walk_out":48.579917361568185,"walk_back":48.579917361568185},"rail-007043":{"out":26.566803288662953,"back":26.566803288662953,"walk_out":88.55601096220984,"walk_back":88.55601096220984},"rail-006642":{"out":18.470558929070037,"back":18.470558929070037,"walk_out":61.56852976356679,"walk_back":61.56852976356679},"rail-006874":{"out":24.020208378200763,"back":24.020208378200763,"walk_out":80.06736126066922,"walk_back":80.06736126066922},"rail-006928":{"out":14.156784652145827,"back":14.156784652145827,"walk_out":47.18928217381942,"walk_back":47.18928217381942},"rail-006861":{"out":19.726024983823454,"back":19.726024983823454,"walk_out":65.75341661274484,"walk_back":65.75341661274484},"dainichi":{"out":27.43844513699659,"back":27.43844513699659,"walk_out":91.46148378998863,"walk_back":91.46148378998863},"rail-006572":{"out":23.7563007130437,"back":23.7563007130437,"walk_out":79.187669043479,"walk_back":79.187669043479},"rail-006813":{"out":2.211640750361361,"back":2.211640750361361,"walk_out":7.37213583453787,"walk_back":7.37213583453787},"neyagawa":{"out":11.61553725481791,"back":11.61553725481791,"walk_out":38.7184575160597,"walk_back":38.7184575160597},"rail-006855":{"out":7.048187181620425,"back":7.048187181620425,"walk_out":23.493957272068084,"walk_back":23.493957272068084},"rail-006597":{"out":21.178854661924504,"back":21.178854661924504,"walk_out":70.59618220641501,"walk_back":70.59618220641501},"rail-006756":{"out":5.138637611756154,"back":5.138637611756154,"walk_out":17.128792039187182,"walk_back":17.128792039187182},"rail-006620":{"out":18.956713640328207,"back":18.956713640328207,"walk_out":63.18904546776069,"walk_back":63.18904546776069},"rail-006580":{"out":23.257572993304095,"back":23.257572993304095,"walk_out":77.52524331101365,"walk_back":77.52524331101365},"hirakata":{"out":24.87385914690199,"back":24.87385914690199,"walk_out":82.91286382300663,"walk_back":82.91286382300663},"rail-006733":{"out":13.600526585801498,"back":13.600526585801498,"walk_out":45.33508861933833,"walk_back":45.33508861933833},"rail-006723":{"out":13.850520394135795,"back":13.850520394135795,"walk_out":46.168401313785985,"walk_back":46.168401313785985},"rail-006623":{"out":24.744043346911106,"back":24.744043346911106,"walk_out":82.48014448970369,"walk_back":82.48014448970369},"rail-006966":{"out":29.396012930893175,"back":29.396012930893175,"walk_out":97.98670976964391,"walk_back":97.98670976964391},"rail-006753":{"out":12.956458606454692,"back":12.956458606454692,"walk_out":43.18819535484898,"walk_back":43.18819535484898},"rail-006845":{"out":16.04238747281241,"back":16.04238747281241,"walk_out":53.474624909374704,"walk_back":53.474624909374704},"rail-006892":{"out":29.719666974476755,"back":29.719666974476755,"walk_out":99.06555658158919,"walk_back":99.06555658158919},"rail-006658":{"out":16.467269726171487,"back":16.467269726171487,"walk_out":54.89089908723829,"walk_back":54.89089908723829},"rail-006983":{"out":19.461146742562587,"back":19.461146742562587,"walk_out":64.8704891418753,"walk_back":64.8704891418753},"kadoma_minami":{"out":29.218078547938212,"back":29.218078547938212,"walk_out":97.39359515979405,"walk_back":97.39359515979405},"rail-006885":{"out":27.170218782118354,"back":27.170218782118354,"walk_out":90.5673959403945,"walk_back":90.5673959403945},"rail-006699":{"out":13.267099560125803,"back":13.267099560125803,"walk_out":44.22366520041935,"walk_back":44.22366520041935}}}},{"type":"Feature","geometry":{"type":"Point","coordinates":[135.57272,34.48347]},"properties":{"id":"bodik-osaka-4ade62bf590967b482a5","name":"森の実習隊","venue":"錦織公園","address":"","category":"その他","source_category":"","date":"2026-10-17","end_date":"2026-10-17","start":null,"end":null,"schedule":"","url":"https://nishikori.osaka-park.or.jp/","source":"大阪府 イベント一覧（BODIK）","source_updated":"2026-09-14T08:52:41.251751","fetched_at":"2026-09-18T14:35:26.570Z","coordinate_source":"https://data.bodik.jp/ja/dataset/270008_event","fictional":false,"access":{"rail-007957":{"out":20.828540053961294,"back":20.828540053961294,"walk_out":69.42846684653765,"walk_back":69.42846684653765},"rail-007788":{"out":20.617413612512,"back":20.617413612512,"walk_out":68.72471204170667,"walk_back":68.72471204170667},"rail-007909":{"out":6.849799733320226,"back":6.849799733320226,"walk_out":22.832665777734086,"walk_back":22.832665777734086},"rail-007790":{"out":21.53486454118113,"back":21.53486454118113,"walk_out":71.78288180393709,"walk_back":71.78288180393709},"rail-007831":{"out":11.028143520070044,"back":11.028143520070044,"walk_out":36.76047840023348,"walk_back":36.76047840023348},"rail-007832":{"out":13.843085662692246,"back":13.843085662692246,"walk_out":46.14361887564082,"walk_back":46.14361887564082},"rail-007840":{"out":11.422099063896493,"back":11.422099063896493,"walk_out":38.07366354632165,"walk_back":38.07366354632165},"rail-007856":{"out":7.585042718003429,"back":7.585042718003429,"walk_out":25.283475726678095,"walk_back":25.283475726678095},"rail-007912":{"out":7.686861488821962,"back":7.686861488821962,"walk_out":25.62287162940654,"walk_back":25.62287162940654},"rail-007934":{"out":14.396198844640194,"back":14.396198844640194,"walk_out":47.98732948213398,"walk_back":47.98732948213398},"rail-007846":{"out":23.255997905858937,"back":23.255997905858937,"walk_out":77.51999301952979,"walk_back":77.51999301952979},"rail-007887":{"out":4.256666256261785,"back":4.256666256261785,"walk_out":14.188887520872617,"walk_back":14.188887520872617},"rail-007882":{"out":5.202932056618796,"back":5.202932056618796,"walk_out":17.343106855395988,"walk_back":17.343106855395988},"rail-007800":{"out":17.28315973830153,"back":17.28315973830153,"walk_out":57.61053246100511,"walk_back":57.61053246100511},"rail-007977":{"out":26.153860966146148,"back":26.153860966146148,"walk_out":87.1795365538205,"walk_back":87.1795365538205},"rail-007760":{"out":27.555077495717445,"back":27.555077495717445,"walk_out":91.85025831905816,"walk_back":91.85025831905816},"rail-007851":{"out":7.154354878288646,"back":7.154354878288646,"walk_out":23.847849594295486,"walk_back":23.847849594295486}}}},{"type":"Feature","geometry":{"type":"Point","coordinates":[135.5788,34.63141]},"properties":{"id":"bodik-osaka-b296f6cf16153743d0b1","name":"みどり塾","venue":"久宝寺緑地","address":"","category":"その他","source_category":"","date":"2026-10-18","end_date":"2026-10-18","start":null,"end":null,"schedule":"","url":"https://kyuhoji-ryokuchi.jp/","source":"大阪府 イベント一覧（BODIK）","source_updated":"2026-09-14T08:52:41.251751","fetched_at":"2026-09-18T14:35:26.570Z","coordinate_source":"https://data.bodik.jp/ja/dataset/270008_event","fictional":false,"access":{"rail-007376":{"out":12.3360863913444,"back":12.3360863913444,"walk_out":41.120287971148,"walk_back":41.120287971148},"rail-007344":{"out":14.833195010312476,"back":14.833195010312476,"walk_out":49.443983367708256,"walk_back":49.443983367708256},"rail-007422":{"out":8.815085537781805,"back":8.815085537781805,"walk_out":29.383618459272682,"walk_back":29.383618459272682},"kyuhoji":{"out":4.5327503034730015,"back":4.5327503034730015,"walk_out":15.109167678243338,"walk_back":15.109167678243338},"rail-007491":{"out":4.5313010230363195,"back":4.5313010230363195,"walk_out":15.1043367434544,"walk_back":15.1043367434544},"rail-007529":{"out":17.60646567801607,"back":17.60646567801607,"walk_out":58.68821892672024,"walk_back":58.68821892672024},"rail-007450":{"out":28.70687434162788,"back":28.70687434162788,"walk_out":95.6895811387596,"walk_back":95.6895811387596},"rail-007459":{"out":28.677672229759636,"back":28.677672229759636,"walk_out":95.59224076586545,"walk_back":95.59224076586545},"rail-007284":{"out":20.874050828737538,"back":20.874050828737538,"walk_out":69.58016942912512,"walk_back":69.58016942912512},"rail-007342":{"out":18.202018757829997,"back":18.202018757829997,"walk_out":60.67339585943333,"walk_back":60.67339585943333},"rail-007378":{"out":12.36736585833943,"back":12.36736585833943,"walk_out":41.22455286113143,"walk_back":41.22455286113143},"rail-007549":{"out":23.72916130545068,"back":23.72916130545068,"walk_out":79.09720435150227,"walk_back":79.09720435150227},"rail-007560":{"out":9.168430406691996,"back":9.168430406691996,"walk_out":30.56143468897332,"walk_back":30.56143468897332},"rail-007618":{"out":15.27376964483595,"back":15.27376964483595,"walk_out":50.91256548278649,"walk_back":50.91256548278649},"rail-007351":{"out":14.888633534461793,"back":14.888633534461793,"walk_out":49.62877844820597,"walk_back":49.62877844820597},"rail-007582":{"out":11.092482224895164,"back":11.092482224895164,"walk_out":36.97494074965054,"walk_back":36.97494074965054},"rail-007524":{"out":4.8502657388788295,"back":4.8502657388788295,"walk_out":16.167552462929432,"walk_back":16.167552462929432},"dobutsuen":{"out":28.58622355596859,"back":28.58622355596859,"walk_out":95.28741185322863,"walk_back":95.28741185322863},"rail-007485":{"out":28.84750342346281,"back":28.84750342346281,"walk_out":96.15834474487603,"walk_back":96.15834474487603},"rail-007412":{"out":13.053082955677729,"back":13.053082955677729,"walk_out":43.510276518925764,"walk_back":43.510276518925764},"rail-007502":{"out":18.249595776689237,"back":18.249595776689237,"walk_out":60.83198592229745,"walk_back":60.83198592229745},"rail-007522":{"out":26.89441899033533,"back":26.89441899033533,"walk_out":89.64806330111776,"walk_back":89.64806330111776},"rail-007462":{"out":10.65761179448601,"back":10.65761179448601,"walk_out":35.5253726482867,"walk_back":35.5253726482867},"rail-007531":{"out":21.359005619253065,"back":21.359005619253065,"walk_out":71.19668539751022,"walk_back":71.19668539751022},"rail-007213":{"out":27.44601767773998,"back":27.44601767773998,"walk_out":91.4867255924666,"walk_back":91.4867255924666},"rail-007581":{"out":13.901609035314568,"back":13.901609035314568,"walk_out":46.338696784381895,"walk_back":46.338696784381895},"rail-007382":{"out":26.51872604929057,"back":26.51872604929057,"walk_out":88.39575349763523,"walk_back":88.39575349763523},"rail-007676":{"out":29.815966049304677,"back":29.815966049304677,"walk_out":99.38655349768226,"walk_back":99.38655349768226},"rail-007633":{"out":26.093333793129435,"back":26.093333793129435,"walk_out":86.97777931043144,"walk_back":86.97777931043144},"uehommachi":{"out":25.924218434239364,"back":25.924218434239364,"walk_out":86.41406144746455,"walk_back":86.41406144746455},"rail-007164":{"out":29.900442736915018,"back":29.900442736915018,"walk_out":99.66814245638339,"walk_back":99.66814245638339},"rail-007451":{"out":24.36135665780537,"back":24.36135665780537,"walk_out":81.20452219268456,"walk_back":81.20452219268456},"tennoji":{"out":24.432570102639293,"back":24.432570102639293,"walk_out":81.44190034213098,"walk_back":81.44190034213098},"rail-007447":{"out":24.96364928629508,"back":24.96364928629508,"walk_out":83.21216428765027,"walk_back":83.21216428765027},"rail-007515":{"out":29.697497655368245,"back":29.697497655368245,"walk_out":98.99165885122748,"walk_back":98.99165885122748},"rail-007532":{"out":27.870309916401126,"back":27.870309916401126,"walk_out":92.90103305467042,"walk_back":92.90103305467042},"rail-007653":{"out":29.29315856133514,"back":29.29315856133514,"walk_out":97.64386187111714,"walk_back":97.64386187111714},"rail-007434":{"out":21.49628591094289,"back":21.49628591094289,"walk_out":71.65428636980964,"walk_back":71.65428636980964},"rail-007368":{"out":15.65820958409393,"back":15.65820958409393,"walk_out":52.19403194697977,"walk_back":52.19403194697977},"rail-007657":{"out":27.84800140782502,"back":27.84800140782502,"walk_out":92.82667135941674,"walk_back":92.82667135941674},"fuse":{"out":15.56499408505987,"back":15.56499408505987,"walk_out":51.88331361686624,"walk_back":51.88331361686624},"rail-007538":{"out":29.743590438227383,"back":29.743590438227383,"walk_out":99.14530146075793,"walk_back":99.14530146075793},"rail-007547":{"out":28.971083287543994,"back":28.971083287543994,"walk_out":96.57027762514664,"walk_back":96.57027762514664},"rail-007559":{"out":29.852169969679448,"back":29.852169969679448,"walk_out":99.50723323226482,"walk_back":99.50723323226482},"rail-007505":{"out":10.16745600539689,"back":10.16745600539689,"walk_out":33.891520017989635,"walk_back":33.891520017989635},"rail-007546":{"out":11.954905897862298,"back":11.954905897862298,"walk_out":39.84968632620766,"walk_back":39.84968632620766},"rail-007468":{"out":4.750252733120279,"back":4.750252733120279,"walk_out":15.834175777067596,"walk_back":15.834175777067596},"rail-007131":{"out":27.184085590346967,"back":27.184085590346967,"walk_out":90.6136186344899,"walk_back":90.6136186344899},"rail-007606":{"out":19.380910945584397,"back":19.380910945584397,"walk_out":64.60303648528132,"walk_back":64.60303648528132},"rail-007578":{"out":19.843582531803175,"back":19.843582531803175,"walk_out":66.14527510601059,"walk_back":66.14527510601059},"rail-007674":{"out":25.82351270967732,"back":25.82351270967732,"walk_out":86.0783756989244,"walk_back":86.0783756989244},"rail-007399":{"out":28.780336553557433,"back":28.780336553557433,"walk_out":95.93445517852477,"walk_back":95.93445517852477},"rail-007611":{"out":28.13203171125882,"back":28.13203171125882,"walk_out":93.77343903752939,"walk_back":93.77343903752939},"rail-007595":{"out":29.28838482370203,"back":29.28838482370203,"walk_out":97.62794941234012,"walk_back":97.62794941234012},"rail-007162":{"out":25.81378593178628,"back":25.81378593178628,"walk_out":86.04595310595427,"walk_back":86.04595310595427},"rail-007486":{"out":22.23355409459852,"back":22.23355409459852,"walk_out":74.11184698199507,"walk_back":74.11184698199507},"shinimamiya":{"out":29.356807521071584,"back":29.356807521071584,"walk_out":97.85602507023862,"walk_back":97.85602507023862},"rail-007427":{"out":28.753358650968693,"back":28.753358650968693,"walk_out":95.8445288365623,"walk_back":95.8445288365623},"rail-007523":{"out":4.333110288140507,"back":4.333110288140507,"walk_out":14.443700960468355,"walk_back":14.443700960468355},"rail-007297":{"out":18.66808296958844,"back":18.66808296958844,"walk_out":62.226943231961464,"walk_back":62.226943231961464},"rail-007499":{"out":22.669900418391084,"back":22.669900418391084,"walk_out":75.56633472797029,"walk_back":75.56633472797029},"rail-007528":{"out":22.92912763257913,"back":22.92912763257913,"walk_out":76.43042544193044,"walk_back":76.43042544193044},"rail-007500":{"out":25.73623519494858,"back":25.73623519494858,"walk_out":85.7874506498286,"walk_back":85.7874506498286},"higashihanazono":{"out":22.313979088580744,"back":22.313979088580744,"walk_out":74.37993029526915,"walk_back":74.37993029526915},"rail-007479":{"out":15.338846204505753,"back":15.338846204505753,"walk_out":51.12948734835251,"walk_back":51.12948734835251},"rail-007472":{"out":28.724876441683573,"back":28.724876441683573,"walk_out":95.74958813894524,"walk_back":95.74958813894524},"rail-007487":{"out":25.300283883611595,"back":25.300283883611595,"walk_out":84.33427961203866,"walk_back":84.33427961203866},"rail-007636":{"out":25.683719016502522,"back":25.683719016502522,"walk_out":85.61239672167507,"walk_back":85.61239672167507},"rail-007652":{"out":27.86035714196441,"back":27.86035714196441,"walk_out":92.86785713988137,"walk_back":92.86785713988137},"rail-007380":{"out":22.159354951053253,"back":22.159354951053253,"walk_out":73.86451650351084,"walk_back":73.86451650351084},"morinomiya":{"out":28.024875674129362,"back":28.024875674129362,"walk_out":93.41625224709787,"walk_back":93.41625224709787},"rail-007639":{"out":25.735905794213593,"back":25.735905794213593,"walk_out":85.78635264737865,"walk_back":85.78635264737865},"rail-007350":{"out":14.515811004137934,"back":14.515811004137934,"walk_out":48.386036680459775,"walk_back":48.386036680459775},"kawachi_yamamoto":{"out":14.8558630861602,"back":14.8558630861602,"walk_out":49.519543620534,"walk_back":49.519543620534},"rail-007668":{"out":26.07307764288168,"back":26.07307764288168,"walk_out":86.91025880960561,"walk_back":86.91025880960561},"rail-007345":{"out":14.750474298547847,"back":14.750474298547847,"walk_out":49.16824766182616,"walk_back":49.16824766182616},"rail-007359":{"out":20.10963787132724,"back":20.10963787132724,"walk_out":67.03212623775747,"walk_back":67.03212623775747},"rail-007470":{"out":20.41804401582414,"back":20.41804401582414,"walk_out":68.0601467194138,"walk_back":68.0601467194138},"rail-007621":{"out":23.69958669304543,"back":23.69958669304543,"walk_out":78.99862231015143,"walk_back":78.99862231015143},"fukaebashi":{"out":22.718026710549125,"back":22.718026710549125,"walk_out":75.72675570183041,"walk_back":75.72675570183041},"rail-007260":{"out":25.162452572878067,"back":25.162452572878067,"walk_out":83.87484190959356,"walk_back":83.87484190959356},"rail-007365":{"out":25.935726305786226,"back":25.935726305786226,"walk_out":86.45242101928743,"walk_back":86.45242101928743},"rail-007519":{"out":19.65222217326981,"back":19.65222217326981,"walk_out":65.5074072442327,"walk_back":65.5074072442327},"rail-007590":{"out":20.255447172771774,"back":20.255447172771774,"walk_out":67.51815724257257,"walk_back":67.51815724257257},"rail-007201":{"out":25.172849591053637,"back":25.172849591053637,"walk_out":83.90949863684546,"walk_back":83.90949863684546},"rail-007475":{"out":20.389616893775678,"back":20.389616893775678,"walk_out":67.96538964591892,"walk_back":67.96538964591892},"rail-007498":{"out":29.045491402374232,"back":29.045491402374232,"walk_out":96.81830467458077,"walk_back":96.81830467458077},"rail-007354":{"out":17.76928185610558,"back":17.76928185610558,"walk_out":59.23093952035193,"walk_back":59.23093952035193},"rail-007234":{"out":23.083134776255484,"back":23.083134776255484,"walk_out":76.94378258751827,"walk_back":76.94378258751827},"rail-007452":{"out":29.857843112677283,"back":29.857843112677283,"walk_out":99.52614370892428,"walk_back":99.52614370892428},"rail-007678":{"out":27.21513137281386,"back":27.21513137281386,"walk_out":90.71710457604621,"walk_back":90.71710457604621},"rail-007477":{"out":5.292671039364361,"back":5.292671039364361,"walk_out":17.642236797881203,"walk_back":17.642236797881203},"rail-007540":{"out":23.68778514471783,"back":23.68778514471783,"walk_out":78.9592838157261,"walk_back":78.9592838157261},"tanimachi9":{"out":27.969189761189032,"back":27.969189761189032,"walk_out":93.23063253729677,"walk_back":93.23063253729677},"tanimachi6":{"out":29.825386665913907,"back":29.825386665913907,"walk_out":99.41795555304635,"walk_back":99.41795555304635},"kintetsu_yao":{"out":9.08339652161075,"back":9.08339652161075,"walk_out":30.277988405369168,"walk_back":30.277988405369168},"rail-007562":{"out":17.922425460140573,"back":17.922425460140573,"walk_out":59.74141820046858,"walk_back":59.74141820046858},"rail-007594":{"out":12.996870207822015,"back":12.996870207822015,"walk_out":43.32290069274005,"walk_back":43.32290069274005},"nagai":{"out":25.625670018062074,"back":25.625670018062074,"walk_out":85.41890006020691,"walk_back":85.41890006020691},"rail-007425":{"out":8.215521998023233,"back":8.215521998023233,"walk_out":27.38507332674411,"walk_back":27.38507332674411},"nagata":{"out":21.601972738646726,"back":21.601972738646726,"walk_out":72.00657579548908,"walk_back":72.00657579548908},"rail-007460":{"out":24.94714050690037,"back":24.94714050690037,"walk_out":83.15713502300123,"walk_back":83.15713502300123},"rail-007543":{"out":17.406065053200173,"back":17.406065053200173,"walk_out":58.02021684400057,"walk_back":58.02021684400057},"rail-007235":{"out":21.06543401803524,"back":21.06543401803524,"walk_out":70.21811339345079,"walk_back":70.21811339345079},"rail-007229":{"out":21.219897472779472,"back":21.219897472779472,"walk_out":70.73299157593156,"walk_back":70.73299157593156},"rail-007551":{"out":17.47660131835153,"back":17.47660131835153,"walk_out":58.25533772783844,"walk_back":58.25533772783844},"rail-007569":{"out":28.43112932573508,"back":28.43112932573508,"walk_out":94.7704310857836,"walk_back":94.7704310857836},"rail-007669":{"out":27.74257075464811,"back":27.74257075464811,"walk_out":92.47523584882703,"walk_back":92.47523584882703},"rail-007679":{"out":26.733241185337057,"back":26.733241185337057,"walk_out":89.11080395112351,"walk_back":89.11080395112351},"rail-007125":{"out":29.935945697977782,"back":29.935945697977782,"walk_out":99.78648565992594,"walk_back":99.78648565992594},"rail-007556":{"out":23.354118957231663,"back":23.354118957231663,"walk_out":77.84706319077222,"walk_back":77.84706319077222},"tsuruhashi":{"out":23.39538296941601,"back":23.39538296941601,"walk_out":77.98460989805336,"walk_back":77.98460989805336}}}},{"type":"Feature","geometry":{"type":"Point","coordinates":[135.52419,34.56602]},"properties":{"id":"bodik-osaka-ae5090020ace2891ddbd","name":"ハイビスカスローゼルを楽しもう！","venue":"大泉緑地","address":"","category":"その他","source_category":"","date":"2026-10-18","end_date":"2026-10-18","start":null,"end":null,"schedule":"","url":"https://oizumi.osaka-park.or.jp/","source":"大阪府 イベント一覧（BODIK）","source_updated":"2026-09-14T08:52:41.251751","fetched_at":"2026-09-18T14:35:26.570Z","coordinate_source":"https://data.bodik.jp/ja/dataset/270008_event","fictional":false,"access":{"rail-007626":{"out":19.782737707068787,"back":19.782737707068787,"walk_out":65.94245902356262,"walk_back":65.94245902356262},"rail-007693":{"out":11.508299122151096,"back":11.508299122151096,"walk_out":38.360997073836984,"walk_back":38.360997073836984},"rail-007735":{"out":18.45761170514828,"back":18.45761170514828,"walk_out":61.52537235049428,"walk_back":61.52537235049428},"nakamozu":{"out":7.825155483123821,"back":7.825155483123821,"walk_out":26.083851610412733,"walk_back":26.083851610412733},"rail-007529":{"out":26.932501752829193,"back":26.932501752829193,"walk_out":89.77500584276397,"walk_back":89.77500584276397},"rail-007593":{"out":22.139987025212935,"back":22.139987025212935,"walk_out":73.79995675070978,"walk_back":73.79995675070978},"rail-007580":{"out":26.70193046804018,"back":26.70193046804018,"walk_out":89.00643489346727,"walk_back":89.00643489346727},"rail-007567":{"out":24.401886974168463,"back":24.401886974168463,"walk_out":81.33962324722822,"walk_back":81.33962324722822},"rail-007573":{"out":24.16017542163456,"back":24.16017542163456,"walk_out":80.5339180721152,"walk_back":80.5339180721152},"rail-007572":{"out":23.20303579519925,"back":23.20303579519925,"walk_out":77.34345265066416,"walk_back":77.34345265066416},"rail-007574":{"out":23.95964628473421,"back":23.95964628473421,"walk_out":79.8654876157807,"walk_back":79.8654876157807},"rail-007618":{"out":25.57037607539488,"back":25.57037607539488,"walk_out":85.23458691798292,"walk_back":85.23458691798292},"rail-007582":{"out":24.37248373843173,"back":24.37248373843173,"walk_out":81.2416124614391,"walk_back":81.2416124614391},"rail-007747":{"out":10.617176062024015,"back":10.617176062024015,"walk_out":35.39058687341338,"walk_back":35.39058687341338},"rail-007544":{"out":29.562122294659005,"back":29.562122294659005,"walk_out":98.54040764886335,"walk_back":98.54040764886335},"rail-007502":{"out":29.411408570526255,"back":29.411408570526255,"walk_out":98.03802856842086,"walk_back":98.03802856842086},"rail-007522":{"out":28.10335159471841,"back":28.10335159471841,"walk_out":93.67783864906137,"walk_back":93.67783864906137},"rail-007647":{"out":7.864197344160726,"back":7.864197344160726,"walk_out":26.213991147202417,"walk_back":26.213991147202417},"rail-007788":{"out":20.392383079668765,"back":20.392383079668765,"walk_out":67.97461026556255,"walk_back":67.97461026556255},"rail-007531":{"out":26.510019580701197,"back":26.510019580701197,"walk_out":88.36673193567066,"walk_back":88.36673193567066},"rail-007581":{"out":21.7498061262108,"back":21.7498061262108,"walk_out":72.499353754036,"walk_back":72.499353754036},"rail-007649":{"out":21.516349302148946,"back":21.516349302148946,"walk_out":71.72116434049649,"walk_back":71.72116434049649},"rail-007660":{"out":10.67593136837051,"back":10.67593136837051,"walk_out":35.58643789456836,"walk_back":35.58643789456836},"rail-007667":{"out":14.994350618982999,"back":14.994350618982999,"walk_out":49.98116872994333,"walk_back":49.98116872994333},"rail-007534":{"out":27.787893287651542,"back":27.787893287651542,"walk_out":92.62631095883847,"walk_back":92.62631095883847},"rail-007622":{"out":18.714959319426644,"back":18.714959319426644,"walk_out":62.38319773142214,"walk_back":62.38319773142214},"rail-007654":{"out":19.1043932292385,"back":19.1043932292385,"walk_out":63.68131076412834,"walk_back":63.68131076412834},"rail-007831":{"out":29.827540712763508,"back":29.827540712763508,"walk_out":99.42513570921169,"walk_back":99.42513570921169},"rail-007515":{"out":29.72360462112311,"back":29.72360462112311,"walk_out":99.07868207041037,"walk_back":99.07868207041037},"rail-007646":{"out":18.411155121287468,"back":18.411155121287468,"walk_out":61.37051707095823,"walk_back":61.37051707095823},"rail-007532":{"out":26.95490744390536,"back":26.95490744390536,"walk_out":89.84969147968454,"walk_back":89.84969147968454},"rail-007592":{"out":21.532375314448604,"back":21.532375314448604,"walk_out":71.77458438149534,"walk_back":71.77458438149534},"rail-007666":{"out":19.66130724040419,"back":19.66130724040419,"walk_out":65.53769080134731,"walk_back":65.53769080134731},"rail-007673":{"out":20.351618163073688,"back":20.351618163073688,"walk_out":67.83872721024562,"walk_back":67.83872721024562},"rail-007517":{"out":29.694190029435948,"back":29.694190029435948,"walk_out":98.98063343145316,"walk_back":98.98063343145316},"rail-007657":{"out":7.665128800783616,"back":7.665128800783616,"walk_out":25.550429335945385,"walk_back":25.550429335945385},"rail-007538":{"out":26.614951954969904,"back":26.614951954969904,"walk_out":88.71650651656635,"walk_back":88.71650651656635},"rail-007547":{"out":25.731771033970126,"back":25.731771033970126,"walk_out":85.77257011323375,"walk_back":85.77257011323375},"rail-007559":{"out":24.73609014714906,"back":24.73609014714906,"walk_out":82.4536338238302,"walk_back":82.4536338238302},"rail-007546":{"out":26.072591594249158,"back":26.072591594249158,"walk_out":86.90863864749718,"walk_back":86.90863864749718},"rail-007682":{"out":21.153503248500105,"back":21.153503248500105,"walk_out":70.51167749500036,"walk_back":70.51167749500036},"rail-007674":{"out":18.123624985242518,"back":18.123624985242518,"walk_out":60.41208328414172,"walk_back":60.41208328414172},"rail-007611":{"out":15.262507030244395,"back":15.262507030244395,"walk_out":50.87502343414798,"walk_back":50.87502343414798},"rail-007609":{"out":18.12514057074336,"back":18.12514057074336,"walk_out":60.41713523581119,"walk_back":60.41713523581119},"rail-007595":{"out":17.31212140759033,"back":17.31212140759033,"walk_out":57.70707135863443,"walk_back":57.70707135863443},"rail-007607":{"out":20.0172799105858,"back":20.0172799105858,"walk_out":66.72426636861933,"walk_back":66.72426636861933},"rail-007690":{"out":3.407887527462735,"back":3.407887527462735,"walk_out":11.35962509154245,"walk_back":11.35962509154245},"rail-007499":{"out":29.900119320185986,"back":29.900119320185986,"walk_out":99.66706440061995,"walk_back":99.66706440061995},"rail-007623":{"out":14.29031656713143,"back":14.29031656713143,"walk_out":47.63438855710477,"walk_back":47.63438855710477},"rail-007699":{"out":22.528148249339246,"back":22.528148249339246,"walk_out":75.09382749779748,"walk_back":75.09382749779748},"rail-007525":{"out":28.96652166508333,"back":28.96652166508333,"walk_out":96.55507221694444,"walk_back":96.55507221694444},"rail-007553":{"out":25.94480313221004,"back":25.94480313221004,"walk_out":86.4826771073668,"walk_back":86.4826771073668},"rail-007587":{"out":20.528383558988807,"back":20.528383558988807,"walk_out":68.42794519662937,"walk_back":68.42794519662937},"rail-007639":{"out":9.72777671258199,"back":9.72777671258199,"walk_out":32.4259223752733,"walk_back":32.4259223752733},"rail-007668":{"out":12.87755335160262,"back":12.87755335160262,"walk_out":42.9251778386754,"walk_back":42.9251778386754},"rail-007746":{"out":23.052259510779233,"back":23.052259510779233,"walk_out":76.84086503593078,"walk_back":76.84086503593078},"rail-007641":{"out":11.690273841265247,"back":11.690273841265247,"walk_out":38.967579470884154,"walk_back":38.967579470884154},"rail-007630":{"out":16.0402720953413,"back":16.0402720953413,"walk_out":53.46757365113767,"walk_back":53.46757365113767},"rail-007776":{"out":18.626692965882885,"back":18.626692965882885,"walk_out":62.088976552942945,"walk_back":62.088976552942945},"rail-007683":{"out":23.564069878708057,"back":23.564069878708057,"walk_out":78.54689959569352,"walk_back":78.54689959569352},"rail-007800":{"out":23.652500540941663,"back":23.652500540941663,"walk_out":78.84166846980554,"walk_back":78.84166846980554},"rail-007533":{"out":28.622318461650295,"back":28.622318461650295,"walk_out":95.40772820550097,"walk_back":95.40772820550097},"rail-007519":{"out":27.827444880978664,"back":27.827444880978664,"walk_out":92.75814960326221,"walk_back":92.75814960326221},"rail-007733":{"out":8.118076047840942,"back":8.118076047840942,"walk_out":27.060253492803138,"walk_back":27.060253492803138},"rail-007709":{"out":13.262230490820661,"back":13.262230490820661,"walk_out":44.2074349694022,"walk_back":44.2074349694022},"rail-007704":{"out":9.75389436382508,"back":9.75389436382508,"walk_out":32.51298121275027,"walk_back":32.51298121275027},"rail-007590":{"out":18.02806086086241,"back":18.02806086086241,"walk_out":60.093536202874695,"walk_back":60.093536202874695},"rail-007714":{"out":25.767297053714078,"back":25.767297053714078,"walk_out":85.89099017904692,"walk_back":85.89099017904692},"rail-007706":{"out":23.977389458373203,"back":23.977389458373203,"walk_out":79.92463152791068,"walk_back":79.92463152791068},"rail-007707":{"out":26.148216977732332,"back":26.148216977732332,"walk_out":87.16072325910777,"walk_back":87.16072325910777},"rail-007564":{"out":24.327840259850813,"back":24.327840259850813,"walk_out":81.09280086616937,"walk_back":81.09280086616937},"rail-007640":{"out":18.213713601048482,"back":18.213713601048482,"walk_out":60.7123786701616,"walk_back":60.7123786701616},"rail-007554":{"out":26.039706011232333,"back":26.039706011232333,"walk_out":86.79902003744111,"walk_back":86.79902003744111},"rail-007579":{"out":22.888820131694565,"back":22.888820131694565,"walk_out":76.29606710564855,"walk_back":76.29606710564855},"rail-007635":{"out":17.893408692152146,"back":17.893408692152146,"walk_out":59.64469564050716,"walk_back":59.64469564050716},"rail-007734":{"out":27.868587439802532,"back":27.868587439802532,"walk_out":92.89529146600844,"walk_back":92.89529146600844},"rail-007650":{"out":18.669421024150807,"back":18.669421024150807,"walk_out":62.231403413836034,"walk_back":62.231403413836034},"rail-007760":{"out":13.47267573936368,"back":13.47267573936368,"walk_out":44.90891913121227,"walk_back":44.90891913121227},"rail-007678":{"out":25.684634369367625,"back":25.684634369367625,"walk_out":85.61544789789208,"walk_back":85.61544789789208},"rail-007540":{"out":24.962322178237045,"back":24.962322178237045,"walk_out":83.20774059412349,"walk_back":83.20774059412349},"rail-007729":{"out":28.193421573249278,"back":28.193421573249278,"walk_out":93.97807191083093,"walk_back":93.97807191083093},"rail-007562":{"out":22.92560672380577,"back":22.92560672380577,"walk_out":76.41868907935257,"walk_back":76.41868907935257},"rail-007594":{"out":24.34213050195954,"back":24.34213050195954,"walk_out":81.1404350065318,"walk_back":81.1404350065318},"nagai":{"out":19.925436873456313,"back":19.925436873456313,"walk_out":66.41812291152104,"walk_back":66.41812291152104},"rail-007543":{"out":24.893969561145756,"back":24.893969561145756,"walk_out":82.97989853715252,"walk_back":82.97989853715252},"rail-007669":{"out":8.96844808809805,"back":8.96844808809805,"walk_out":29.894826960326835,"walk_back":29.894826960326835},"rail-007628":{"out":17.936504089518788,"back":17.936504089518788,"walk_out":59.78834696506262,"walk_back":59.78834696506262},"rail-007679":{"out":22.227734845702678,"back":22.227734845702678,"walk_out":74.09244948567559,"walk_back":74.09244948567559},"rail-007773":{"out":28.352157159923646,"back":28.352157159923646,"walk_out":94.50719053307883,"walk_back":94.50719053307883},"rail-007556":{"out":23.27602134676747,"back":23.27602134676747,"walk_out":77.58673782255825,"walk_back":77.58673782255825}}}},{"type":"Feature","geometry":{"type":"Point","coordinates":[135.62875,34.72735]},"properties":{"id":"bodik-osaka-8bf129257791d4eb0678","name":"園芸の日","venue":"深北緑地","address":"","category":"その他","source_category":"","date":"2026-10-18","end_date":"2026-10-18","start":null,"end":null,"schedule":"","url":"https://fukakitaryokuchi.jp/","source":"大阪府 イベント一覧（BODIK）","source_updated":"2026-09-14T08:52:41.251751","fetched_at":"2026-09-18T14:35:26.570Z","coordinate_source":"https://data.bodik.jp/ja/dataset/270008_event","fictional":false,"access":{"rail-007070":{"out":27.443367170997583,"back":27.443367170997583,"walk_out":91.47789056999194,"walk_back":91.47789056999194},"rail-007043":{"out":9.74460877980742,"back":9.74460877980742,"walk_out":32.48202926602473,"walk_back":32.48202926602473},"rail-006953":{"out":27.065548033071128,"back":27.065548033071128,"walk_out":90.21849344357042,"walk_back":90.21849344357042},"rail-006952":{"out":29.093372237951865,"back":29.093372237951865,"walk_out":96.97790745983954,"walk_back":96.97790745983954},"rail-006769":{"out":27.61255886846995,"back":27.61255886846995,"walk_out":92.04186289489984,"walk_back":92.04186289489984},"rail-006874":{"out":14.7539194634158,"back":14.7539194634158,"walk_out":49.17973154471933,"walk_back":49.17973154471933},"rail-007213":{"out":20.968606242434852,"back":20.968606242434852,"walk_out":69.8953541414495,"walk_back":69.8953541414495},"rail-006928":{"out":4.069189302720892,"back":4.069189302720892,"walk_out":13.563964342402972,"walk_back":13.563964342402972},"rail-006927":{"out":25.25213797184844,"back":25.25213797184844,"walk_out":84.1737932394948,"walk_back":84.1737932394948},"rail-006861":{"out":11.806055451156517,"back":11.806055451156517,"walk_out":39.353518170521724,"walk_back":39.353518170521724},"dainichi":{"out":20.900588032496348,"back":20.900588032496348,"walk_out":69.66862677498783,"walk_back":69.66862677498783},"taishibashi":{"out":27.192651134491022,"back":27.192651134491022,"walk_out":90.64217044830342,"walk_back":90.64217044830342},"rail-006883":{"out":24.053037925055158,"back":24.053037925055158,"walk_out":80.1767930835172,"walk_back":80.1767930835172},"moriguchi_shi":{"out":23.509895281651346,"back":23.509895281651346,"walk_out":78.36631760550449,"walk_back":78.36631760550449},"rail-007168":{"out":28.74330544330996,"back":28.74330544330996,"walk_out":95.81101814436653,"walk_back":95.81101814436653},"rail-006813":{"out":15.41620755561964,"back":15.41620755561964,"walk_out":51.38735851873213,"walk_back":51.38735851873213},"neyagawa":{"out":16.552125418692576,"back":16.552125418692576,"walk_out":55.17375139564192,"walk_back":55.17375139564192},"rail-007131":{"out":23.2352752548228,"back":23.2352752548228,"walk_out":77.45091751607599,"walk_back":77.45091751607599},"rail-006855":{"out":10.107901118797418,"back":10.107901118797418,"walk_out":33.69300372932473,"walk_back":33.69300372932473},"rail-007162":{"out":29.69648862310409,"back":29.69648862310409,"walk_out":98.98829541034696,"walk_back":98.98829541034696},"rail-007001":{"out":26.327005404725632,"back":26.327005404725632,"walk_out":87.75668468241876,"walk_back":87.75668468241876},"rail-007215":{"out":21.474431615195158,"back":21.474431615195158,"walk_out":71.5814387173172,"walk_back":71.5814387173172},"rail-006756":{"out":21.84728799166935,"back":21.84728799166935,"walk_out":72.82429330556451,"walk_back":72.82429330556451},"higashihanazono":{"out":28.91293497619452,"back":28.91293497619452,"walk_out":96.37644992064841,"walk_back":96.37644992064841},"rail-007287":{"out":26.66423610722524,"back":26.66423610722524,"walk_out":88.88078702408413,"walk_back":88.88078702408413},"rail-007185":{"out":28.925634545919973,"back":28.925634545919973,"walk_out":96.41878181973324,"walk_back":96.41878181973324},"rail-006977":{"out":28.39247013401908,"back":28.39247013401908,"walk_out":94.64156711339695,"walk_back":94.64156711339695},"rail-007063":{"out":23.075020027949023,"back":23.075020027949023,"walk_out":76.91673342649673,"walk_back":76.91673342649673},"rail-006733":{"out":29.32335637811905,"back":29.32335637811905,"walk_out":97.74452126039684,"walk_back":97.74452126039684},"rail-006723":{"out":29.925053011634514,"back":29.925053011634514,"walk_out":99.75017670544838,"walk_back":99.75017670544838},"rail-007359":{"out":28.986214494880613,"back":28.986214494880613,"walk_out":96.62071498293538,"walk_back":96.62071498293538},"rail-006964":{"out":24.943674614007474,"back":24.943674614007474,"walk_out":83.14558204669157,"walk_back":83.14558204669157},"rail-006933":{"out":26.066787530190766,"back":26.066787530190766,"walk_out":86.88929176730255,"walk_back":86.88929176730255},"rail-007365":{"out":29.31148977460587,"back":29.31148977460587,"walk_out":97.7049659153529,"walk_back":97.7049659153529},"ikoma":{"out":29.56645574804526,"back":29.56645574804526,"walk_out":98.5548524934842,"walk_back":98.5548524934842},"rail-007219":{"out":28.495303945530598,"back":28.495303945530598,"walk_out":94.984346485102,"walk_back":94.984346485102},"rail-007178":{"out":21.229979823099516,"back":21.229979823099516,"walk_out":70.76659941033172,"walk_back":70.76659941033172},"rail-006753":{"out":27.703788278554864,"back":27.703788278554864,"walk_out":92.3459609285162,"walk_back":92.3459609285162},"rail-007354":{"out":29.530074859173947,"back":29.530074859173947,"walk_out":98.43358286391316,"walk_back":98.43358286391316},"rail-007234":{"out":23.34855530644245,"back":23.34855530644245,"walk_out":77.8285176881415,"walk_back":77.8285176881415},"rail-006845":{"out":11.017711358122734,"back":11.017711358122734,"walk_out":36.72570452707578,"walk_back":36.72570452707578},"rail-006892":{"out":19.826266179794803,"back":19.826266179794803,"walk_out":66.08755393264934,"walk_back":66.08755393264934},"rail-006983":{"out":4.980338156952437,"back":4.980338156952437,"walk_out":16.60112718984146,"walk_back":16.60112718984146},"nagata":{"out":25.457678240094175,"back":25.457678240094175,"walk_out":84.85892746698059,"walk_back":84.85892746698059},"kadoma_minami":{"out":14.075169380610964,"back":14.075169380610964,"walk_out":46.91723126870321,"walk_back":46.91723126870321},"rail-006885":{"out":17.393058802195377,"back":17.393058802195377,"walk_out":57.97686267398459,"walk_back":57.97686267398459},"rail-007207":{"out":28.67255077527318,"back":28.67255077527318,"walk_out":95.5751692509106,"walk_back":95.5751692509106},"rail-007256":{"out":24.59689297766671,"back":24.59689297766671,"walk_out":81.98964325888903,"walk_back":81.98964325888903},"rail-006699":{"out":25.458463655863522,"back":25.458463655863522,"walk_out":84.86154551954507,"walk_back":84.86154551954507},"rail-007235":{"out":29.923931869374417,"back":29.923931869374417,"walk_out":99.7464395645814,"walk_back":99.7464395645814},"rail-007229":{"out":29.840013448453327,"back":29.840013448453327,"walk_out":99.46671149484442,"walk_back":99.46671149484442},"rail-007135":{"out":29.144099371163552,"back":29.144099371163552,"walk_out":97.1469979038785,"walk_back":97.1469979038785},"rail-007084":{"out":17.02666767858345,"back":17.02666767858345,"walk_out":56.75555892861151,"walk_back":56.75555892861151},"tsurumi":{"out":19.014033806144454,"back":19.014033806144454,"walk_out":63.38011268714817,"walk_back":63.38011268714817}}}},{"type":"Feature","geometry":{"type":"Point","coordinates":[135.48764,34.61375]},"properties":{"id":"bodik-osaka-7a524617d24352eb4d41","name":"住吉公園の花　ボタニカルアート展","venue":"住吉公園","address":"","category":"その他","source_category":"","date":"2026-10-18","end_date":"2026-10-25","start":null,"end":null,"schedule":"","url":"https://www.toshi-kouen.jp/staticpages/index.php/sumiyoshi_top","source":"大阪府 イベント一覧（BODIK）","source_updated":"2026-09-14T08:52:41.251751","fetched_at":"2026-09-18T14:35:26.570Z","coordinate_source":"https://data.bodik.jp/ja/dataset/270008_event","fictional":false,"access":{"namba":{"out":23.767975206189984,"back":23.767975206189984,"walk_out":79.22658402063328,"walk_back":79.22658402063328},"rail-007473":{"out":29.888994712032822,"back":29.888994712032822,"walk_out":99.62998237344274,"walk_back":99.62998237344274},"rail-007283":{"out":25.36507037382659,"back":25.36507037382659,"walk_out":84.55023457942197,"walk_back":84.55023457942197},"rail-007280":{"out":25.579911189533284,"back":25.579911189533284,"walk_out":85.26637063177762,"walk_back":85.26637063177762},"rail-007552":{"out":19.449250484559396,"back":19.449250484559396,"walk_out":64.83083494853132,"walk_back":64.83083494853132},"rail-007507":{"out":22.76679468749529,"back":22.76679468749529,"walk_out":75.88931562498429,"walk_back":75.88931562498429},"rail-007506":{"out":24.950068205646815,"back":24.950068205646815,"walk_out":83.16689401882272,"walk_back":83.16689401882272},"rail-007626":{"out":9.93838565831591,"back":9.93838565831591,"walk_out":33.12795219438637,"walk_back":33.12795219438637},"rail-007693":{"out":21.232556166056916,"back":21.232556166056916,"walk_out":70.77518722018972,"walk_back":70.77518722018972},"rail-007735":{"out":28.84116976343908,"back":28.84116976343908,"walk_out":96.13723254479693,"walk_back":96.13723254479693},"rail-007494":{"out":27.289079888069004,"back":27.289079888069004,"walk_out":90.96359962689668,"walk_back":90.96359962689668},"nakamozu":{"out":26.415340839148037,"back":26.415340839148037,"walk_out":88.05113613049346,"walk_back":88.05113613049346},"kujo":{"out":26.98971708081561,"back":26.98971708081561,"walk_out":89.9657236027187,"walk_back":89.9657236027187},"rail-007407":{"out":18.0115364370522,"back":18.0115364370522,"walk_out":60.038454790173994,"walk_back":60.038454790173994},"rail-007402":{"out":18.976874078312743,"back":18.976874078312743,"walk_out":63.25624692770915,"walk_back":63.25624692770915},"rail-007529":{"out":16.85746869314108,"back":16.85746869314108,"walk_out":56.19156231047027,"walk_back":56.19156231047027},"rail-007450":{"out":15.171914254521583,"back":15.171914254521583,"walk_out":50.57304751507194,"walk_back":50.57304751507194},"rail-007459":{"out":13.978797557860384,"back":13.978797557860384,"walk_out":46.595991859534614,"walk_back":46.595991859534614},"rail-007593":{"out":3.7741200314191805,"back":3.7741200314191805,"walk_out":12.580400104730602,"walk_back":12.580400104730602},"rail-007580":{"out":5.745590386023994,"back":5.745590386023994,"walk_out":19.151967953413315,"walk_back":19.151967953413315},"rail-007567":{"out":1.5036025370412733,"back":1.5036025370412733,"walk_out":5.012008456804244,"walk_back":5.012008456804244},"rail-007573":{"out":1.071386058333291,"back":1.071386058333291,"walk_out":3.57128686111097,"walk_back":3.57128686111097},"rail-007572":{"out":3.6426148022975324,"back":3.6426148022975324,"walk_out":12.142049340991774,"walk_back":12.142049340991774},"rail-007574":{"out":1.4108330318726754,"back":1.4108330318726754,"walk_out":4.702776772908918,"walk_back":4.702776772908918},"rail-007582":{"out":28.55726434049306,"back":28.55726434049306,"walk_out":95.19088113497686,"walk_back":95.19088113497686},"rail-007524":{"out":29.537504478430503,"back":29.537504478430503,"walk_out":98.458348261435,"walk_back":98.458348261435},"dobutsuen":{"out":16.22284634147396,"back":16.22284634147396,"walk_out":54.07615447157987,"walk_back":54.07615447157987},"rail-007544":{"out":4.5231228201544385,"back":4.5231228201544385,"walk_out":15.077076067181462,"walk_back":15.077076067181462},"rail-007485":{"out":11.039168733668761,"back":11.039168733668761,"walk_out":36.7972291122292,"walk_back":36.7972291122292},"rail-007502":{"out":17.1642416649663,"back":17.1642416649663,"walk_out":57.214138883221004,"walk_back":57.214138883221004},"rail-007522":{"out":8.88735969573275,"back":8.88735969573275,"walk_out":29.624532319109168,"walk_back":29.624532319109168},"rail-007647":{"out":17.438199030129212,"back":17.438199030129212,"walk_out":58.12733010043071,"walk_back":58.12733010043071},"rail-007462":{"out":27.250982328232816,"back":27.250982328232816,"walk_out":90.83660776077605,"walk_back":90.83660776077605},"rail-007570":{"out":15.288280322881223,"back":15.288280322881223,"walk_out":50.96093440960408,"walk_back":50.96093440960408},"rail-007571":{"out":18.053803009910474,"back":18.053803009910474,"walk_out":60.17934336636824,"walk_back":60.17934336636824},"rail-007531":{"out":13.250600987110353,"back":13.250600987110353,"walk_out":44.16866995703451,"walk_back":44.16866995703451},"rail-007581":{"out":23.67986132074072,"back":23.67986132074072,"walk_out":78.93287106913573,"walk_back":78.93287106913573},"rail-007268":{"out":26.977848315553327,"back":26.977848315553327,"walk_out":89.92616105184443,"walk_back":89.92616105184443},"rail-007382":{"out":22.112024095398315,"back":22.112024095398315,"walk_out":73.70674698466105,"walk_back":73.70674698466105},"rail-007649":{"out":15.813149560538104,"back":15.813149560538104,"walk_out":52.710498535127016,"walk_back":52.710498535127016},"rail-007660":{"out":16.569587643310662,"back":16.569587643310662,"walk_out":55.23195881103554,"walk_back":55.23195881103554},"rail-007667":{"out":16.882018748272216,"back":16.882018748272216,"walk_out":56.273395827574056,"walk_back":56.273395827574056},"rail-007534":{"out":5.052504687038202,"back":5.052504687038202,"walk_out":16.84168229012734,"walk_back":16.84168229012734},"rail-007622":{"out":8.497105599012553,"back":8.497105599012553,"walk_out":28.32368533004184,"walk_back":28.32368533004184},"rail-007395":{"out":19.289249738843807,"back":19.289249738843807,"walk_out":64.29749912947936,"walk_back":64.29749912947936},"rail-007654":{"out":16.130714722218443,"back":16.130714722218443,"walk_out":53.76904907406148,"walk_back":53.76904907406148},"taisho":{"out":23.193396937408576,"back":23.193396937408576,"walk_out":77.31132312469525,"walk_back":77.31132312469525},"uehommachi":{"out":26.097895742728404,"back":26.097895742728404,"walk_out":86.99298580909469,"walk_back":86.99298580909469},"osakako":{"out":26.437548720341002,"back":26.437548720341002,"walk_out":88.12516240113668,"walk_back":88.12516240113668},"rail-007451":{"out":17.254136370616468,"back":17.254136370616468,"walk_out":57.513787902054894,"walk_back":57.513787902054894},"rail-007483":{"out":10.905725337074989,"back":10.905725337074989,"walk_out":36.35241779024996,"walk_back":36.35241779024996},"tennoji":{"out":17.48898603576542,"back":17.48898603576542,"walk_out":58.29662011921807,"walk_back":58.29662011921807},"rail-007447":{"out":17.169790509257606,"back":17.169790509257606,"walk_out":57.23263503085868,"walk_back":57.23263503085868},"rail-007515":{"out":7.792279497988862,"back":7.792279497988862,"walk_out":25.974264993296206,"walk_back":25.974264993296206},"rail-007646":{"out":13.76489790207801,"back":13.76489790207801,"walk_out":45.882993006926704,"walk_back":45.882993006926704},"rail-007532":{"out":7.314722753474328,"back":7.314722753474328,"walk_out":24.38240917824776,"walk_back":24.38240917824776},"rail-007592":{"out":3.79473927942159,"back":3.79473927942159,"walk_out":12.6491309314053,"walk_back":12.6491309314053},"rail-007666":{"out":17.56639823424142,"back":17.56639823424142,"walk_out":58.554660780804724,"walk_back":58.554660780804724},"rail-007673":{"out":19.05609316189803,"back":19.05609316189803,"walk_out":63.5203105396601,"walk_back":63.5203105396601},"rail-007434":{"out":20.11107634381742,"back":20.11107634381742,"walk_out":67.03692114605806,"walk_back":67.03692114605806},"rail-007493":{"out":9.371024503016693,"back":9.371024503016693,"walk_out":31.23674834338898,"walk_back":31.23674834338898},"rail-007517":{"out":7.324423123045335,"back":7.324423123045335,"walk_out":24.41474374348445,"walk_back":24.41474374348445},"rail-007657":{"out":24.786824749724886,"back":24.786824749724886,"walk_out":82.62274916574962,"walk_back":82.62274916574962},"rail-007538":{"out":5.354474400949221,"back":5.354474400949221,"walk_out":17.84824800316407,"walk_back":17.84824800316407},"rail-007547":{"out":5.67475072731145,"back":5.67475072731145,"walk_out":18.91583575770483,"walk_back":18.91583575770483},"rail-007559":{"out":4.492849164241722,"back":4.492849164241722,"walk_out":14.976163880805741,"walk_back":14.976163880805741},"rail-007575":{"out":10.740783894965887,"back":10.740783894965887,"walk_out":35.802612983219625,"walk_back":35.802612983219625},"rail-007505":{"out":24.423177818483683,"back":24.423177818483683,"walk_out":81.41059272827894,"walk_back":81.41059272827894},"rail-007546":{"out":22.56773364607588,"back":22.56773364607588,"walk_out":75.22577882025294,"walk_back":75.22577882025294},"bentencho":{"out":26.734073437462925,"back":26.734073437462925,"walk_out":89.11357812487643,"walk_back":89.11357812487643},"rail-007682":{"out":20.60242488178026,"back":20.60242488178026,"walk_out":68.6747496059342,"walk_back":68.6747496059342},"shinsaibashi":{"out":27.373600161502022,"back":27.373600161502022,"walk_out":91.24533387167341,"walk_back":91.24533387167341},"rail-007399":{"out":18.85187118117474,"back":18.85187118117474,"walk_out":62.839570603915796,"walk_back":62.839570603915796},"rail-007611":{"out":11.297395241194192,"back":11.297395241194192,"walk_out":37.657984137313974,"walk_back":37.657984137313974},"rail-007609":{"out":6.985523796552969,"back":6.985523796552969,"walk_out":23.28507932184323,"walk_back":23.28507932184323},"rail-007595":{"out":8.740300802399027,"back":8.740300802399027,"walk_out":29.134336007996755,"walk_back":29.134336007996755},"rail-007607":{"out":6.00273678135479,"back":6.00273678135479,"walk_out":20.009122604515966,"walk_back":20.009122604515966},"rail-007486":{"out":14.908090259884784,"back":14.908090259884784,"walk_out":49.69363419961594,"walk_back":49.69363419961594},"shinimamiya":{"out":16.89428520420694,"back":16.89428520420694,"walk_out":56.31428401402314,"walk_back":56.31428401402314},"rail-007427":{"out":16.924087969444077,"back":16.924087969444077,"walk_out":56.41362656481359,"walk_back":56.41362656481359},"rail-007690":{"out":22.64526229867446,"back":22.64526229867446,"walk_out":75.4842076622482,"walk_back":75.4842076622482},"nipponbashi":{"out":24.444266670735217,"back":24.444266670735217,"walk_out":81.48088890245072,"walk_back":81.48088890245072},"rail-007499":{"out":13.700141685634259,"back":13.700141685634259,"walk_out":45.66713895211419,"walk_back":45.66713895211419},"rail-007370":{"out":25.306171229590618,"back":25.306171229590618,"walk_out":84.35390409863538,"walk_back":84.35390409863538},"rail-007406":{"out":18.267564189224515,"back":18.267564189224515,"walk_out":60.891880630748375,"walk_back":60.891880630748375},"rail-007623":{"out":10.807393308398025,"back":10.807393308398025,"walk_out":36.02464436132675,"walk_back":36.02464436132675},"rail-007500":{"out":11.305942150683842,"back":11.305942150683842,"walk_out":37.68647383561281,"walk_back":37.68647383561281},"rail-007699":{"out":23.603480540728864,"back":23.603480540728864,"walk_out":78.67826846909621,"walk_back":78.67826846909621},"rail-007525":{"out":6.579252741797293,"back":6.579252741797293,"walk_out":21.930842472657645,"walk_back":21.930842472657645},"rail-007553":{"out":2.693245331212966,"back":2.693245331212966,"walk_out":8.977484437376553,"walk_back":8.977484437376553},"rail-007479":{"out":21.275063081569865,"back":21.275063081569865,"walk_out":70.91687693856622,"walk_back":70.91687693856622},"rail-007250":{"out":28.935071413062772,"back":28.935071413062772,"walk_out":96.45023804354258,"walk_back":96.45023804354258},"rail-007472":{"out":12.425380493479487,"back":12.425380493479487,"walk_out":41.41793497826496,"walk_back":41.41793497826496},"rail-007487":{"out":12.629631258233585,"back":12.629631258233585,"walk_out":42.098770860778615,"walk_back":42.098770860778615},"rail-007380":{"out":24.79615160326164,"back":24.79615160326164,"walk_out":82.6538386775388,"walk_back":82.6538386775388},"rail-007364":{"out":29.55596518742838,"back":29.55596518742838,"walk_out":98.5198839580946,"walk_back":98.5198839580946},"sakuragawa":{"out":24.322900923022537,"back":24.322900923022537,"walk_out":81.07633641007513,"walk_back":81.07633641007513},"rail-007303":{"out":23.965910223743407,"back":23.965910223743407,"walk_out":79.88636741247802,"walk_back":79.88636741247802},"rail-007587":{"out":4.726028108816042,"back":4.726028108816042,"walk_out":15.753427029386804,"walk_back":15.753427029386804},"rail-007639":{"out":21.507308309212082,"back":21.507308309212082,"walk_out":71.69102769737361,"walk_back":71.69102769737361},"rail-007470":{"out":18.075113691531026,"back":18.075113691531026,"walk_out":60.25037897177008,"walk_back":60.25037897177008},"rail-007442":{"out":14.914140485370426,"back":14.914140485370426,"walk_out":49.71380161790142,"walk_back":49.71380161790142},"rail-007641":{"out":13.774524611689774,"back":13.774524611689774,"walk_out":45.91508203896591,"walk_back":45.91508203896591},"rail-007630":{"out":10.795151223138138,"back":10.795151223138138,"walk_out":35.98383741046046,"walk_back":35.98383741046046},"rail-007683":{"out":21.673044303592793,"back":21.673044303592793,"walk_out":72.24348101197597,"walk_back":72.24348101197597},"rail-007533":{"out":4.7136882878767485,"back":4.7136882878767485,"walk_out":15.712294292922497,"walk_back":15.712294292922497},"rail-007519":{"out":15.252390162846007,"back":15.252390162846007,"walk_out":50.84130054282002,"walk_back":50.84130054282002},"rail-007733":{"out":29.831459373202946,"back":29.831459373202946,"walk_out":99.4381979106765,"walk_back":99.4381979106765},"rail-007709":{"out":24.562463583473544,"back":24.562463583473544,"walk_out":81.87487861157848,"walk_back":81.87487861157848},"rail-007704":{"out":23.88078155130043,"back":23.88078155130043,"walk_out":79.60260517100143,"walk_back":79.60260517100143},"rail-007590":{"out":16.951536707509177,"back":16.951536707509177,"walk_out":56.50512235836393,"walk_back":56.50512235836393},"rail-007714":{"out":28.56752882799779,"back":28.56752882799779,"walk_out":95.22509609332597,"walk_back":95.22509609332597},"rail-007706":{"out":25.934817123459844,"back":25.934817123459844,"walk_out":86.4493904115328,"walk_back":86.4493904115328},"rail-007707":{"out":27.28218984014447,"back":27.28218984014447,"walk_out":90.94063280048157,"walk_back":90.94063280048157},"rail-007564":{"out":3.4571369493471105,"back":3.4571369493471105,"walk_out":11.523789831157034,"walk_back":11.523789831157034},"rail-007640":{"out":12.826190786728674,"back":12.826190786728674,"walk_out":42.75396928909558,"walk_back":42.75396928909558},"rail-007554":{"out":2.431696507226192,"back":2.431696507226192,"walk_out":8.105655024087305,"walk_back":8.105655024087305},"rail-007579":{"out":2.211161614854199,"back":2.211161614854199,"walk_out":7.370538716180662,"walk_back":7.370538716180662},"rail-007635":{"out":11.6053062450828,"back":11.6053062450828,"walk_out":38.684354150276,"walk_back":38.684354150276},"rail-007475":{"out":17.245828451735754,"back":17.245828451735754,"walk_out":57.48609483911918,"walk_back":57.48609483911918},"rail-007498":{"out":9.61479152781519,"back":9.61479152781519,"walk_out":32.0493050927173,"walk_back":32.0493050927173},"rail-007379":{"out":19.945345328632094,"back":19.945345328632094,"walk_out":66.48448442877364,"walk_back":66.48448442877364},"rail-007371":{"out":20.810421086083622,"back":20.810421086083622,"walk_out":69.36807028694541,"walk_back":69.36807028694541},"rail-007454":{"out":13.932768679961155,"back":13.932768679961155,"walk_out":46.44256226653718,"walk_back":46.44256226653718},"rail-007650":{"out":14.756320504060907,"back":14.756320504060907,"walk_out":49.18773501353636,"walk_back":49.18773501353636},"rail-007452":{"out":14.764643103225216,"back":14.764643103225216,"walk_out":49.21547701075072,"walk_back":49.21547701075072},"rail-007249":{"out":27.570661720936045,"back":27.570661720936045,"walk_out":91.90220573645348,"walk_back":91.90220573645348},"rail-007476":{"out":11.060865486143873,"back":11.060865486143873,"walk_out":36.86955162047958,"walk_back":36.86955162047958},"rail-007540":{"out":10.673763565127116,"back":10.673763565127116,"walk_out":35.579211883757054,"walk_back":35.579211883757054},"rail-007246":{"out":26.770096239835567,"back":26.770096239835567,"walk_out":89.23365413278523,"walk_back":89.23365413278523},"tanimachi9":{"out":25.860785651637013,"back":25.860785651637013,"walk_out":86.20261883879004,"walk_back":86.20261883879004},"tanimachi6":{"out":29.378856693000536,"back":29.378856693000536,"walk_out":97.92952231000179,"walk_back":97.92952231000179},"rail-007317":{"out":24.567350659494483,"back":24.567350659494483,"walk_out":81.89116886498161,"walk_back":81.89116886498161},"rail-007562":{"out":16.686675348333452,"back":16.686675348333452,"walk_out":55.62225116111151,"walk_back":55.62225116111151},"nagahoribashi":{"out":28.23448141076655,"back":28.23448141076655,"walk_out":94.1149380358885,"walk_back":94.1149380358885},"nagai":{"out":9.722549934837486,"back":9.722549934837486,"walk_out":32.40849978279162,"walk_back":32.40849978279162},"rail-007460":{"out":15.285642881464055,"back":15.285642881464055,"walk_out":50.95214293821351,"walk_back":50.95214293821351},"rail-007543":{"out":16.882139955198927,"back":16.882139955198927,"walk_out":56.27379985066309,"walk_back":56.27379985066309},"rail-007669":{"out":27.40373832954166,"back":27.40373832954166,"walk_out":91.34579443180553,"walk_back":91.34579443180553},"rail-007628":{"out":10.389328469919088,"back":10.389328469919088,"walk_out":34.63109489973029,"walk_back":34.63109489973029},"rail-007556":{"out":10.950032611643335,"back":10.950032611643335,"walk_out":36.500108705477786,"walk_back":36.500108705477786},"tsuruhashi":{"out":27.918040725335423,"back":27.918040725335423,"walk_out":93.06013575111808,"walk_back":93.06013575111808}}}},{"type":"Feature","geometry":{"type":"Point","coordinates":[135.5788,34.63141]},"properties":{"id":"bodik-osaka-5a4f4130bc9e6e0f346f","name":"ツリークライミング","venue":"久宝寺緑地","address":"","category":"その他","source_category":"","date":"2026-10-24","end_date":"2026-10-24","start":null,"end":null,"schedule":"","url":"https://kyuhoji-ryokuchi.jp/","source":"大阪府 イベント一覧（BODIK）","source_updated":"2026-09-14T08:52:41.251751","fetched_at":"2026-09-18T14:35:26.570Z","coordinate_source":"https://data.bodik.jp/ja/dataset/270008_event","fictional":false,"access":{"rail-007376":{"out":12.3360863913444,"back":12.3360863913444,"walk_out":41.120287971148,"walk_back":41.120287971148},"rail-007344":{"out":14.833195010312476,"back":14.833195010312476,"walk_out":49.443983367708256,"walk_back":49.443983367708256},"rail-007422":{"out":8.815085537781805,"back":8.815085537781805,"walk_out":29.383618459272682,"walk_back":29.383618459272682},"kyuhoji":{"out":4.5327503034730015,"back":4.5327503034730015,"walk_out":15.109167678243338,"walk_back":15.109167678243338},"rail-007491":{"out":4.5313010230363195,"back":4.5313010230363195,"walk_out":15.1043367434544,"walk_back":15.1043367434544},"rail-007529":{"out":17.60646567801607,"back":17.60646567801607,"walk_out":58.68821892672024,"walk_back":58.68821892672024},"rail-007450":{"out":28.70687434162788,"back":28.70687434162788,"walk_out":95.6895811387596,"walk_back":95.6895811387596},"rail-007459":{"out":28.677672229759636,"back":28.677672229759636,"walk_out":95.59224076586545,"walk_back":95.59224076586545},"rail-007284":{"out":20.874050828737538,"back":20.874050828737538,"walk_out":69.58016942912512,"walk_back":69.58016942912512},"rail-007342":{"out":18.202018757829997,"back":18.202018757829997,"walk_out":60.67339585943333,"walk_back":60.67339585943333},"rail-007378":{"out":12.36736585833943,"back":12.36736585833943,"walk_out":41.22455286113143,"walk_back":41.22455286113143},"rail-007549":{"out":23.72916130545068,"back":23.72916130545068,"walk_out":79.09720435150227,"walk_back":79.09720435150227},"rail-007560":{"out":9.168430406691996,"back":9.168430406691996,"walk_out":30.56143468897332,"walk_back":30.56143468897332},"rail-007618":{"out":15.27376964483595,"back":15.27376964483595,"walk_out":50.91256548278649,"walk_back":50.91256548278649},"rail-007351":{"out":14.888633534461793,"back":14.888633534461793,"walk_out":49.62877844820597,"walk_back":49.62877844820597},"rail-007582":{"out":11.092482224895164,"back":11.092482224895164,"walk_out":36.97494074965054,"walk_back":36.97494074965054},"rail-007524":{"out":4.8502657388788295,"back":4.8502657388788295,"walk_out":16.167552462929432,"walk_back":16.167552462929432},"dobutsuen":{"out":28.58622355596859,"back":28.58622355596859,"walk_out":95.28741185322863,"walk_back":95.28741185322863},"rail-007485":{"out":28.84750342346281,"back":28.84750342346281,"walk_out":96.15834474487603,"walk_back":96.15834474487603},"rail-007412":{"out":13.053082955677729,"back":13.053082955677729,"walk_out":43.510276518925764,"walk_back":43.510276518925764},"rail-007502":{"out":18.249595776689237,"back":18.249595776689237,"walk_out":60.83198592229745,"walk_back":60.83198592229745},"rail-007522":{"out":26.89441899033533,"back":26.89441899033533,"walk_out":89.64806330111776,"walk_back":89.64806330111776},"rail-007462":{"out":10.65761179448601,"back":10.65761179448601,"walk_out":35.5253726482867,"walk_back":35.5253726482867},"rail-007531":{"out":21.359005619253065,"back":21.359005619253065,"walk_out":71.19668539751022,"walk_back":71.19668539751022},"rail-007213":{"out":27.44601767773998,"back":27.44601767773998,"walk_out":91.4867255924666,"walk_back":91.4867255924666},"rail-007581":{"out":13.901609035314568,"back":13.901609035314568,"walk_out":46.338696784381895,"walk_back":46.338696784381895},"rail-007382":{"out":26.51872604929057,"back":26.51872604929057,"walk_out":88.39575349763523,"walk_back":88.39575349763523},"rail-007676":{"out":29.815966049304677,"back":29.815966049304677,"walk_out":99.38655349768226,"walk_back":99.38655349768226},"rail-007633":{"out":26.093333793129435,"back":26.093333793129435,"walk_out":86.97777931043144,"walk_back":86.97777931043144},"uehommachi":{"out":25.924218434239364,"back":25.924218434239364,"walk_out":86.41406144746455,"walk_back":86.41406144746455},"rail-007164":{"out":29.900442736915018,"back":29.900442736915018,"walk_out":99.66814245638339,"walk_back":99.66814245638339},"rail-007451":{"out":24.36135665780537,"back":24.36135665780537,"walk_out":81.20452219268456,"walk_back":81.20452219268456},"tennoji":{"out":24.432570102639293,"back":24.432570102639293,"walk_out":81.44190034213098,"walk_back":81.44190034213098},"rail-007447":{"out":24.96364928629508,"back":24.96364928629508,"walk_out":83.21216428765027,"walk_back":83.21216428765027},"rail-007515":{"out":29.697497655368245,"back":29.697497655368245,"walk_out":98.99165885122748,"walk_back":98.99165885122748},"rail-007532":{"out":27.870309916401126,"back":27.870309916401126,"walk_out":92.90103305467042,"walk_back":92.90103305467042},"rail-007653":{"out":29.29315856133514,"back":29.29315856133514,"walk_out":97.64386187111714,"walk_back":97.64386187111714},"rail-007434":{"out":21.49628591094289,"back":21.49628591094289,"walk_out":71.65428636980964,"walk_back":71.65428636980964},"rail-007368":{"out":15.65820958409393,"back":15.65820958409393,"walk_out":52.19403194697977,"walk_back":52.19403194697977},"rail-007657":{"out":27.84800140782502,"back":27.84800140782502,"walk_out":92.82667135941674,"walk_back":92.82667135941674},"fuse":{"out":15.56499408505987,"back":15.56499408505987,"walk_out":51.88331361686624,"walk_back":51.88331361686624},"rail-007538":{"out":29.743590438227383,"back":29.743590438227383,"walk_out":99.14530146075793,"walk_back":99.14530146075793},"rail-007547":{"out":28.971083287543994,"back":28.971083287543994,"walk_out":96.57027762514664,"walk_back":96.57027762514664},"rail-007559":{"out":29.852169969679448,"back":29.852169969679448,"walk_out":99.50723323226482,"walk_back":99.50723323226482},"rail-007505":{"out":10.16745600539689,"back":10.16745600539689,"walk_out":33.891520017989635,"walk_back":33.891520017989635},"rail-007546":{"out":11.954905897862298,"back":11.954905897862298,"walk_out":39.84968632620766,"walk_back":39.84968632620766},"rail-007468":{"out":4.750252733120279,"back":4.750252733120279,"walk_out":15.834175777067596,"walk_back":15.834175777067596},"rail-007131":{"out":27.184085590346967,"back":27.184085590346967,"walk_out":90.6136186344899,"walk_back":90.6136186344899},"rail-007606":{"out":19.380910945584397,"back":19.380910945584397,"walk_out":64.60303648528132,"walk_back":64.60303648528132},"rail-007578":{"out":19.843582531803175,"back":19.843582531803175,"walk_out":66.14527510601059,"walk_back":66.14527510601059},"rail-007674":{"out":25.82351270967732,"back":25.82351270967732,"walk_out":86.0783756989244,"walk_back":86.0783756989244},"rail-007399":{"out":28.780336553557433,"back":28.780336553557433,"walk_out":95.93445517852477,"walk_back":95.93445517852477},"rail-007611":{"out":28.13203171125882,"back":28.13203171125882,"walk_out":93.77343903752939,"walk_back":93.77343903752939},"rail-007595":{"out":29.28838482370203,"back":29.28838482370203,"walk_out":97.62794941234012,"walk_back":97.62794941234012},"rail-007162":{"out":25.81378593178628,"back":25.81378593178628,"walk_out":86.04595310595427,"walk_back":86.04595310595427},"rail-007486":{"out":22.23355409459852,"back":22.23355409459852,"walk_out":74.11184698199507,"walk_back":74.11184698199507},"shinimamiya":{"out":29.356807521071584,"back":29.356807521071584,"walk_out":97.85602507023862,"walk_back":97.85602507023862},"rail-007427":{"out":28.753358650968693,"back":28.753358650968693,"walk_out":95.8445288365623,"walk_back":95.8445288365623},"rail-007523":{"out":4.333110288140507,"back":4.333110288140507,"walk_out":14.443700960468355,"walk_back":14.443700960468355},"rail-007297":{"out":18.66808296958844,"back":18.66808296958844,"walk_out":62.226943231961464,"walk_back":62.226943231961464},"rail-007499":{"out":22.669900418391084,"back":22.669900418391084,"walk_out":75.56633472797029,"walk_back":75.56633472797029},"rail-007528":{"out":22.92912763257913,"back":22.92912763257913,"walk_out":76.43042544193044,"walk_back":76.43042544193044},"rail-007500":{"out":25.73623519494858,"back":25.73623519494858,"walk_out":85.7874506498286,"walk_back":85.7874506498286},"higashihanazono":{"out":22.313979088580744,"back":22.313979088580744,"walk_out":74.37993029526915,"walk_back":74.37993029526915},"rail-007479":{"out":15.338846204505753,"back":15.338846204505753,"walk_out":51.12948734835251,"walk_back":51.12948734835251},"rail-007472":{"out":28.724876441683573,"back":28.724876441683573,"walk_out":95.74958813894524,"walk_back":95.74958813894524},"rail-007487":{"out":25.300283883611595,"back":25.300283883611595,"walk_out":84.33427961203866,"walk_back":84.33427961203866},"rail-007636":{"out":25.683719016502522,"back":25.683719016502522,"walk_out":85.61239672167507,"walk_back":85.61239672167507},"rail-007652":{"out":27.86035714196441,"back":27.86035714196441,"walk_out":92.86785713988137,"walk_back":92.86785713988137},"rail-007380":{"out":22.159354951053253,"back":22.159354951053253,"walk_out":73.86451650351084,"walk_back":73.86451650351084},"morinomiya":{"out":28.024875674129362,"back":28.024875674129362,"walk_out":93.41625224709787,"walk_back":93.41625224709787},"rail-007639":{"out":25.735905794213593,"back":25.735905794213593,"walk_out":85.78635264737865,"walk_back":85.78635264737865},"rail-007350":{"out":14.515811004137934,"back":14.515811004137934,"walk_out":48.386036680459775,"walk_back":48.386036680459775},"kawachi_yamamoto":{"out":14.8558630861602,"back":14.8558630861602,"walk_out":49.519543620534,"walk_back":49.519543620534},"rail-007668":{"out":26.07307764288168,"back":26.07307764288168,"walk_out":86.91025880960561,"walk_back":86.91025880960561},"rail-007345":{"out":14.750474298547847,"back":14.750474298547847,"walk_out":49.16824766182616,"walk_back":49.16824766182616},"rail-007359":{"out":20.10963787132724,"back":20.10963787132724,"walk_out":67.03212623775747,"walk_back":67.03212623775747},"rail-007470":{"out":20.41804401582414,"back":20.41804401582414,"walk_out":68.0601467194138,"walk_back":68.0601467194138},"rail-007621":{"out":23.69958669304543,"back":23.69958669304543,"walk_out":78.99862231015143,"walk_back":78.99862231015143},"fukaebashi":{"out":22.718026710549125,"back":22.718026710549125,"walk_out":75.72675570183041,"walk_back":75.72675570183041},"rail-007260":{"out":25.162452572878067,"back":25.162452572878067,"walk_out":83.87484190959356,"walk_back":83.87484190959356},"rail-007365":{"out":25.935726305786226,"back":25.935726305786226,"walk_out":86.45242101928743,"walk_back":86.45242101928743},"rail-007519":{"out":19.65222217326981,"back":19.65222217326981,"walk_out":65.5074072442327,"walk_back":65.5074072442327},"rail-007590":{"out":20.255447172771774,"back":20.255447172771774,"walk_out":67.51815724257257,"walk_back":67.51815724257257},"rail-007201":{"out":25.172849591053637,"back":25.172849591053637,"walk_out":83.90949863684546,"walk_back":83.90949863684546},"rail-007475":{"out":20.389616893775678,"back":20.389616893775678,"walk_out":67.96538964591892,"walk_back":67.96538964591892},"rail-007498":{"out":29.045491402374232,"back":29.045491402374232,"walk_out":96.81830467458077,"walk_back":96.81830467458077},"rail-007354":{"out":17.76928185610558,"back":17.76928185610558,"walk_out":59.23093952035193,"walk_back":59.23093952035193},"rail-007234":{"out":23.083134776255484,"back":23.083134776255484,"walk_out":76.94378258751827,"walk_back":76.94378258751827},"rail-007452":{"out":29.857843112677283,"back":29.857843112677283,"walk_out":99.52614370892428,"walk_back":99.52614370892428},"rail-007678":{"out":27.21513137281386,"back":27.21513137281386,"walk_out":90.71710457604621,"walk_back":90.71710457604621},"rail-007477":{"out":5.292671039364361,"back":5.292671039364361,"walk_out":17.642236797881203,"walk_back":17.642236797881203},"rail-007540":{"out":23.68778514471783,"back":23.68778514471783,"walk_out":78.9592838157261,"walk_back":78.9592838157261},"tanimachi9":{"out":27.969189761189032,"back":27.969189761189032,"walk_out":93.23063253729677,"walk_back":93.23063253729677},"tanimachi6":{"out":29.825386665913907,"back":29.825386665913907,"walk_out":99.41795555304635,"walk_back":99.41795555304635},"kintetsu_yao":{"out":9.08339652161075,"back":9.08339652161075,"walk_out":30.277988405369168,"walk_back":30.277988405369168},"rail-007562":{"out":17.922425460140573,"back":17.922425460140573,"walk_out":59.74141820046858,"walk_back":59.74141820046858},"rail-007594":{"out":12.996870207822015,"back":12.996870207822015,"walk_out":43.32290069274005,"walk_back":43.32290069274005},"nagai":{"out":25.625670018062074,"back":25.625670018062074,"walk_out":85.41890006020691,"walk_back":85.41890006020691},"rail-007425":{"out":8.215521998023233,"back":8.215521998023233,"walk_out":27.38507332674411,"walk_back":27.38507332674411},"nagata":{"out":21.601972738646726,"back":21.601972738646726,"walk_out":72.00657579548908,"walk_back":72.00657579548908},"rail-007460":{"out":24.94714050690037,"back":24.94714050690037,"walk_out":83.15713502300123,"walk_back":83.15713502300123},"rail-007543":{"out":17.406065053200173,"back":17.406065053200173,"walk_out":58.02021684400057,"walk_back":58.02021684400057},"rail-007235":{"out":21.06543401803524,"back":21.06543401803524,"walk_out":70.21811339345079,"walk_back":70.21811339345079},"rail-007229":{"out":21.219897472779472,"back":21.219897472779472,"walk_out":70.73299157593156,"walk_back":70.73299157593156},"rail-007551":{"out":17.47660131835153,"back":17.47660131835153,"walk_out":58.25533772783844,"walk_back":58.25533772783844},"rail-007569":{"out":28.43112932573508,"back":28.43112932573508,"walk_out":94.7704310857836,"walk_back":94.7704310857836},"rail-007669":{"out":27.74257075464811,"back":27.74257075464811,"walk_out":92.47523584882703,"walk_back":92.47523584882703},"rail-007679":{"out":26.733241185337057,"back":26.733241185337057,"walk_out":89.11080395112351,"walk_back":89.11080395112351},"rail-007125":{"out":29.935945697977782,"back":29.935945697977782,"walk_out":99.78648565992594,"walk_back":99.78648565992594},"rail-007556":{"out":23.354118957231663,"back":23.354118957231663,"walk_out":77.84706319077222,"walk_back":77.84706319077222},"tsuruhashi":{"out":23.39538296941601,"back":23.39538296941601,"walk_out":77.98460989805336,"walk_back":77.98460989805336}}}},{"type":"Feature","geometry":{"type":"Point","coordinates":[135.5788,34.63141]},"properties":{"id":"bodik-osaka-a97982c6a81df1753be1","name":"大阪ピンコロクラブ","venue":"久宝寺緑地","address":"","category":"その他","source_category":"","date":"2026-10-24","end_date":"2026-10-24","start":null,"end":null,"schedule":"","url":"https://kyuhoji-ryokuchi.jp/","source":"大阪府 イベント一覧（BODIK）","source_updated":"2026-09-14T08:52:41.251751","fetched_at":"2026-09-18T14:35:26.570Z","coordinate_source":"https://data.bodik.jp/ja/dataset/270008_event","fictional":false,"access":{"rail-007376":{"out":12.3360863913444,"back":12.3360863913444,"walk_out":41.120287971148,"walk_back":41.120287971148},"rail-007344":{"out":14.833195010312476,"back":14.833195010312476,"walk_out":49.443983367708256,"walk_back":49.443983367708256},"rail-007422":{"out":8.815085537781805,"back":8.815085537781805,"walk_out":29.383618459272682,"walk_back":29.383618459272682},"kyuhoji":{"out":4.5327503034730015,"back":4.5327503034730015,"walk_out":15.109167678243338,"walk_back":15.109167678243338},"rail-007491":{"out":4.5313010230363195,"back":4.5313010230363195,"walk_out":15.1043367434544,"walk_back":15.1043367434544},"rail-007529":{"out":17.60646567801607,"back":17.60646567801607,"walk_out":58.68821892672024,"walk_back":58.68821892672024},"rail-007450":{"out":28.70687434162788,"back":28.70687434162788,"walk_out":95.6895811387596,"walk_back":95.6895811387596},"rail-007459":{"out":28.677672229759636,"back":28.677672229759636,"walk_out":95.59224076586545,"walk_back":95.59224076586545},"rail-007284":{"out":20.874050828737538,"back":20.874050828737538,"walk_out":69.58016942912512,"walk_back":69.58016942912512},"rail-007342":{"out":18.202018757829997,"back":18.202018757829997,"walk_out":60.67339585943333,"walk_back":60.67339585943333},"rail-007378":{"out":12.36736585833943,"back":12.36736585833943,"walk_out":41.22455286113143,"walk_back":41.22455286113143},"rail-007549":{"out":23.72916130545068,"back":23.72916130545068,"walk_out":79.09720435150227,"walk_back":79.09720435150227},"rail-007560":{"out":9.168430406691996,"back":9.168430406691996,"walk_out":30.56143468897332,"walk_back":30.56143468897332},"rail-007618":{"out":15.27376964483595,"back":15.27376964483595,"walk_out":50.91256548278649,"walk_back":50.91256548278649},"rail-007351":{"out":14.888633534461793,"back":14.888633534461793,"walk_out":49.62877844820597,"walk_back":49.62877844820597},"rail-007582":{"out":11.092482224895164,"back":11.092482224895164,"walk_out":36.97494074965054,"walk_back":36.97494074965054},"rail-007524":{"out":4.8502657388788295,"back":4.8502657388788295,"walk_out":16.167552462929432,"walk_back":16.167552462929432},"dobutsuen":{"out":28.58622355596859,"back":28.58622355596859,"walk_out":95.28741185322863,"walk_back":95.28741185322863},"rail-007485":{"out":28.84750342346281,"back":28.84750342346281,"walk_out":96.15834474487603,"walk_back":96.15834474487603},"rail-007412":{"out":13.053082955677729,"back":13.053082955677729,"walk_out":43.510276518925764,"walk_back":43.510276518925764},"rail-007502":{"out":18.249595776689237,"back":18.249595776689237,"walk_out":60.83198592229745,"walk_back":60.83198592229745},"rail-007522":{"out":26.89441899033533,"back":26.89441899033533,"walk_out":89.64806330111776,"walk_back":89.64806330111776},"rail-007462":{"out":10.65761179448601,"back":10.65761179448601,"walk_out":35.5253726482867,"walk_back":35.5253726482867},"rail-007531":{"out":21.359005619253065,"back":21.359005619253065,"walk_out":71.19668539751022,"walk_back":71.19668539751022},"rail-007213":{"out":27.44601767773998,"back":27.44601767773998,"walk_out":91.4867255924666,"walk_back":91.4867255924666},"rail-007581":{"out":13.901609035314568,"back":13.901609035314568,"walk_out":46.338696784381895,"walk_back":46.338696784381895},"rail-007382":{"out":26.51872604929057,"back":26.51872604929057,"walk_out":88.39575349763523,"walk_back":88.39575349763523},"rail-007676":{"out":29.815966049304677,"back":29.815966049304677,"walk_out":99.38655349768226,"walk_back":99.38655349768226},"rail-007633":{"out":26.093333793129435,"back":26.093333793129435,"walk_out":86.97777931043144,"walk_back":86.97777931043144},"uehommachi":{"out":25.924218434239364,"back":25.924218434239364,"walk_out":86.41406144746455,"walk_back":86.41406144746455},"rail-007164":{"out":29.900442736915018,"back":29.900442736915018,"walk_out":99.66814245638339,"walk_back":99.66814245638339},"rail-007451":{"out":24.36135665780537,"back":24.36135665780537,"walk_out":81.20452219268456,"walk_back":81.20452219268456},"tennoji":{"out":24.432570102639293,"back":24.432570102639293,"walk_out":81.44190034213098,"walk_back":81.44190034213098},"rail-007447":{"out":24.96364928629508,"back":24.96364928629508,"walk_out":83.21216428765027,"walk_back":83.21216428765027},"rail-007515":{"out":29.697497655368245,"back":29.697497655368245,"walk_out":98.99165885122748,"walk_back":98.99165885122748},"rail-007532":{"out":27.870309916401126,"back":27.870309916401126,"walk_out":92.90103305467042,"walk_back":92.90103305467042},"rail-007653":{"out":29.29315856133514,"back":29.29315856133514,"walk_out":97.64386187111714,"walk_back":97.64386187111714},"rail-007434":{"out":21.49628591094289,"back":21.49628591094289,"walk_out":71.65428636980964,"walk_back":71.65428636980964},"rail-007368":{"out":15.65820958409393,"back":15.65820958409393,"walk_out":52.19403194697977,"walk_back":52.19403194697977},"rail-007657":{"out":27.84800140782502,"back":27.84800140782502,"walk_out":92.82667135941674,"walk_back":92.82667135941674},"fuse":{"out":15.56499408505987,"back":15.56499408505987,"walk_out":51.88331361686624,"walk_back":51.88331361686624},"rail-007538":{"out":29.743590438227383,"back":29.743590438227383,"walk_out":99.14530146075793,"walk_back":99.14530146075793},"rail-007547":{"out":28.971083287543994,"back":28.971083287543994,"walk_out":96.57027762514664,"walk_back":96.57027762514664},"rail-007559":{"out":29.852169969679448,"back":29.852169969679448,"walk_out":99.50723323226482,"walk_back":99.50723323226482},"rail-007505":{"out":10.16745600539689,"back":10.16745600539689,"walk_out":33.891520017989635,"walk_back":33.891520017989635},"rail-007546":{"out":11.954905897862298,"back":11.954905897862298,"walk_out":39.84968632620766,"walk_back":39.84968632620766},"rail-007468":{"out":4.750252733120279,"back":4.750252733120279,"walk_out":15.834175777067596,"walk_back":15.834175777067596},"rail-007131":{"out":27.184085590346967,"back":27.184085590346967,"walk_out":90.6136186344899,"walk_back":90.6136186344899},"rail-007606":{"out":19.380910945584397,"back":19.380910945584397,"walk_out":64.60303648528132,"walk_back":64.60303648528132},"rail-007578":{"out":19.843582531803175,"back":19.843582531803175,"walk_out":66.14527510601059,"walk_back":66.14527510601059},"rail-007674":{"out":25.82351270967732,"back":25.82351270967732,"walk_out":86.0783756989244,"walk_back":86.0783756989244},"rail-007399":{"out":28.780336553557433,"back":28.780336553557433,"walk_out":95.93445517852477,"walk_back":95.93445517852477},"rail-007611":{"out":28.13203171125882,"back":28.13203171125882,"walk_out":93.77343903752939,"walk_back":93.77343903752939},"rail-007595":{"out":29.28838482370203,"back":29.28838482370203,"walk_out":97.62794941234012,"walk_back":97.62794941234012},"rail-007162":{"out":25.81378593178628,"back":25.81378593178628,"walk_out":86.04595310595427,"walk_back":86.04595310595427},"rail-007486":{"out":22.23355409459852,"back":22.23355409459852,"walk_out":74.11184698199507,"walk_back":74.11184698199507},"shinimamiya":{"out":29.356807521071584,"back":29.356807521071584,"walk_out":97.85602507023862,"walk_back":97.85602507023862},"rail-007427":{"out":28.753358650968693,"back":28.753358650968693,"walk_out":95.8445288365623,"walk_back":95.8445288365623},"rail-007523":{"out":4.333110288140507,"back":4.333110288140507,"walk_out":14.443700960468355,"walk_back":14.443700960468355},"rail-007297":{"out":18.66808296958844,"back":18.66808296958844,"walk_out":62.226943231961464,"walk_back":62.226943231961464},"rail-007499":{"out":22.669900418391084,"back":22.669900418391084,"walk_out":75.56633472797029,"walk_back":75.56633472797029},"rail-007528":{"out":22.92912763257913,"back":22.92912763257913,"walk_out":76.43042544193044,"walk_back":76.43042544193044},"rail-007500":{"out":25.73623519494858,"back":25.73623519494858,"walk_out":85.7874506498286,"walk_back":85.7874506498286},"higashihanazono":{"out":22.313979088580744,"back":22.313979088580744,"walk_out":74.37993029526915,"walk_back":74.37993029526915},"rail-007479":{"out":15.338846204505753,"back":15.338846204505753,"walk_out":51.12948734835251,"walk_back":51.12948734835251},"rail-007472":{"out":28.724876441683573,"back":28.724876441683573,"walk_out":95.74958813894524,"walk_back":95.74958813894524},"rail-007487":{"out":25.300283883611595,"back":25.300283883611595,"walk_out":84.33427961203866,"walk_back":84.33427961203866},"rail-007636":{"out":25.683719016502522,"back":25.683719016502522,"walk_out":85.61239672167507,"walk_back":85.61239672167507},"rail-007652":{"out":27.86035714196441,"back":27.86035714196441,"walk_out":92.86785713988137,"walk_back":92.86785713988137},"rail-007380":{"out":22.159354951053253,"back":22.159354951053253,"walk_out":73.86451650351084,"walk_back":73.86451650351084},"morinomiya":{"out":28.024875674129362,"back":28.024875674129362,"walk_out":93.41625224709787,"walk_back":93.41625224709787},"rail-007639":{"out":25.735905794213593,"back":25.735905794213593,"walk_out":85.78635264737865,"walk_back":85.78635264737865},"rail-007350":{"out":14.515811004137934,"back":14.515811004137934,"walk_out":48.386036680459775,"walk_back":48.386036680459775},"kawachi_yamamoto":{"out":14.8558630861602,"back":14.8558630861602,"walk_out":49.519543620534,"walk_back":49.519543620534},"rail-007668":{"out":26.07307764288168,"back":26.07307764288168,"walk_out":86.91025880960561,"walk_back":86.91025880960561},"rail-007345":{"out":14.750474298547847,"back":14.750474298547847,"walk_out":49.16824766182616,"walk_back":49.16824766182616},"rail-007359":{"out":20.10963787132724,"back":20.10963787132724,"walk_out":67.03212623775747,"walk_back":67.03212623775747},"rail-007470":{"out":20.41804401582414,"back":20.41804401582414,"walk_out":68.0601467194138,"walk_back":68.0601467194138},"rail-007621":{"out":23.69958669304543,"back":23.69958669304543,"walk_out":78.99862231015143,"walk_back":78.99862231015143},"fukaebashi":{"out":22.718026710549125,"back":22.718026710549125,"walk_out":75.72675570183041,"walk_back":75.72675570183041},"rail-007260":{"out":25.162452572878067,"back":25.162452572878067,"walk_out":83.87484190959356,"walk_back":83.87484190959356},"rail-007365":{"out":25.935726305786226,"back":25.935726305786226,"walk_out":86.45242101928743,"walk_back":86.45242101928743},"rail-007519":{"out":19.65222217326981,"back":19.65222217326981,"walk_out":65.5074072442327,"walk_back":65.5074072442327},"rail-007590":{"out":20.255447172771774,"back":20.255447172771774,"walk_out":67.51815724257257,"walk_back":67.51815724257257},"rail-007201":{"out":25.172849591053637,"back":25.172849591053637,"walk_out":83.90949863684546,"walk_back":83.90949863684546},"rail-007475":{"out":20.389616893775678,"back":20.389616893775678,"walk_out":67.96538964591892,"walk_back":67.96538964591892},"rail-007498":{"out":29.045491402374232,"back":29.045491402374232,"walk_out":96.81830467458077,"walk_back":96.81830467458077},"rail-007354":{"out":17.76928185610558,"back":17.76928185610558,"walk_out":59.23093952035193,"walk_back":59.23093952035193},"rail-007234":{"out":23.083134776255484,"back":23.083134776255484,"walk_out":76.94378258751827,"walk_back":76.94378258751827},"rail-007452":{"out":29.857843112677283,"back":29.857843112677283,"walk_out":99.52614370892428,"walk_back":99.52614370892428},"rail-007678":{"out":27.21513137281386,"back":27.21513137281386,"walk_out":90.71710457604621,"walk_back":90.71710457604621},"rail-007477":{"out":5.292671039364361,"back":5.292671039364361,"walk_out":17.642236797881203,"walk_back":17.642236797881203},"rail-007540":{"out":23.68778514471783,"back":23.68778514471783,"walk_out":78.9592838157261,"walk_back":78.9592838157261},"tanimachi9":{"out":27.969189761189032,"back":27.969189761189032,"walk_out":93.23063253729677,"walk_back":93.23063253729677},"tanimachi6":{"out":29.825386665913907,"back":29.825386665913907,"walk_out":99.41795555304635,"walk_back":99.41795555304635},"kintetsu_yao":{"out":9.08339652161075,"back":9.08339652161075,"walk_out":30.277988405369168,"walk_back":30.277988405369168},"rail-007562":{"out":17.922425460140573,"back":17.922425460140573,"walk_out":59.74141820046858,"walk_back":59.74141820046858},"rail-007594":{"out":12.996870207822015,"back":12.996870207822015,"walk_out":43.32290069274005,"walk_back":43.32290069274005},"nagai":{"out":25.625670018062074,"back":25.625670018062074,"walk_out":85.41890006020691,"walk_back":85.41890006020691},"rail-007425":{"out":8.215521998023233,"back":8.215521998023233,"walk_out":27.38507332674411,"walk_back":27.38507332674411},"nagata":{"out":21.601972738646726,"back":21.601972738646726,"walk_out":72.00657579548908,"walk_back":72.00657579548908},"rail-007460":{"out":24.94714050690037,"back":24.94714050690037,"walk_out":83.15713502300123,"walk_back":83.15713502300123},"rail-007543":{"out":17.406065053200173,"back":17.406065053200173,"walk_out":58.02021684400057,"walk_back":58.02021684400057},"rail-007235":{"out":21.06543401803524,"back":21.06543401803524,"walk_out":70.21811339345079,"walk_back":70.21811339345079},"rail-007229":{"out":21.219897472779472,"back":21.219897472779472,"walk_out":70.73299157593156,"walk_back":70.73299157593156},"rail-007551":{"out":17.47660131835153,"back":17.47660131835153,"walk_out":58.25533772783844,"walk_back":58.25533772783844},"rail-007569":{"out":28.43112932573508,"back":28.43112932573508,"walk_out":94.7704310857836,"walk_back":94.7704310857836},"rail-007669":{"out":27.74257075464811,"back":27.74257075464811,"walk_out":92.47523584882703,"walk_back":92.47523584882703},"rail-007679":{"out":26.733241185337057,"back":26.733241185337057,"walk_out":89.11080395112351,"walk_back":89.11080395112351},"rail-007125":{"out":29.935945697977782,"back":29.935945697977782,"walk_out":99.78648565992594,"walk_back":99.78648565992594},"rail-007556":{"out":23.354118957231663,"back":23.354118957231663,"walk_out":77.84706319077222,"walk_back":77.84706319077222},"tsuruhashi":{"out":23.39538296941601,"back":23.39538296941601,"walk_out":77.98460989805336,"walk_back":77.98460989805336}}}},{"type":"Feature","geometry":{"type":"Point","coordinates":[135.48764,34.61375]},"properties":{"id":"bodik-osaka-38d67c73635f5e1576c1","name":"葉っぱでアート■","venue":"住吉公園","address":"","category":"その他","source_category":"","date":"2026-10-24","end_date":"2026-10-24","start":null,"end":null,"schedule":"","url":"https://www.toshi-kouen.jp/staticpages/index.php/sumiyoshi_top","source":"大阪府 イベント一覧（BODIK）","source_updated":"2026-09-14T08:52:41.251751","fetched_at":"2026-09-18T14:35:26.570Z","coordinate_source":"https://data.bodik.jp/ja/dataset/270008_event","fictional":false,"access":{"namba":{"out":23.767975206189984,"back":23.767975206189984,"walk_out":79.22658402063328,"walk_back":79.22658402063328},"rail-007473":{"out":29.888994712032822,"back":29.888994712032822,"walk_out":99.62998237344274,"walk_back":99.62998237344274},"rail-007283":{"out":25.36507037382659,"back":25.36507037382659,"walk_out":84.55023457942197,"walk_back":84.55023457942197},"rail-007280":{"out":25.579911189533284,"back":25.579911189533284,"walk_out":85.26637063177762,"walk_back":85.26637063177762},"rail-007552":{"out":19.449250484559396,"back":19.449250484559396,"walk_out":64.83083494853132,"walk_back":64.83083494853132},"rail-007507":{"out":22.76679468749529,"back":22.76679468749529,"walk_out":75.88931562498429,"walk_back":75.88931562498429},"rail-007506":{"out":24.950068205646815,"back":24.950068205646815,"walk_out":83.16689401882272,"walk_back":83.16689401882272},"rail-007626":{"out":9.93838565831591,"back":9.93838565831591,"walk_out":33.12795219438637,"walk_back":33.12795219438637},"rail-007693":{"out":21.232556166056916,"back":21.232556166056916,"walk_out":70.77518722018972,"walk_back":70.77518722018972},"rail-007735":{"out":28.84116976343908,"back":28.84116976343908,"walk_out":96.13723254479693,"walk_back":96.13723254479693},"rail-007494":{"out":27.289079888069004,"back":27.289079888069004,"walk_out":90.96359962689668,"walk_back":90.96359962689668},"nakamozu":{"out":26.415340839148037,"back":26.415340839148037,"walk_out":88.05113613049346,"walk_back":88.05113613049346},"kujo":{"out":26.98971708081561,"back":26.98971708081561,"walk_out":89.9657236027187,"walk_back":89.9657236027187},"rail-007407":{"out":18.0115364370522,"back":18.0115364370522,"walk_out":60.038454790173994,"walk_back":60.038454790173994},"rail-007402":{"out":18.976874078312743,"back":18.976874078312743,"walk_out":63.25624692770915,"walk_back":63.25624692770915},"rail-007529":{"out":16.85746869314108,"back":16.85746869314108,"walk_out":56.19156231047027,"walk_back":56.19156231047027},"rail-007450":{"out":15.171914254521583,"back":15.171914254521583,"walk_out":50.57304751507194,"walk_back":50.57304751507194},"rail-007459":{"out":13.978797557860384,"back":13.978797557860384,"walk_out":46.595991859534614,"walk_back":46.595991859534614},"rail-007593":{"out":3.7741200314191805,"back":3.7741200314191805,"walk_out":12.580400104730602,"walk_back":12.580400104730602},"rail-007580":{"out":5.745590386023994,"back":5.745590386023994,"walk_out":19.151967953413315,"walk_back":19.151967953413315},"rail-007567":{"out":1.5036025370412733,"back":1.5036025370412733,"walk_out":5.012008456804244,"walk_back":5.012008456804244},"rail-007573":{"out":1.071386058333291,"back":1.071386058333291,"walk_out":3.57128686111097,"walk_back":3.57128686111097},"rail-007572":{"out":3.6426148022975324,"back":3.6426148022975324,"walk_out":12.142049340991774,"walk_back":12.142049340991774},"rail-007574":{"out":1.4108330318726754,"back":1.4108330318726754,"walk_out":4.702776772908918,"walk_back":4.702776772908918},"rail-007582":{"out":28.55726434049306,"back":28.55726434049306,"walk_out":95.19088113497686,"walk_back":95.19088113497686},"rail-007524":{"out":29.537504478430503,"back":29.537504478430503,"walk_out":98.458348261435,"walk_back":98.458348261435},"dobutsuen":{"out":16.22284634147396,"back":16.22284634147396,"walk_out":54.07615447157987,"walk_back":54.07615447157987},"rail-007544":{"out":4.5231228201544385,"back":4.5231228201544385,"walk_out":15.077076067181462,"walk_back":15.077076067181462},"rail-007485":{"out":11.039168733668761,"back":11.039168733668761,"walk_out":36.7972291122292,"walk_back":36.7972291122292},"rail-007502":{"out":17.1642416649663,"back":17.1642416649663,"walk_out":57.214138883221004,"walk_back":57.214138883221004},"rail-007522":{"out":8.88735969573275,"back":8.88735969573275,"walk_out":29.624532319109168,"walk_back":29.624532319109168},"rail-007647":{"out":17.438199030129212,"back":17.438199030129212,"walk_out":58.12733010043071,"walk_back":58.12733010043071},"rail-007462":{"out":27.250982328232816,"back":27.250982328232816,"walk_out":90.83660776077605,"walk_back":90.83660776077605},"rail-007570":{"out":15.288280322881223,"back":15.288280322881223,"walk_out":50.96093440960408,"walk_back":50.96093440960408},"rail-007571":{"out":18.053803009910474,"back":18.053803009910474,"walk_out":60.17934336636824,"walk_back":60.17934336636824},"rail-007531":{"out":13.250600987110353,"back":13.250600987110353,"walk_out":44.16866995703451,"walk_back":44.16866995703451},"rail-007581":{"out":23.67986132074072,"back":23.67986132074072,"walk_out":78.93287106913573,"walk_back":78.93287106913573},"rail-007268":{"out":26.977848315553327,"back":26.977848315553327,"walk_out":89.92616105184443,"walk_back":89.92616105184443},"rail-007382":{"out":22.112024095398315,"back":22.112024095398315,"walk_out":73.70674698466105,"walk_back":73.70674698466105},"rail-007649":{"out":15.813149560538104,"back":15.813149560538104,"walk_out":52.710498535127016,"walk_back":52.710498535127016},"rail-007660":{"out":16.569587643310662,"back":16.569587643310662,"walk_out":55.23195881103554,"walk_back":55.23195881103554},"rail-007667":{"out":16.882018748272216,"back":16.882018748272216,"walk_out":56.273395827574056,"walk_back":56.273395827574056},"rail-007534":{"out":5.052504687038202,"back":5.052504687038202,"walk_out":16.84168229012734,"walk_back":16.84168229012734},"rail-007622":{"out":8.497105599012553,"back":8.497105599012553,"walk_out":28.32368533004184,"walk_back":28.32368533004184},"rail-007395":{"out":19.289249738843807,"back":19.289249738843807,"walk_out":64.29749912947936,"walk_back":64.29749912947936},"rail-007654":{"out":16.130714722218443,"back":16.130714722218443,"walk_out":53.76904907406148,"walk_back":53.76904907406148},"taisho":{"out":23.193396937408576,"back":23.193396937408576,"walk_out":77.31132312469525,"walk_back":77.31132312469525},"uehommachi":{"out":26.097895742728404,"back":26.097895742728404,"walk_out":86.99298580909469,"walk_back":86.99298580909469},"osakako":{"out":26.437548720341002,"back":26.437548720341002,"walk_out":88.12516240113668,"walk_back":88.12516240113668},"rail-007451":{"out":17.254136370616468,"back":17.254136370616468,"walk_out":57.513787902054894,"walk_back":57.513787902054894},"rail-007483":{"out":10.905725337074989,"back":10.905725337074989,"walk_out":36.35241779024996,"walk_back":36.35241779024996},"tennoji":{"out":17.48898603576542,"back":17.48898603576542,"walk_out":58.29662011921807,"walk_back":58.29662011921807},"rail-007447":{"out":17.169790509257606,"back":17.169790509257606,"walk_out":57.23263503085868,"walk_back":57.23263503085868},"rail-007515":{"out":7.792279497988862,"back":7.792279497988862,"walk_out":25.974264993296206,"walk_back":25.974264993296206},"rail-007646":{"out":13.76489790207801,"back":13.76489790207801,"walk_out":45.882993006926704,"walk_back":45.882993006926704},"rail-007532":{"out":7.314722753474328,"back":7.314722753474328,"walk_out":24.38240917824776,"walk_back":24.38240917824776},"rail-007592":{"out":3.79473927942159,"back":3.79473927942159,"walk_out":12.6491309314053,"walk_back":12.6491309314053},"rail-007666":{"out":17.56639823424142,"back":17.56639823424142,"walk_out":58.554660780804724,"walk_back":58.554660780804724},"rail-007673":{"out":19.05609316189803,"back":19.05609316189803,"walk_out":63.5203105396601,"walk_back":63.5203105396601},"rail-007434":{"out":20.11107634381742,"back":20.11107634381742,"walk_out":67.03692114605806,"walk_back":67.03692114605806},"rail-007493":{"out":9.371024503016693,"back":9.371024503016693,"walk_out":31.23674834338898,"walk_back":31.23674834338898},"rail-007517":{"out":7.324423123045335,"back":7.324423123045335,"walk_out":24.41474374348445,"walk_back":24.41474374348445},"rail-007657":{"out":24.786824749724886,"back":24.786824749724886,"walk_out":82.62274916574962,"walk_back":82.62274916574962},"rail-007538":{"out":5.354474400949221,"back":5.354474400949221,"walk_out":17.84824800316407,"walk_back":17.84824800316407},"rail-007547":{"out":5.67475072731145,"back":5.67475072731145,"walk_out":18.91583575770483,"walk_back":18.91583575770483},"rail-007559":{"out":4.492849164241722,"back":4.492849164241722,"walk_out":14.976163880805741,"walk_back":14.976163880805741},"rail-007575":{"out":10.740783894965887,"back":10.740783894965887,"walk_out":35.802612983219625,"walk_back":35.802612983219625},"rail-007505":{"out":24.423177818483683,"back":24.423177818483683,"walk_out":81.41059272827894,"walk_back":81.41059272827894},"rail-007546":{"out":22.56773364607588,"back":22.56773364607588,"walk_out":75.22577882025294,"walk_back":75.22577882025294},"bentencho":{"out":26.734073437462925,"back":26.734073437462925,"walk_out":89.11357812487643,"walk_back":89.11357812487643},"rail-007682":{"out":20.60242488178026,"back":20.60242488178026,"walk_out":68.6747496059342,"walk_back":68.6747496059342},"shinsaibashi":{"out":27.373600161502022,"back":27.373600161502022,"walk_out":91.24533387167341,"walk_back":91.24533387167341},"rail-007399":{"out":18.85187118117474,"back":18.85187118117474,"walk_out":62.839570603915796,"walk_back":62.839570603915796},"rail-007611":{"out":11.297395241194192,"back":11.297395241194192,"walk_out":37.657984137313974,"walk_back":37.657984137313974},"rail-007609":{"out":6.985523796552969,"back":6.985523796552969,"walk_out":23.28507932184323,"walk_back":23.28507932184323},"rail-007595":{"out":8.740300802399027,"back":8.740300802399027,"walk_out":29.134336007996755,"walk_back":29.134336007996755},"rail-007607":{"out":6.00273678135479,"back":6.00273678135479,"walk_out":20.009122604515966,"walk_back":20.009122604515966},"rail-007486":{"out":14.908090259884784,"back":14.908090259884784,"walk_out":49.69363419961594,"walk_back":49.69363419961594},"shinimamiya":{"out":16.89428520420694,"back":16.89428520420694,"walk_out":56.31428401402314,"walk_back":56.31428401402314},"rail-007427":{"out":16.924087969444077,"back":16.924087969444077,"walk_out":56.41362656481359,"walk_back":56.41362656481359},"rail-007690":{"out":22.64526229867446,"back":22.64526229867446,"walk_out":75.4842076622482,"walk_back":75.4842076622482},"nipponbashi":{"out":24.444266670735217,"back":24.444266670735217,"walk_out":81.48088890245072,"walk_back":81.48088890245072},"rail-007499":{"out":13.700141685634259,"back":13.700141685634259,"walk_out":45.66713895211419,"walk_back":45.66713895211419},"rail-007370":{"out":25.306171229590618,"back":25.306171229590618,"walk_out":84.35390409863538,"walk_back":84.35390409863538},"rail-007406":{"out":18.267564189224515,"back":18.267564189224515,"walk_out":60.891880630748375,"walk_back":60.891880630748375},"rail-007623":{"out":10.807393308398025,"back":10.807393308398025,"walk_out":36.02464436132675,"walk_back":36.02464436132675},"rail-007500":{"out":11.305942150683842,"back":11.305942150683842,"walk_out":37.68647383561281,"walk_back":37.68647383561281},"rail-007699":{"out":23.603480540728864,"back":23.603480540728864,"walk_out":78.67826846909621,"walk_back":78.67826846909621},"rail-007525":{"out":6.579252741797293,"back":6.579252741797293,"walk_out":21.930842472657645,"walk_back":21.930842472657645},"rail-007553":{"out":2.693245331212966,"back":2.693245331212966,"walk_out":8.977484437376553,"walk_back":8.977484437376553},"rail-007479":{"out":21.275063081569865,"back":21.275063081569865,"walk_out":70.91687693856622,"walk_back":70.91687693856622},"rail-007250":{"out":28.935071413062772,"back":28.935071413062772,"walk_out":96.45023804354258,"walk_back":96.45023804354258},"rail-007472":{"out":12.425380493479487,"back":12.425380493479487,"walk_out":41.41793497826496,"walk_back":41.41793497826496},"rail-007487":{"out":12.629631258233585,"back":12.629631258233585,"walk_out":42.098770860778615,"walk_back":42.098770860778615},"rail-007380":{"out":24.79615160326164,"back":24.79615160326164,"walk_out":82.6538386775388,"walk_back":82.6538386775388},"rail-007364":{"out":29.55596518742838,"back":29.55596518742838,"walk_out":98.5198839580946,"walk_back":98.5198839580946},"sakuragawa":{"out":24.322900923022537,"back":24.322900923022537,"walk_out":81.07633641007513,"walk_back":81.07633641007513},"rail-007303":{"out":23.965910223743407,"back":23.965910223743407,"walk_out":79.88636741247802,"walk_back":79.88636741247802},"rail-007587":{"out":4.726028108816042,"back":4.726028108816042,"walk_out":15.753427029386804,"walk_back":15.753427029386804},"rail-007639":{"out":21.507308309212082,"back":21.507308309212082,"walk_out":71.69102769737361,"walk_back":71.69102769737361},"rail-007470":{"out":18.075113691531026,"back":18.075113691531026,"walk_out":60.25037897177008,"walk_back":60.25037897177008},"rail-007442":{"out":14.914140485370426,"back":14.914140485370426,"walk_out":49.71380161790142,"walk_back":49.71380161790142},"rail-007641":{"out":13.774524611689774,"back":13.774524611689774,"walk_out":45.91508203896591,"walk_back":45.91508203896591},"rail-007630":{"out":10.795151223138138,"back":10.795151223138138,"walk_out":35.98383741046046,"walk_back":35.98383741046046},"rail-007683":{"out":21.673044303592793,"back":21.673044303592793,"walk_out":72.24348101197597,"walk_back":72.24348101197597},"rail-007533":{"out":4.7136882878767485,"back":4.7136882878767485,"walk_out":15.712294292922497,"walk_back":15.712294292922497},"rail-007519":{"out":15.252390162846007,"back":15.252390162846007,"walk_out":50.84130054282002,"walk_back":50.84130054282002},"rail-007733":{"out":29.831459373202946,"back":29.831459373202946,"walk_out":99.4381979106765,"walk_back":99.4381979106765},"rail-007709":{"out":24.562463583473544,"back":24.562463583473544,"walk_out":81.87487861157848,"walk_back":81.87487861157848},"rail-007704":{"out":23.88078155130043,"back":23.88078155130043,"walk_out":79.60260517100143,"walk_back":79.60260517100143},"rail-007590":{"out":16.951536707509177,"back":16.951536707509177,"walk_out":56.50512235836393,"walk_back":56.50512235836393},"rail-007714":{"out":28.56752882799779,"back":28.56752882799779,"walk_out":95.22509609332597,"walk_back":95.22509609332597},"rail-007706":{"out":25.934817123459844,"back":25.934817123459844,"walk_out":86.4493904115328,"walk_back":86.4493904115328},"rail-007707":{"out":27.28218984014447,"back":27.28218984014447,"walk_out":90.94063280048157,"walk_back":90.94063280048157},"rail-007564":{"out":3.4571369493471105,"back":3.4571369493471105,"walk_out":11.523789831157034,"walk_back":11.523789831157034},"rail-007640":{"out":12.826190786728674,"back":12.826190786728674,"walk_out":42.75396928909558,"walk_back":42.75396928909558},"rail-007554":{"out":2.431696507226192,"back":2.431696507226192,"walk_out":8.105655024087305,"walk_back":8.105655024087305},"rail-007579":{"out":2.211161614854199,"back":2.211161614854199,"walk_out":7.370538716180662,"walk_back":7.370538716180662},"rail-007635":{"out":11.6053062450828,"back":11.6053062450828,"walk_out":38.684354150276,"walk_back":38.684354150276},"rail-007475":{"out":17.245828451735754,"back":17.245828451735754,"walk_out":57.48609483911918,"walk_back":57.48609483911918},"rail-007498":{"out":9.61479152781519,"back":9.61479152781519,"walk_out":32.0493050927173,"walk_back":32.0493050927173},"rail-007379":{"out":19.945345328632094,"back":19.945345328632094,"walk_out":66.48448442877364,"walk_back":66.48448442877364},"rail-007371":{"out":20.810421086083622,"back":20.810421086083622,"walk_out":69.36807028694541,"walk_back":69.36807028694541},"rail-007454":{"out":13.932768679961155,"back":13.932768679961155,"walk_out":46.44256226653718,"walk_back":46.44256226653718},"rail-007650":{"out":14.756320504060907,"back":14.756320504060907,"walk_out":49.18773501353636,"walk_back":49.18773501353636},"rail-007452":{"out":14.764643103225216,"back":14.764643103225216,"walk_out":49.21547701075072,"walk_back":49.21547701075072},"rail-007249":{"out":27.570661720936045,"back":27.570661720936045,"walk_out":91.90220573645348,"walk_back":91.90220573645348},"rail-007476":{"out":11.060865486143873,"back":11.060865486143873,"walk_out":36.86955162047958,"walk_back":36.86955162047958},"rail-007540":{"out":10.673763565127116,"back":10.673763565127116,"walk_out":35.579211883757054,"walk_back":35.579211883757054},"rail-007246":{"out":26.770096239835567,"back":26.770096239835567,"walk_out":89.23365413278523,"walk_back":89.23365413278523},"tanimachi9":{"out":25.860785651637013,"back":25.860785651637013,"walk_out":86.20261883879004,"walk_back":86.20261883879004},"tanimachi6":{"out":29.378856693000536,"back":29.378856693000536,"walk_out":97.92952231000179,"walk_back":97.92952231000179},"rail-007317":{"out":24.567350659494483,"back":24.567350659494483,"walk_out":81.89116886498161,"walk_back":81.89116886498161},"rail-007562":{"out":16.686675348333452,"back":16.686675348333452,"walk_out":55.62225116111151,"walk_back":55.62225116111151},"nagahoribashi":{"out":28.23448141076655,"back":28.23448141076655,"walk_out":94.1149380358885,"walk_back":94.1149380358885},"nagai":{"out":9.722549934837486,"back":9.722549934837486,"walk_out":32.40849978279162,"walk_back":32.40849978279162},"rail-007460":{"out":15.285642881464055,"back":15.285642881464055,"walk_out":50.95214293821351,"walk_back":50.95214293821351},"rail-007543":{"out":16.882139955198927,"back":16.882139955198927,"walk_out":56.27379985066309,"walk_back":56.27379985066309},"rail-007669":{"out":27.40373832954166,"back":27.40373832954166,"walk_out":91.34579443180553,"walk_back":91.34579443180553},"rail-007628":{"out":10.389328469919088,"back":10.389328469919088,"walk_out":34.63109489973029,"walk_back":34.63109489973029},"rail-007556":{"out":10.950032611643335,"back":10.950032611643335,"walk_out":36.500108705477786,"walk_back":36.500108705477786},"tsuruhashi":{"out":27.918040725335423,"back":27.918040725335423,"walk_out":93.06013575111808,"walk_back":93.06013575111808}}}},{"type":"Feature","geometry":{"type":"Point","coordinates":[135.48764,34.61375]},"properties":{"id":"bodik-osaka-117b2fedb8fed999f88f","name":"すみすみマルシェ","venue":"住吉公園","address":"","category":"その他","source_category":"","date":"2026-10-24","end_date":"2026-10-24","start":null,"end":null,"schedule":"","url":"https://www.toshi-kouen.jp/staticpages/index.php/sumiyoshi_top","source":"大阪府 イベント一覧（BODIK）","source_updated":"2026-09-14T08:52:41.251751","fetched_at":"2026-09-18T14:35:26.570Z","coordinate_source":"https://data.bodik.jp/ja/dataset/270008_event","fictional":false,"access":{"namba":{"out":23.767975206189984,"back":23.767975206189984,"walk_out":79.22658402063328,"walk_back":79.22658402063328},"rail-007473":{"out":29.888994712032822,"back":29.888994712032822,"walk_out":99.62998237344274,"walk_back":99.62998237344274},"rail-007283":{"out":25.36507037382659,"back":25.36507037382659,"walk_out":84.55023457942197,"walk_back":84.55023457942197},"rail-007280":{"out":25.579911189533284,"back":25.579911189533284,"walk_out":85.26637063177762,"walk_back":85.26637063177762},"rail-007552":{"out":19.449250484559396,"back":19.449250484559396,"walk_out":64.83083494853132,"walk_back":64.83083494853132},"rail-007507":{"out":22.76679468749529,"back":22.76679468749529,"walk_out":75.88931562498429,"walk_back":75.88931562498429},"rail-007506":{"out":24.950068205646815,"back":24.950068205646815,"walk_out":83.16689401882272,"walk_back":83.16689401882272},"rail-007626":{"out":9.93838565831591,"back":9.93838565831591,"walk_out":33.12795219438637,"walk_back":33.12795219438637},"rail-007693":{"out":21.232556166056916,"back":21.232556166056916,"walk_out":70.77518722018972,"walk_back":70.77518722018972},"rail-007735":{"out":28.84116976343908,"back":28.84116976343908,"walk_out":96.13723254479693,"walk_back":96.13723254479693},"rail-007494":{"out":27.289079888069004,"back":27.289079888069004,"walk_out":90.96359962689668,"walk_back":90.96359962689668},"nakamozu":{"out":26.415340839148037,"back":26.415340839148037,"walk_out":88.05113613049346,"walk_back":88.05113613049346},"kujo":{"out":26.98971708081561,"back":26.98971708081561,"walk_out":89.9657236027187,"walk_back":89.9657236027187},"rail-007407":{"out":18.0115364370522,"back":18.0115364370522,"walk_out":60.038454790173994,"walk_back":60.038454790173994},"rail-007402":{"out":18.976874078312743,"back":18.976874078312743,"walk_out":63.25624692770915,"walk_back":63.25624692770915},"rail-007529":{"out":16.85746869314108,"back":16.85746869314108,"walk_out":56.19156231047027,"walk_back":56.19156231047027},"rail-007450":{"out":15.171914254521583,"back":15.171914254521583,"walk_out":50.57304751507194,"walk_back":50.57304751507194},"rail-007459":{"out":13.978797557860384,"back":13.978797557860384,"walk_out":46.595991859534614,"walk_back":46.595991859534614},"rail-007593":{"out":3.7741200314191805,"back":3.7741200314191805,"walk_out":12.580400104730602,"walk_back":12.580400104730602},"rail-007580":{"out":5.745590386023994,"back":5.745590386023994,"walk_out":19.151967953413315,"walk_back":19.151967953413315},"rail-007567":{"out":1.5036025370412733,"back":1.5036025370412733,"walk_out":5.012008456804244,"walk_back":5.012008456804244},"rail-007573":{"out":1.071386058333291,"back":1.071386058333291,"walk_out":3.57128686111097,"walk_back":3.57128686111097},"rail-007572":{"out":3.6426148022975324,"back":3.6426148022975324,"walk_out":12.142049340991774,"walk_back":12.142049340991774},"rail-007574":{"out":1.4108330318726754,"back":1.4108330318726754,"walk_out":4.702776772908918,"walk_back":4.702776772908918},"rail-007582":{"out":28.55726434049306,"back":28.55726434049306,"walk_out":95.19088113497686,"walk_back":95.19088113497686},"rail-007524":{"out":29.537504478430503,"back":29.537504478430503,"walk_out":98.458348261435,"walk_back":98.458348261435},"dobutsuen":{"out":16.22284634147396,"back":16.22284634147396,"walk_out":54.07615447157987,"walk_back":54.07615447157987},"rail-007544":{"out":4.5231228201544385,"back":4.5231228201544385,"walk_out":15.077076067181462,"walk_back":15.077076067181462},"rail-007485":{"out":11.039168733668761,"back":11.039168733668761,"walk_out":36.7972291122292,"walk_back":36.7972291122292},"rail-007502":{"out":17.1642416649663,"back":17.1642416649663,"walk_out":57.214138883221004,"walk_back":57.214138883221004},"rail-007522":{"out":8.88735969573275,"back":8.88735969573275,"walk_out":29.624532319109168,"walk_back":29.624532319109168},"rail-007647":{"out":17.438199030129212,"back":17.438199030129212,"walk_out":58.12733010043071,"walk_back":58.12733010043071},"rail-007462":{"out":27.250982328232816,"back":27.250982328232816,"walk_out":90.83660776077605,"walk_back":90.83660776077605},"rail-007570":{"out":15.288280322881223,"back":15.288280322881223,"walk_out":50.96093440960408,"walk_back":50.96093440960408},"rail-007571":{"out":18.053803009910474,"back":18.053803009910474,"walk_out":60.17934336636824,"walk_back":60.17934336636824},"rail-007531":{"out":13.250600987110353,"back":13.250600987110353,"walk_out":44.16866995703451,"walk_back":44.16866995703451},"rail-007581":{"out":23.67986132074072,"back":23.67986132074072,"walk_out":78.93287106913573,"walk_back":78.93287106913573},"rail-007268":{"out":26.977848315553327,"back":26.977848315553327,"walk_out":89.92616105184443,"walk_back":89.92616105184443},"rail-007382":{"out":22.112024095398315,"back":22.112024095398315,"walk_out":73.70674698466105,"walk_back":73.70674698466105},"rail-007649":{"out":15.813149560538104,"back":15.813149560538104,"walk_out":52.710498535127016,"walk_back":52.710498535127016},"rail-007660":{"out":16.569587643310662,"back":16.569587643310662,"walk_out":55.23195881103554,"walk_back":55.23195881103554},"rail-007667":{"out":16.882018748272216,"back":16.882018748272216,"walk_out":56.273395827574056,"walk_back":56.273395827574056},"rail-007534":{"out":5.052504687038202,"back":5.052504687038202,"walk_out":16.84168229012734,"walk_back":16.84168229012734},"rail-007622":{"out":8.497105599012553,"back":8.497105599012553,"walk_out":28.32368533004184,"walk_back":28.32368533004184},"rail-007395":{"out":19.289249738843807,"back":19.289249738843807,"walk_out":64.29749912947936,"walk_back":64.29749912947936},"rail-007654":{"out":16.130714722218443,"back":16.130714722218443,"walk_out":53.76904907406148,"walk_back":53.76904907406148},"taisho":{"out":23.193396937408576,"back":23.193396937408576,"walk_out":77.31132312469525,"walk_back":77.31132312469525},"uehommachi":{"out":26.097895742728404,"back":26.097895742728404,"walk_out":86.99298580909469,"walk_back":86.99298580909469},"osakako":{"out":26.437548720341002,"back":26.437548720341002,"walk_out":88.12516240113668,"walk_back":88.12516240113668},"rail-007451":{"out":17.254136370616468,"back":17.254136370616468,"walk_out":57.513787902054894,"walk_back":57.513787902054894},"rail-007483":{"out":10.905725337074989,"back":10.905725337074989,"walk_out":36.35241779024996,"walk_back":36.35241779024996},"tennoji":{"out":17.48898603576542,"back":17.48898603576542,"walk_out":58.29662011921807,"walk_back":58.29662011921807},"rail-007447":{"out":17.169790509257606,"back":17.169790509257606,"walk_out":57.23263503085868,"walk_back":57.23263503085868},"rail-007515":{"out":7.792279497988862,"back":7.792279497988862,"walk_out":25.974264993296206,"walk_back":25.974264993296206},"rail-007646":{"out":13.76489790207801,"back":13.76489790207801,"walk_out":45.882993006926704,"walk_back":45.882993006926704},"rail-007532":{"out":7.314722753474328,"back":7.314722753474328,"walk_out":24.38240917824776,"walk_back":24.38240917824776},"rail-007592":{"out":3.79473927942159,"back":3.79473927942159,"walk_out":12.6491309314053,"walk_back":12.6491309314053},"rail-007666":{"out":17.56639823424142,"back":17.56639823424142,"walk_out":58.554660780804724,"walk_back":58.554660780804724},"rail-007673":{"out":19.05609316189803,"back":19.05609316189803,"walk_out":63.5203105396601,"walk_back":63.5203105396601},"rail-007434":{"out":20.11107634381742,"back":20.11107634381742,"walk_out":67.03692114605806,"walk_back":67.03692114605806},"rail-007493":{"out":9.371024503016693,"back":9.371024503016693,"walk_out":31.23674834338898,"walk_back":31.23674834338898},"rail-007517":{"out":7.324423123045335,"back":7.324423123045335,"walk_out":24.41474374348445,"walk_back":24.41474374348445},"rail-007657":{"out":24.786824749724886,"back":24.786824749724886,"walk_out":82.62274916574962,"walk_back":82.62274916574962},"rail-007538":{"out":5.354474400949221,"back":5.354474400949221,"walk_out":17.84824800316407,"walk_back":17.84824800316407},"rail-007547":{"out":5.67475072731145,"back":5.67475072731145,"walk_out":18.91583575770483,"walk_back":18.91583575770483},"rail-007559":{"out":4.492849164241722,"back":4.492849164241722,"walk_out":14.976163880805741,"walk_back":14.976163880805741},"rail-007575":{"out":10.740783894965887,"back":10.740783894965887,"walk_out":35.802612983219625,"walk_back":35.802612983219625},"rail-007505":{"out":24.423177818483683,"back":24.423177818483683,"walk_out":81.41059272827894,"walk_back":81.41059272827894},"rail-007546":{"out":22.56773364607588,"back":22.56773364607588,"walk_out":75.22577882025294,"walk_back":75.22577882025294},"bentencho":{"out":26.734073437462925,"back":26.734073437462925,"walk_out":89.11357812487643,"walk_back":89.11357812487643},"rail-007682":{"out":20.60242488178026,"back":20.60242488178026,"walk_out":68.6747496059342,"walk_back":68.6747496059342},"shinsaibashi":{"out":27.373600161502022,"back":27.373600161502022,"walk_out":91.24533387167341,"walk_back":91.24533387167341},"rail-007399":{"out":18.85187118117474,"back":18.85187118117474,"walk_out":62.839570603915796,"walk_back":62.839570603915796},"rail-007611":{"out":11.297395241194192,"back":11.297395241194192,"walk_out":37.657984137313974,"walk_back":37.657984137313974},"rail-007609":{"out":6.985523796552969,"back":6.985523796552969,"walk_out":23.28507932184323,"walk_back":23.28507932184323},"rail-007595":{"out":8.740300802399027,"back":8.740300802399027,"walk_out":29.134336007996755,"walk_back":29.134336007996755},"rail-007607":{"out":6.00273678135479,"back":6.00273678135479,"walk_out":20.009122604515966,"walk_back":20.009122604515966},"rail-007486":{"out":14.908090259884784,"back":14.908090259884784,"walk_out":49.69363419961594,"walk_back":49.69363419961594},"shinimamiya":{"out":16.89428520420694,"back":16.89428520420694,"walk_out":56.31428401402314,"walk_back":56.31428401402314},"rail-007427":{"out":16.924087969444077,"back":16.924087969444077,"walk_out":56.41362656481359,"walk_back":56.41362656481359},"rail-007690":{"out":22.64526229867446,"back":22.64526229867446,"walk_out":75.4842076622482,"walk_back":75.4842076622482},"nipponbashi":{"out":24.444266670735217,"back":24.444266670735217,"walk_out":81.48088890245072,"walk_back":81.48088890245072},"rail-007499":{"out":13.700141685634259,"back":13.700141685634259,"walk_out":45.66713895211419,"walk_back":45.66713895211419},"rail-007370":{"out":25.306171229590618,"back":25.306171229590618,"walk_out":84.35390409863538,"walk_back":84.35390409863538},"rail-007406":{"out":18.267564189224515,"back":18.267564189224515,"walk_out":60.891880630748375,"walk_back":60.891880630748375},"rail-007623":{"out":10.807393308398025,"back":10.807393308398025,"walk_out":36.02464436132675,"walk_back":36.02464436132675},"rail-007500":{"out":11.305942150683842,"back":11.305942150683842,"walk_out":37.68647383561281,"walk_back":37.68647383561281},"rail-007699":{"out":23.603480540728864,"back":23.603480540728864,"walk_out":78.67826846909621,"walk_back":78.67826846909621},"rail-007525":{"out":6.579252741797293,"back":6.579252741797293,"walk_out":21.930842472657645,"walk_back":21.930842472657645},"rail-007553":{"out":2.693245331212966,"back":2.693245331212966,"walk_out":8.977484437376553,"walk_back":8.977484437376553},"rail-007479":{"out":21.275063081569865,"back":21.275063081569865,"walk_out":70.91687693856622,"walk_back":70.91687693856622},"rail-007250":{"out":28.935071413062772,"back":28.935071413062772,"walk_out":96.45023804354258,"walk_back":96.45023804354258},"rail-007472":{"out":12.425380493479487,"back":12.425380493479487,"walk_out":41.41793497826496,"walk_back":41.41793497826496},"rail-007487":{"out":12.629631258233585,"back":12.629631258233585,"walk_out":42.098770860778615,"walk_back":42.098770860778615},"rail-007380":{"out":24.79615160326164,"back":24.79615160326164,"walk_out":82.6538386775388,"walk_back":82.6538386775388},"rail-007364":{"out":29.55596518742838,"back":29.55596518742838,"walk_out":98.5198839580946,"walk_back":98.5198839580946},"sakuragawa":{"out":24.322900923022537,"back":24.322900923022537,"walk_out":81.07633641007513,"walk_back":81.07633641007513},"rail-007303":{"out":23.965910223743407,"back":23.965910223743407,"walk_out":79.88636741247802,"walk_back":79.88636741247802},"rail-007587":{"out":4.726028108816042,"back":4.726028108816042,"walk_out":15.753427029386804,"walk_back":15.753427029386804},"rail-007639":{"out":21.507308309212082,"back":21.507308309212082,"walk_out":71.69102769737361,"walk_back":71.69102769737361},"rail-007470":{"out":18.075113691531026,"back":18.075113691531026,"walk_out":60.25037897177008,"walk_back":60.25037897177008},"rail-007442":{"out":14.914140485370426,"back":14.914140485370426,"walk_out":49.71380161790142,"walk_back":49.71380161790142},"rail-007641":{"out":13.774524611689774,"back":13.774524611689774,"walk_out":45.91508203896591,"walk_back":45.91508203896591},"rail-007630":{"out":10.795151223138138,"back":10.795151223138138,"walk_out":35.98383741046046,"walk_back":35.98383741046046},"rail-007683":{"out":21.673044303592793,"back":21.673044303592793,"walk_out":72.24348101197597,"walk_back":72.24348101197597},"rail-007533":{"out":4.7136882878767485,"back":4.7136882878767485,"walk_out":15.712294292922497,"walk_back":15.712294292922497},"rail-007519":{"out":15.252390162846007,"back":15.252390162846007,"walk_out":50.84130054282002,"walk_back":50.84130054282002},"rail-007733":{"out":29.831459373202946,"back":29.831459373202946,"walk_out":99.4381979106765,"walk_back":99.4381979106765},"rail-007709":{"out":24.562463583473544,"back":24.562463583473544,"walk_out":81.87487861157848,"walk_back":81.87487861157848},"rail-007704":{"out":23.88078155130043,"back":23.88078155130043,"walk_out":79.60260517100143,"walk_back":79.60260517100143},"rail-007590":{"out":16.951536707509177,"back":16.951536707509177,"walk_out":56.50512235836393,"walk_back":56.50512235836393},"rail-007714":{"out":28.56752882799779,"back":28.56752882799779,"walk_out":95.22509609332597,"walk_back":95.22509609332597},"rail-007706":{"out":25.934817123459844,"back":25.934817123459844,"walk_out":86.4493904115328,"walk_back":86.4493904115328},"rail-007707":{"out":27.28218984014447,"back":27.28218984014447,"walk_out":90.94063280048157,"walk_back":90.94063280048157},"rail-007564":{"out":3.4571369493471105,"back":3.4571369493471105,"walk_out":11.523789831157034,"walk_back":11.523789831157034},"rail-007640":{"out":12.826190786728674,"back":12.826190786728674,"walk_out":42.75396928909558,"walk_back":42.75396928909558},"rail-007554":{"out":2.431696507226192,"back":2.431696507226192,"walk_out":8.105655024087305,"walk_back":8.105655024087305},"rail-007579":{"out":2.211161614854199,"back":2.211161614854199,"walk_out":7.370538716180662,"walk_back":7.370538716180662},"rail-007635":{"out":11.6053062450828,"back":11.6053062450828,"walk_out":38.684354150276,"walk_back":38.684354150276},"rail-007475":{"out":17.245828451735754,"back":17.245828451735754,"walk_out":57.48609483911918,"walk_back":57.48609483911918},"rail-007498":{"out":9.61479152781519,"back":9.61479152781519,"walk_out":32.0493050927173,"walk_back":32.0493050927173},"rail-007379":{"out":19.945345328632094,"back":19.945345328632094,"walk_out":66.48448442877364,"walk_back":66.48448442877364},"rail-007371":{"out":20.810421086083622,"back":20.810421086083622,"walk_out":69.36807028694541,"walk_back":69.36807028694541},"rail-007454":{"out":13.932768679961155,"back":13.932768679961155,"walk_out":46.44256226653718,"walk_back":46.44256226653718},"rail-007650":{"out":14.756320504060907,"back":14.756320504060907,"walk_out":49.18773501353636,"walk_back":49.18773501353636},"rail-007452":{"out":14.764643103225216,"back":14.764643103225216,"walk_out":49.21547701075072,"walk_back":49.21547701075072},"rail-007249":{"out":27.570661720936045,"back":27.570661720936045,"walk_out":91.90220573645348,"walk_back":91.90220573645348},"rail-007476":{"out":11.060865486143873,"back":11.060865486143873,"walk_out":36.86955162047958,"walk_back":36.86955162047958},"rail-007540":{"out":10.673763565127116,"back":10.673763565127116,"walk_out":35.579211883757054,"walk_back":35.579211883757054},"rail-007246":{"out":26.770096239835567,"back":26.770096239835567,"walk_out":89.23365413278523,"walk_back":89.23365413278523},"tanimachi9":{"out":25.860785651637013,"back":25.860785651637013,"walk_out":86.20261883879004,"walk_back":86.20261883879004},"tanimachi6":{"out":29.378856693000536,"back":29.378856693000536,"walk_out":97.92952231000179,"walk_back":97.92952231000179},"rail-007317":{"out":24.567350659494483,"back":24.567350659494483,"walk_out":81.89116886498161,"walk_back":81.89116886498161},"rail-007562":{"out":16.686675348333452,"back":16.686675348333452,"walk_out":55.62225116111151,"walk_back":55.62225116111151},"nagahoribashi":{"out":28.23448141076655,"back":28.23448141076655,"walk_out":94.1149380358885,"walk_back":94.1149380358885},"nagai":{"out":9.722549934837486,"back":9.722549934837486,"walk_out":32.40849978279162,"walk_back":32.40849978279162},"rail-007460":{"out":15.285642881464055,"back":15.285642881464055,"walk_out":50.95214293821351,"walk_back":50.95214293821351},"rail-007543":{"out":16.882139955198927,"back":16.882139955198927,"walk_out":56.27379985066309,"walk_back":56.27379985066309},"rail-007669":{"out":27.40373832954166,"back":27.40373832954166,"walk_out":91.34579443180553,"walk_back":91.34579443180553},"rail-007628":{"out":10.389328469919088,"back":10.389328469919088,"walk_out":34.63109489973029,"walk_back":34.63109489973029},"rail-007556":{"out":10.950032611643335,"back":10.950032611643335,"walk_out":36.500108705477786,"walk_back":36.500108705477786},"tsuruhashi":{"out":27.918040725335423,"back":27.918040725335423,"walk_out":93.06013575111808,"walk_back":93.06013575111808}}}},{"type":"Feature","geometry":{"type":"Point","coordinates":[135.5788,34.63141]},"properties":{"id":"bodik-osaka-ec8000afd892da625a7c","name":"久宝寺こうえんマルシェ","venue":"久宝寺緑地","address":"","category":"その他","source_category":"","date":"2026-10-25","end_date":"2026-10-25","start":null,"end":null,"schedule":"","url":"https://kyuhoji-marche.jimdofree.com/","source":"大阪府 イベント一覧（BODIK）","source_updated":"2026-09-14T08:52:41.251751","fetched_at":"2026-09-18T14:35:26.570Z","coordinate_source":"https://data.bodik.jp/ja/dataset/270008_event","fictional":false,"access":{"rail-007376":{"out":12.3360863913444,"back":12.3360863913444,"walk_out":41.120287971148,"walk_back":41.120287971148},"rail-007344":{"out":14.833195010312476,"back":14.833195010312476,"walk_out":49.443983367708256,"walk_back":49.443983367708256},"rail-007422":{"out":8.815085537781805,"back":8.815085537781805,"walk_out":29.383618459272682,"walk_back":29.383618459272682},"kyuhoji":{"out":4.5327503034730015,"back":4.5327503034730015,"walk_out":15.109167678243338,"walk_back":15.109167678243338},"rail-007491":{"out":4.5313010230363195,"back":4.5313010230363195,"walk_out":15.1043367434544,"walk_back":15.1043367434544},"rail-007529":{"out":17.60646567801607,"back":17.60646567801607,"walk_out":58.68821892672024,"walk_back":58.68821892672024},"rail-007450":{"out":28.70687434162788,"back":28.70687434162788,"walk_out":95.6895811387596,"walk_back":95.6895811387596},"rail-007459":{"out":28.677672229759636,"back":28.677672229759636,"walk_out":95.59224076586545,"walk_back":95.59224076586545},"rail-007284":{"out":20.874050828737538,"back":20.874050828737538,"walk_out":69.58016942912512,"walk_back":69.58016942912512},"rail-007342":{"out":18.202018757829997,"back":18.202018757829997,"walk_out":60.67339585943333,"walk_back":60.67339585943333},"rail-007378":{"out":12.36736585833943,"back":12.36736585833943,"walk_out":41.22455286113143,"walk_back":41.22455286113143},"rail-007549":{"out":23.72916130545068,"back":23.72916130545068,"walk_out":79.09720435150227,"walk_back":79.09720435150227},"rail-007560":{"out":9.168430406691996,"back":9.168430406691996,"walk_out":30.56143468897332,"walk_back":30.56143468897332},"rail-007618":{"out":15.27376964483595,"back":15.27376964483595,"walk_out":50.91256548278649,"walk_back":50.91256548278649},"rail-007351":{"out":14.888633534461793,"back":14.888633534461793,"walk_out":49.62877844820597,"walk_back":49.62877844820597},"rail-007582":{"out":11.092482224895164,"back":11.092482224895164,"walk_out":36.97494074965054,"walk_back":36.97494074965054},"rail-007524":{"out":4.8502657388788295,"back":4.8502657388788295,"walk_out":16.167552462929432,"walk_back":16.167552462929432},"dobutsuen":{"out":28.58622355596859,"back":28.58622355596859,"walk_out":95.28741185322863,"walk_back":95.28741185322863},"rail-007485":{"out":28.84750342346281,"back":28.84750342346281,"walk_out":96.15834474487603,"walk_back":96.15834474487603},"rail-007412":{"out":13.053082955677729,"back":13.053082955677729,"walk_out":43.510276518925764,"walk_back":43.510276518925764},"rail-007502":{"out":18.249595776689237,"back":18.249595776689237,"walk_out":60.83198592229745,"walk_back":60.83198592229745},"rail-007522":{"out":26.89441899033533,"back":26.89441899033533,"walk_out":89.64806330111776,"walk_back":89.64806330111776},"rail-007462":{"out":10.65761179448601,"back":10.65761179448601,"walk_out":35.5253726482867,"walk_back":35.5253726482867},"rail-007531":{"out":21.359005619253065,"back":21.359005619253065,"walk_out":71.19668539751022,"walk_back":71.19668539751022},"rail-007213":{"out":27.44601767773998,"back":27.44601767773998,"walk_out":91.4867255924666,"walk_back":91.4867255924666},"rail-007581":{"out":13.901609035314568,"back":13.901609035314568,"walk_out":46.338696784381895,"walk_back":46.338696784381895},"rail-007382":{"out":26.51872604929057,"back":26.51872604929057,"walk_out":88.39575349763523,"walk_back":88.39575349763523},"rail-007676":{"out":29.815966049304677,"back":29.815966049304677,"walk_out":99.38655349768226,"walk_back":99.38655349768226},"rail-007633":{"out":26.093333793129435,"back":26.093333793129435,"walk_out":86.97777931043144,"walk_back":86.97777931043144},"uehommachi":{"out":25.924218434239364,"back":25.924218434239364,"walk_out":86.41406144746455,"walk_back":86.41406144746455},"rail-007164":{"out":29.900442736915018,"back":29.900442736915018,"walk_out":99.66814245638339,"walk_back":99.66814245638339},"rail-007451":{"out":24.36135665780537,"back":24.36135665780537,"walk_out":81.20452219268456,"walk_back":81.20452219268456},"tennoji":{"out":24.432570102639293,"back":24.432570102639293,"walk_out":81.44190034213098,"walk_back":81.44190034213098},"rail-007447":{"out":24.96364928629508,"back":24.96364928629508,"walk_out":83.21216428765027,"walk_back":83.21216428765027},"rail-007515":{"out":29.697497655368245,"back":29.697497655368245,"walk_out":98.99165885122748,"walk_back":98.99165885122748},"rail-007532":{"out":27.870309916401126,"back":27.870309916401126,"walk_out":92.90103305467042,"walk_back":92.90103305467042},"rail-007653":{"out":29.29315856133514,"back":29.29315856133514,"walk_out":97.64386187111714,"walk_back":97.64386187111714},"rail-007434":{"out":21.49628591094289,"back":21.49628591094289,"walk_out":71.65428636980964,"walk_back":71.65428636980964},"rail-007368":{"out":15.65820958409393,"back":15.65820958409393,"walk_out":52.19403194697977,"walk_back":52.19403194697977},"rail-007657":{"out":27.84800140782502,"back":27.84800140782502,"walk_out":92.82667135941674,"walk_back":92.82667135941674},"fuse":{"out":15.56499408505987,"back":15.56499408505987,"walk_out":51.88331361686624,"walk_back":51.88331361686624},"rail-007538":{"out":29.743590438227383,"back":29.743590438227383,"walk_out":99.14530146075793,"walk_back":99.14530146075793},"rail-007547":{"out":28.971083287543994,"back":28.971083287543994,"walk_out":96.57027762514664,"walk_back":96.57027762514664},"rail-007559":{"out":29.852169969679448,"back":29.852169969679448,"walk_out":99.50723323226482,"walk_back":99.50723323226482},"rail-007505":{"out":10.16745600539689,"back":10.16745600539689,"walk_out":33.891520017989635,"walk_back":33.891520017989635},"rail-007546":{"out":11.954905897862298,"back":11.954905897862298,"walk_out":39.84968632620766,"walk_back":39.84968632620766},"rail-007468":{"out":4.750252733120279,"back":4.750252733120279,"walk_out":15.834175777067596,"walk_back":15.834175777067596},"rail-007131":{"out":27.184085590346967,"back":27.184085590346967,"walk_out":90.6136186344899,"walk_back":90.6136186344899},"rail-007606":{"out":19.380910945584397,"back":19.380910945584397,"walk_out":64.60303648528132,"walk_back":64.60303648528132},"rail-007578":{"out":19.843582531803175,"back":19.843582531803175,"walk_out":66.14527510601059,"walk_back":66.14527510601059},"rail-007674":{"out":25.82351270967732,"back":25.82351270967732,"walk_out":86.0783756989244,"walk_back":86.0783756989244},"rail-007399":{"out":28.780336553557433,"back":28.780336553557433,"walk_out":95.93445517852477,"walk_back":95.93445517852477},"rail-007611":{"out":28.13203171125882,"back":28.13203171125882,"walk_out":93.77343903752939,"walk_back":93.77343903752939},"rail-007595":{"out":29.28838482370203,"back":29.28838482370203,"walk_out":97.62794941234012,"walk_back":97.62794941234012},"rail-007162":{"out":25.81378593178628,"back":25.81378593178628,"walk_out":86.04595310595427,"walk_back":86.04595310595427},"rail-007486":{"out":22.23355409459852,"back":22.23355409459852,"walk_out":74.11184698199507,"walk_back":74.11184698199507},"shinimamiya":{"out":29.356807521071584,"back":29.356807521071584,"walk_out":97.85602507023862,"walk_back":97.85602507023862},"rail-007427":{"out":28.753358650968693,"back":28.753358650968693,"walk_out":95.8445288365623,"walk_back":95.8445288365623},"rail-007523":{"out":4.333110288140507,"back":4.333110288140507,"walk_out":14.443700960468355,"walk_back":14.443700960468355},"rail-007297":{"out":18.66808296958844,"back":18.66808296958844,"walk_out":62.226943231961464,"walk_back":62.226943231961464},"rail-007499":{"out":22.669900418391084,"back":22.669900418391084,"walk_out":75.56633472797029,"walk_back":75.56633472797029},"rail-007528":{"out":22.92912763257913,"back":22.92912763257913,"walk_out":76.43042544193044,"walk_back":76.43042544193044},"rail-007500":{"out":25.73623519494858,"back":25.73623519494858,"walk_out":85.7874506498286,"walk_back":85.7874506498286},"higashihanazono":{"out":22.313979088580744,"back":22.313979088580744,"walk_out":74.37993029526915,"walk_back":74.37993029526915},"rail-007479":{"out":15.338846204505753,"back":15.338846204505753,"walk_out":51.12948734835251,"walk_back":51.12948734835251},"rail-007472":{"out":28.724876441683573,"back":28.724876441683573,"walk_out":95.74958813894524,"walk_back":95.74958813894524},"rail-007487":{"out":25.300283883611595,"back":25.300283883611595,"walk_out":84.33427961203866,"walk_back":84.33427961203866},"rail-007636":{"out":25.683719016502522,"back":25.683719016502522,"walk_out":85.61239672167507,"walk_back":85.61239672167507},"rail-007652":{"out":27.86035714196441,"back":27.86035714196441,"walk_out":92.86785713988137,"walk_back":92.86785713988137},"rail-007380":{"out":22.159354951053253,"back":22.159354951053253,"walk_out":73.86451650351084,"walk_back":73.86451650351084},"morinomiya":{"out":28.024875674129362,"back":28.024875674129362,"walk_out":93.41625224709787,"walk_back":93.41625224709787},"rail-007639":{"out":25.735905794213593,"back":25.735905794213593,"walk_out":85.78635264737865,"walk_back":85.78635264737865},"rail-007350":{"out":14.515811004137934,"back":14.515811004137934,"walk_out":48.386036680459775,"walk_back":48.386036680459775},"kawachi_yamamoto":{"out":14.8558630861602,"back":14.8558630861602,"walk_out":49.519543620534,"walk_back":49.519543620534},"rail-007668":{"out":26.07307764288168,"back":26.07307764288168,"walk_out":86.91025880960561,"walk_back":86.91025880960561},"rail-007345":{"out":14.750474298547847,"back":14.750474298547847,"walk_out":49.16824766182616,"walk_back":49.16824766182616},"rail-007359":{"out":20.10963787132724,"back":20.10963787132724,"walk_out":67.03212623775747,"walk_back":67.03212623775747},"rail-007470":{"out":20.41804401582414,"back":20.41804401582414,"walk_out":68.0601467194138,"walk_back":68.0601467194138},"rail-007621":{"out":23.69958669304543,"back":23.69958669304543,"walk_out":78.99862231015143,"walk_back":78.99862231015143},"fukaebashi":{"out":22.718026710549125,"back":22.718026710549125,"walk_out":75.72675570183041,"walk_back":75.72675570183041},"rail-007260":{"out":25.162452572878067,"back":25.162452572878067,"walk_out":83.87484190959356,"walk_back":83.87484190959356},"rail-007365":{"out":25.935726305786226,"back":25.935726305786226,"walk_out":86.45242101928743,"walk_back":86.45242101928743},"rail-007519":{"out":19.65222217326981,"back":19.65222217326981,"walk_out":65.5074072442327,"walk_back":65.5074072442327},"rail-007590":{"out":20.255447172771774,"back":20.255447172771774,"walk_out":67.51815724257257,"walk_back":67.51815724257257},"rail-007201":{"out":25.172849591053637,"back":25.172849591053637,"walk_out":83.90949863684546,"walk_back":83.90949863684546},"rail-007475":{"out":20.389616893775678,"back":20.389616893775678,"walk_out":67.96538964591892,"walk_back":67.96538964591892},"rail-007498":{"out":29.045491402374232,"back":29.045491402374232,"walk_out":96.81830467458077,"walk_back":96.81830467458077},"rail-007354":{"out":17.76928185610558,"back":17.76928185610558,"walk_out":59.23093952035193,"walk_back":59.23093952035193},"rail-007234":{"out":23.083134776255484,"back":23.083134776255484,"walk_out":76.94378258751827,"walk_back":76.94378258751827},"rail-007452":{"out":29.857843112677283,"back":29.857843112677283,"walk_out":99.52614370892428,"walk_back":99.52614370892428},"rail-007678":{"out":27.21513137281386,"back":27.21513137281386,"walk_out":90.71710457604621,"walk_back":90.71710457604621},"rail-007477":{"out":5.292671039364361,"back":5.292671039364361,"walk_out":17.642236797881203,"walk_back":17.642236797881203},"rail-007540":{"out":23.68778514471783,"back":23.68778514471783,"walk_out":78.9592838157261,"walk_back":78.9592838157261},"tanimachi9":{"out":27.969189761189032,"back":27.969189761189032,"walk_out":93.23063253729677,"walk_back":93.23063253729677},"tanimachi6":{"out":29.825386665913907,"back":29.825386665913907,"walk_out":99.41795555304635,"walk_back":99.41795555304635},"kintetsu_yao":{"out":9.08339652161075,"back":9.08339652161075,"walk_out":30.277988405369168,"walk_back":30.277988405369168},"rail-007562":{"out":17.922425460140573,"back":17.922425460140573,"walk_out":59.74141820046858,"walk_back":59.74141820046858},"rail-007594":{"out":12.996870207822015,"back":12.996870207822015,"walk_out":43.32290069274005,"walk_back":43.32290069274005},"nagai":{"out":25.625670018062074,"back":25.625670018062074,"walk_out":85.41890006020691,"walk_back":85.41890006020691},"rail-007425":{"out":8.215521998023233,"back":8.215521998023233,"walk_out":27.38507332674411,"walk_back":27.38507332674411},"nagata":{"out":21.601972738646726,"back":21.601972738646726,"walk_out":72.00657579548908,"walk_back":72.00657579548908},"rail-007460":{"out":24.94714050690037,"back":24.94714050690037,"walk_out":83.15713502300123,"walk_back":83.15713502300123},"rail-007543":{"out":17.406065053200173,"back":17.406065053200173,"walk_out":58.02021684400057,"walk_back":58.02021684400057},"rail-007235":{"out":21.06543401803524,"back":21.06543401803524,"walk_out":70.21811339345079,"walk_back":70.21811339345079},"rail-007229":{"out":21.219897472779472,"back":21.219897472779472,"walk_out":70.73299157593156,"walk_back":70.73299157593156},"rail-007551":{"out":17.47660131835153,"back":17.47660131835153,"walk_out":58.25533772783844,"walk_back":58.25533772783844},"rail-007569":{"out":28.43112932573508,"back":28.43112932573508,"walk_out":94.7704310857836,"walk_back":94.7704310857836},"rail-007669":{"out":27.74257075464811,"back":27.74257075464811,"walk_out":92.47523584882703,"walk_back":92.47523584882703},"rail-007679":{"out":26.733241185337057,"back":26.733241185337057,"walk_out":89.11080395112351,"walk_back":89.11080395112351},"rail-007125":{"out":29.935945697977782,"back":29.935945697977782,"walk_out":99.78648565992594,"walk_back":99.78648565992594},"rail-007556":{"out":23.354118957231663,"back":23.354118957231663,"walk_out":77.84706319077222,"walk_back":77.84706319077222},"tsuruhashi":{"out":23.39538296941601,"back":23.39538296941601,"walk_out":77.98460989805336,"walk_back":77.98460989805336}}}},{"type":"Feature","geometry":{"type":"Point","coordinates":[135.5788,34.63141]},"properties":{"id":"bodik-osaka-e520625a7b3df75abef3","name":"公園インフォメーションワークショップ","venue":"久宝寺緑地","address":"","category":"その他","source_category":"","date":"2026-10-25","end_date":"2026-10-25","start":null,"end":null,"schedule":"","url":"https://kyuhoji-ryokuchi.jp/","source":"大阪府 イベント一覧（BODIK）","source_updated":"2026-09-14T08:52:41.251751","fetched_at":"2026-09-18T14:35:26.570Z","coordinate_source":"https://data.bodik.jp/ja/dataset/270008_event","fictional":false,"access":{"rail-007376":{"out":12.3360863913444,"back":12.3360863913444,"walk_out":41.120287971148,"walk_back":41.120287971148},"rail-007344":{"out":14.833195010312476,"back":14.833195010312476,"walk_out":49.443983367708256,"walk_back":49.443983367708256},"rail-007422":{"out":8.815085537781805,"back":8.815085537781805,"walk_out":29.383618459272682,"walk_back":29.383618459272682},"kyuhoji":{"out":4.5327503034730015,"back":4.5327503034730015,"walk_out":15.109167678243338,"walk_back":15.109167678243338},"rail-007491":{"out":4.5313010230363195,"back":4.5313010230363195,"walk_out":15.1043367434544,"walk_back":15.1043367434544},"rail-007529":{"out":17.60646567801607,"back":17.60646567801607,"walk_out":58.68821892672024,"walk_back":58.68821892672024},"rail-007450":{"out":28.70687434162788,"back":28.70687434162788,"walk_out":95.6895811387596,"walk_back":95.6895811387596},"rail-007459":{"out":28.677672229759636,"back":28.677672229759636,"walk_out":95.59224076586545,"walk_back":95.59224076586545},"rail-007284":{"out":20.874050828737538,"back":20.874050828737538,"walk_out":69.58016942912512,"walk_back":69.58016942912512},"rail-007342":{"out":18.202018757829997,"back":18.202018757829997,"walk_out":60.67339585943333,"walk_back":60.67339585943333},"rail-007378":{"out":12.36736585833943,"back":12.36736585833943,"walk_out":41.22455286113143,"walk_back":41.22455286113143},"rail-007549":{"out":23.72916130545068,"back":23.72916130545068,"walk_out":79.09720435150227,"walk_back":79.09720435150227},"rail-007560":{"out":9.168430406691996,"back":9.168430406691996,"walk_out":30.56143468897332,"walk_back":30.56143468897332},"rail-007618":{"out":15.27376964483595,"back":15.27376964483595,"walk_out":50.91256548278649,"walk_back":50.91256548278649},"rail-007351":{"out":14.888633534461793,"back":14.888633534461793,"walk_out":49.62877844820597,"walk_back":49.62877844820597},"rail-007582":{"out":11.092482224895164,"back":11.092482224895164,"walk_out":36.97494074965054,"walk_back":36.97494074965054},"rail-007524":{"out":4.8502657388788295,"back":4.8502657388788295,"walk_out":16.167552462929432,"walk_back":16.167552462929432},"dobutsuen":{"out":28.58622355596859,"back":28.58622355596859,"walk_out":95.28741185322863,"walk_back":95.28741185322863},"rail-007485":{"out":28.84750342346281,"back":28.84750342346281,"walk_out":96.15834474487603,"walk_back":96.15834474487603},"rail-007412":{"out":13.053082955677729,"back":13.053082955677729,"walk_out":43.510276518925764,"walk_back":43.510276518925764},"rail-007502":{"out":18.249595776689237,"back":18.249595776689237,"walk_out":60.83198592229745,"walk_back":60.83198592229745},"rail-007522":{"out":26.89441899033533,"back":26.89441899033533,"walk_out":89.64806330111776,"walk_back":89.64806330111776},"rail-007462":{"out":10.65761179448601,"back":10.65761179448601,"walk_out":35.5253726482867,"walk_back":35.5253726482867},"rail-007531":{"out":21.359005619253065,"back":21.359005619253065,"walk_out":71.19668539751022,"walk_back":71.19668539751022},"rail-007213":{"out":27.44601767773998,"back":27.44601767773998,"walk_out":91.4867255924666,"walk_back":91.4867255924666},"rail-007581":{"out":13.901609035314568,"back":13.901609035314568,"walk_out":46.338696784381895,"walk_back":46.338696784381895},"rail-007382":{"out":26.51872604929057,"back":26.51872604929057,"walk_out":88.39575349763523,"walk_back":88.39575349763523},"rail-007676":{"out":29.815966049304677,"back":29.815966049304677,"walk_out":99.38655349768226,"walk_back":99.38655349768226},"rail-007633":{"out":26.093333793129435,"back":26.093333793129435,"walk_out":86.97777931043144,"walk_back":86.97777931043144},"uehommachi":{"out":25.924218434239364,"back":25.924218434239364,"walk_out":86.41406144746455,"walk_back":86.41406144746455},"rail-007164":{"out":29.900442736915018,"back":29.900442736915018,"walk_out":99.66814245638339,"walk_back":99.66814245638339},"rail-007451":{"out":24.36135665780537,"back":24.36135665780537,"walk_out":81.20452219268456,"walk_back":81.20452219268456},"tennoji":{"out":24.432570102639293,"back":24.432570102639293,"walk_out":81.44190034213098,"walk_back":81.44190034213098},"rail-007447":{"out":24.96364928629508,"back":24.96364928629508,"walk_out":83.21216428765027,"walk_back":83.21216428765027},"rail-007515":{"out":29.697497655368245,"back":29.697497655368245,"walk_out":98.99165885122748,"walk_back":98.99165885122748},"rail-007532":{"out":27.870309916401126,"back":27.870309916401126,"walk_out":92.90103305467042,"walk_back":92.90103305467042},"rail-007653":{"out":29.29315856133514,"back":29.29315856133514,"walk_out":97.64386187111714,"walk_back":97.64386187111714},"rail-007434":{"out":21.49628591094289,"back":21.49628591094289,"walk_out":71.65428636980964,"walk_back":71.65428636980964},"rail-007368":{"out":15.65820958409393,"back":15.65820958409393,"walk_out":52.19403194697977,"walk_back":52.19403194697977},"rail-007657":{"out":27.84800140782502,"back":27.84800140782502,"walk_out":92.82667135941674,"walk_back":92.82667135941674},"fuse":{"out":15.56499408505987,"back":15.56499408505987,"walk_out":51.88331361686624,"walk_back":51.88331361686624},"rail-007538":{"out":29.743590438227383,"back":29.743590438227383,"walk_out":99.14530146075793,"walk_back":99.14530146075793},"rail-007547":{"out":28.971083287543994,"back":28.971083287543994,"walk_out":96.57027762514664,"walk_back":96.57027762514664},"rail-007559":{"out":29.852169969679448,"back":29.852169969679448,"walk_out":99.50723323226482,"walk_back":99.50723323226482},"rail-007505":{"out":10.16745600539689,"back":10.16745600539689,"walk_out":33.891520017989635,"walk_back":33.891520017989635},"rail-007546":{"out":11.954905897862298,"back":11.954905897862298,"walk_out":39.84968632620766,"walk_back":39.84968632620766},"rail-007468":{"out":4.750252733120279,"back":4.750252733120279,"walk_out":15.834175777067596,"walk_back":15.834175777067596},"rail-007131":{"out":27.184085590346967,"back":27.184085590346967,"walk_out":90.6136186344899,"walk_back":90.6136186344899},"rail-007606":{"out":19.380910945584397,"back":19.380910945584397,"walk_out":64.60303648528132,"walk_back":64.60303648528132},"rail-007578":{"out":19.843582531803175,"back":19.843582531803175,"walk_out":66.14527510601059,"walk_back":66.14527510601059},"rail-007674":{"out":25.82351270967732,"back":25.82351270967732,"walk_out":86.0783756989244,"walk_back":86.0783756989244},"rail-007399":{"out":28.780336553557433,"back":28.780336553557433,"walk_out":95.93445517852477,"walk_back":95.93445517852477},"rail-007611":{"out":28.13203171125882,"back":28.13203171125882,"walk_out":93.77343903752939,"walk_back":93.77343903752939},"rail-007595":{"out":29.28838482370203,"back":29.28838482370203,"walk_out":97.62794941234012,"walk_back":97.62794941234012},"rail-007162":{"out":25.81378593178628,"back":25.81378593178628,"walk_out":86.04595310595427,"walk_back":86.04595310595427},"rail-007486":{"out":22.23355409459852,"back":22.23355409459852,"walk_out":74.11184698199507,"walk_back":74.11184698199507},"shinimamiya":{"out":29.356807521071584,"back":29.356807521071584,"walk_out":97.85602507023862,"walk_back":97.85602507023862},"rail-007427":{"out":28.753358650968693,"back":28.753358650968693,"walk_out":95.8445288365623,"walk_back":95.8445288365623},"rail-007523":{"out":4.333110288140507,"back":4.333110288140507,"walk_out":14.443700960468355,"walk_back":14.443700960468355},"rail-007297":{"out":18.66808296958844,"back":18.66808296958844,"walk_out":62.226943231961464,"walk_back":62.226943231961464},"rail-007499":{"out":22.669900418391084,"back":22.669900418391084,"walk_out":75.56633472797029,"walk_back":75.56633472797029},"rail-007528":{"out":22.92912763257913,"back":22.92912763257913,"walk_out":76.43042544193044,"walk_back":76.43042544193044},"rail-007500":{"out":25.73623519494858,"back":25.73623519494858,"walk_out":85.7874506498286,"walk_back":85.7874506498286},"higashihanazono":{"out":22.313979088580744,"back":22.313979088580744,"walk_out":74.37993029526915,"walk_back":74.37993029526915},"rail-007479":{"out":15.338846204505753,"back":15.338846204505753,"walk_out":51.12948734835251,"walk_back":51.12948734835251},"rail-007472":{"out":28.724876441683573,"back":28.724876441683573,"walk_out":95.74958813894524,"walk_back":95.74958813894524},"rail-007487":{"out":25.300283883611595,"back":25.300283883611595,"walk_out":84.33427961203866,"walk_back":84.33427961203866},"rail-007636":{"out":25.683719016502522,"back":25.683719016502522,"walk_out":85.61239672167507,"walk_back":85.61239672167507},"rail-007652":{"out":27.86035714196441,"back":27.86035714196441,"walk_out":92.86785713988137,"walk_back":92.86785713988137},"rail-007380":{"out":22.159354951053253,"back":22.159354951053253,"walk_out":73.86451650351084,"walk_back":73.86451650351084},"morinomiya":{"out":28.024875674129362,"back":28.024875674129362,"walk_out":93.41625224709787,"walk_back":93.41625224709787},"rail-007639":{"out":25.735905794213593,"back":25.735905794213593,"walk_out":85.78635264737865,"walk_back":85.78635264737865},"rail-007350":{"out":14.515811004137934,"back":14.515811004137934,"walk_out":48.386036680459775,"walk_back":48.386036680459775},"kawachi_yamamoto":{"out":14.8558630861602,"back":14.8558630861602,"walk_out":49.519543620534,"walk_back":49.519543620534},"rail-007668":{"out":26.07307764288168,"back":26.07307764288168,"walk_out":86.91025880960561,"walk_back":86.91025880960561},"rail-007345":{"out":14.750474298547847,"back":14.750474298547847,"walk_out":49.16824766182616,"walk_back":49.16824766182616},"rail-007359":{"out":20.10963787132724,"back":20.10963787132724,"walk_out":67.03212623775747,"walk_back":67.03212623775747},"rail-007470":{"out":20.41804401582414,"back":20.41804401582414,"walk_out":68.0601467194138,"walk_back":68.0601467194138},"rail-007621":{"out":23.69958669304543,"back":23.69958669304543,"walk_out":78.99862231015143,"walk_back":78.99862231015143},"fukaebashi":{"out":22.718026710549125,"back":22.718026710549125,"walk_out":75.72675570183041,"walk_back":75.72675570183041},"rail-007260":{"out":25.162452572878067,"back":25.162452572878067,"walk_out":83.87484190959356,"walk_back":83.87484190959356},"rail-007365":{"out":25.935726305786226,"back":25.935726305786226,"walk_out":86.45242101928743,"walk_back":86.45242101928743},"rail-007519":{"out":19.65222217326981,"back":19.65222217326981,"walk_out":65.5074072442327,"walk_back":65.5074072442327},"rail-007590":{"out":20.255447172771774,"back":20.255447172771774,"walk_out":67.51815724257257,"walk_back":67.51815724257257},"rail-007201":{"out":25.172849591053637,"back":25.172849591053637,"walk_out":83.90949863684546,"walk_back":83.90949863684546},"rail-007475":{"out":20.389616893775678,"back":20.389616893775678,"walk_out":67.96538964591892,"walk_back":67.96538964591892},"rail-007498":{"out":29.045491402374232,"back":29.045491402374232,"walk_out":96.81830467458077,"walk_back":96.81830467458077},"rail-007354":{"out":17.76928185610558,"back":17.76928185610558,"walk_out":59.23093952035193,"walk_back":59.23093952035193},"rail-007234":{"out":23.083134776255484,"back":23.083134776255484,"walk_out":76.94378258751827,"walk_back":76.94378258751827},"rail-007452":{"out":29.857843112677283,"back":29.857843112677283,"walk_out":99.52614370892428,"walk_back":99.52614370892428},"rail-007678":{"out":27.21513137281386,"back":27.21513137281386,"walk_out":90.71710457604621,"walk_back":90.71710457604621},"rail-007477":{"out":5.292671039364361,"back":5.292671039364361,"walk_out":17.642236797881203,"walk_back":17.642236797881203},"rail-007540":{"out":23.68778514471783,"back":23.68778514471783,"walk_out":78.9592838157261,"walk_back":78.9592838157261},"tanimachi9":{"out":27.969189761189032,"back":27.969189761189032,"walk_out":93.23063253729677,"walk_back":93.23063253729677},"tanimachi6":{"out":29.825386665913907,"back":29.825386665913907,"walk_out":99.41795555304635,"walk_back":99.41795555304635},"kintetsu_yao":{"out":9.08339652161075,"back":9.08339652161075,"walk_out":30.277988405369168,"walk_back":30.277988405369168},"rail-007562":{"out":17.922425460140573,"back":17.922425460140573,"walk_out":59.74141820046858,"walk_back":59.74141820046858},"rail-007594":{"out":12.996870207822015,"back":12.996870207822015,"walk_out":43.32290069274005,"walk_back":43.32290069274005},"nagai":{"out":25.625670018062074,"back":25.625670018062074,"walk_out":85.41890006020691,"walk_back":85.41890006020691},"rail-007425":{"out":8.215521998023233,"back":8.215521998023233,"walk_out":27.38507332674411,"walk_back":27.38507332674411},"nagata":{"out":21.601972738646726,"back":21.601972738646726,"walk_out":72.00657579548908,"walk_back":72.00657579548908},"rail-007460":{"out":24.94714050690037,"back":24.94714050690037,"walk_out":83.15713502300123,"walk_back":83.15713502300123},"rail-007543":{"out":17.406065053200173,"back":17.406065053200173,"walk_out":58.02021684400057,"walk_back":58.02021684400057},"rail-007235":{"out":21.06543401803524,"back":21.06543401803524,"walk_out":70.21811339345079,"walk_back":70.21811339345079},"rail-007229":{"out":21.219897472779472,"back":21.219897472779472,"walk_out":70.73299157593156,"walk_back":70.73299157593156},"rail-007551":{"out":17.47660131835153,"back":17.47660131835153,"walk_out":58.25533772783844,"walk_back":58.25533772783844},"rail-007569":{"out":28.43112932573508,"back":28.43112932573508,"walk_out":94.7704310857836,"walk_back":94.7704310857836},"rail-007669":{"out":27.74257075464811,"back":27.74257075464811,"walk_out":92.47523584882703,"walk_back":92.47523584882703},"rail-007679":{"out":26.733241185337057,"back":26.733241185337057,"walk_out":89.11080395112351,"walk_back":89.11080395112351},"rail-007125":{"out":29.935945697977782,"back":29.935945697977782,"walk_out":99.78648565992594,"walk_back":99.78648565992594},"rail-007556":{"out":23.354118957231663,"back":23.354118957231663,"walk_out":77.84706319077222,"walk_back":77.84706319077222},"tsuruhashi":{"out":23.39538296941601,"back":23.39538296941601,"walk_out":77.98460989805336,"walk_back":77.98460989805336}}}},{"type":"Feature","geometry":{"type":"Point","coordinates":[135.5788,34.63141]},"properties":{"id":"bodik-osaka-d14d3b9123133e4c02b0","name":"レッツ久宝探検隊","venue":"久宝寺緑地","address":"","category":"その他","source_category":"","date":"2026-10-25","end_date":"2026-10-25","start":null,"end":null,"schedule":"","url":"https://kyuhoji-ryokuchi.jp/","source":"大阪府 イベント一覧（BODIK）","source_updated":"2026-09-14T08:52:41.251751","fetched_at":"2026-09-18T14:35:26.570Z","coordinate_source":"https://data.bodik.jp/ja/dataset/270008_event","fictional":false,"access":{"rail-007376":{"out":12.3360863913444,"back":12.3360863913444,"walk_out":41.120287971148,"walk_back":41.120287971148},"rail-007344":{"out":14.833195010312476,"back":14.833195010312476,"walk_out":49.443983367708256,"walk_back":49.443983367708256},"rail-007422":{"out":8.815085537781805,"back":8.815085537781805,"walk_out":29.383618459272682,"walk_back":29.383618459272682},"kyuhoji":{"out":4.5327503034730015,"back":4.5327503034730015,"walk_out":15.109167678243338,"walk_back":15.109167678243338},"rail-007491":{"out":4.5313010230363195,"back":4.5313010230363195,"walk_out":15.1043367434544,"walk_back":15.1043367434544},"rail-007529":{"out":17.60646567801607,"back":17.60646567801607,"walk_out":58.68821892672024,"walk_back":58.68821892672024},"rail-007450":{"out":28.70687434162788,"back":28.70687434162788,"walk_out":95.6895811387596,"walk_back":95.6895811387596},"rail-007459":{"out":28.677672229759636,"back":28.677672229759636,"walk_out":95.59224076586545,"walk_back":95.59224076586545},"rail-007284":{"out":20.874050828737538,"back":20.874050828737538,"walk_out":69.58016942912512,"walk_back":69.58016942912512},"rail-007342":{"out":18.202018757829997,"back":18.202018757829997,"walk_out":60.67339585943333,"walk_back":60.67339585943333},"rail-007378":{"out":12.36736585833943,"back":12.36736585833943,"walk_out":41.22455286113143,"walk_back":41.22455286113143},"rail-007549":{"out":23.72916130545068,"back":23.72916130545068,"walk_out":79.09720435150227,"walk_back":79.09720435150227},"rail-007560":{"out":9.168430406691996,"back":9.168430406691996,"walk_out":30.56143468897332,"walk_back":30.56143468897332},"rail-007618":{"out":15.27376964483595,"back":15.27376964483595,"walk_out":50.91256548278649,"walk_back":50.91256548278649},"rail-007351":{"out":14.888633534461793,"back":14.888633534461793,"walk_out":49.62877844820597,"walk_back":49.62877844820597},"rail-007582":{"out":11.092482224895164,"back":11.092482224895164,"walk_out":36.97494074965054,"walk_back":36.97494074965054},"rail-007524":{"out":4.8502657388788295,"back":4.8502657388788295,"walk_out":16.167552462929432,"walk_back":16.167552462929432},"dobutsuen":{"out":28.58622355596859,"back":28.58622355596859,"walk_out":95.28741185322863,"walk_back":95.28741185322863},"rail-007485":{"out":28.84750342346281,"back":28.84750342346281,"walk_out":96.15834474487603,"walk_back":96.15834474487603},"rail-007412":{"out":13.053082955677729,"back":13.053082955677729,"walk_out":43.510276518925764,"walk_back":43.510276518925764},"rail-007502":{"out":18.249595776689237,"back":18.249595776689237,"walk_out":60.83198592229745,"walk_back":60.83198592229745},"rail-007522":{"out":26.89441899033533,"back":26.89441899033533,"walk_out":89.64806330111776,"walk_back":89.64806330111776},"rail-007462":{"out":10.65761179448601,"back":10.65761179448601,"walk_out":35.5253726482867,"walk_back":35.5253726482867},"rail-007531":{"out":21.359005619253065,"back":21.359005619253065,"walk_out":71.19668539751022,"walk_back":71.19668539751022},"rail-007213":{"out":27.44601767773998,"back":27.44601767773998,"walk_out":91.4867255924666,"walk_back":91.4867255924666},"rail-007581":{"out":13.901609035314568,"back":13.901609035314568,"walk_out":46.338696784381895,"walk_back":46.338696784381895},"rail-007382":{"out":26.51872604929057,"back":26.51872604929057,"walk_out":88.39575349763523,"walk_back":88.39575349763523},"rail-007676":{"out":29.815966049304677,"back":29.815966049304677,"walk_out":99.38655349768226,"walk_back":99.38655349768226},"rail-007633":{"out":26.093333793129435,"back":26.093333793129435,"walk_out":86.97777931043144,"walk_back":86.97777931043144},"uehommachi":{"out":25.924218434239364,"back":25.924218434239364,"walk_out":86.41406144746455,"walk_back":86.41406144746455},"rail-007164":{"out":29.900442736915018,"back":29.900442736915018,"walk_out":99.66814245638339,"walk_back":99.66814245638339},"rail-007451":{"out":24.36135665780537,"back":24.36135665780537,"walk_out":81.20452219268456,"walk_back":81.20452219268456},"tennoji":{"out":24.432570102639293,"back":24.432570102639293,"walk_out":81.44190034213098,"walk_back":81.44190034213098},"rail-007447":{"out":24.96364928629508,"back":24.96364928629508,"walk_out":83.21216428765027,"walk_back":83.21216428765027},"rail-007515":{"out":29.697497655368245,"back":29.697497655368245,"walk_out":98.99165885122748,"walk_back":98.99165885122748},"rail-007532":{"out":27.870309916401126,"back":27.870309916401126,"walk_out":92.90103305467042,"walk_back":92.90103305467042},"rail-007653":{"out":29.29315856133514,"back":29.29315856133514,"walk_out":97.64386187111714,"walk_back":97.64386187111714},"rail-007434":{"out":21.49628591094289,"back":21.49628591094289,"walk_out":71.65428636980964,"walk_back":71.65428636980964},"rail-007368":{"out":15.65820958409393,"back":15.65820958409393,"walk_out":52.19403194697977,"walk_back":52.19403194697977},"rail-007657":{"out":27.84800140782502,"back":27.84800140782502,"walk_out":92.82667135941674,"walk_back":92.82667135941674},"fuse":{"out":15.56499408505987,"back":15.56499408505987,"walk_out":51.88331361686624,"walk_back":51.88331361686624},"rail-007538":{"out":29.743590438227383,"back":29.743590438227383,"walk_out":99.14530146075793,"walk_back":99.14530146075793},"rail-007547":{"out":28.971083287543994,"back":28.971083287543994,"walk_out":96.57027762514664,"walk_back":96.57027762514664},"rail-007559":{"out":29.852169969679448,"back":29.852169969679448,"walk_out":99.50723323226482,"walk_back":99.50723323226482},"rail-007505":{"out":10.16745600539689,"back":10.16745600539689,"walk_out":33.891520017989635,"walk_back":33.891520017989635},"rail-007546":{"out":11.954905897862298,"back":11.954905897862298,"walk_out":39.84968632620766,"walk_back":39.84968632620766},"rail-007468":{"out":4.750252733120279,"back":4.750252733120279,"walk_out":15.834175777067596,"walk_back":15.834175777067596},"rail-007131":{"out":27.184085590346967,"back":27.184085590346967,"walk_out":90.6136186344899,"walk_back":90.6136186344899},"rail-007606":{"out":19.380910945584397,"back":19.380910945584397,"walk_out":64.60303648528132,"walk_back":64.60303648528132},"rail-007578":{"out":19.843582531803175,"back":19.843582531803175,"walk_out":66.14527510601059,"walk_back":66.14527510601059},"rail-007674":{"out":25.82351270967732,"back":25.82351270967732,"walk_out":86.0783756989244,"walk_back":86.0783756989244},"rail-007399":{"out":28.780336553557433,"back":28.780336553557433,"walk_out":95.93445517852477,"walk_back":95.93445517852477},"rail-007611":{"out":28.13203171125882,"back":28.13203171125882,"walk_out":93.77343903752939,"walk_back":93.77343903752939},"rail-007595":{"out":29.28838482370203,"back":29.28838482370203,"walk_out":97.62794941234012,"walk_back":97.62794941234012},"rail-007162":{"out":25.81378593178628,"back":25.81378593178628,"walk_out":86.04595310595427,"walk_back":86.04595310595427},"rail-007486":{"out":22.23355409459852,"back":22.23355409459852,"walk_out":74.11184698199507,"walk_back":74.11184698199507},"shinimamiya":{"out":29.356807521071584,"back":29.356807521071584,"walk_out":97.85602507023862,"walk_back":97.85602507023862},"rail-007427":{"out":28.753358650968693,"back":28.753358650968693,"walk_out":95.8445288365623,"walk_back":95.8445288365623},"rail-007523":{"out":4.333110288140507,"back":4.333110288140507,"walk_out":14.443700960468355,"walk_back":14.443700960468355},"rail-007297":{"out":18.66808296958844,"back":18.66808296958844,"walk_out":62.226943231961464,"walk_back":62.226943231961464},"rail-007499":{"out":22.669900418391084,"back":22.669900418391084,"walk_out":75.56633472797029,"walk_back":75.56633472797029},"rail-007528":{"out":22.92912763257913,"back":22.92912763257913,"walk_out":76.43042544193044,"walk_back":76.43042544193044},"rail-007500":{"out":25.73623519494858,"back":25.73623519494858,"walk_out":85.7874506498286,"walk_back":85.7874506498286},"higashihanazono":{"out":22.313979088580744,"back":22.313979088580744,"walk_out":74.37993029526915,"walk_back":74.37993029526915},"rail-007479":{"out":15.338846204505753,"back":15.338846204505753,"walk_out":51.12948734835251,"walk_back":51.12948734835251},"rail-007472":{"out":28.724876441683573,"back":28.724876441683573,"walk_out":95.74958813894524,"walk_back":95.74958813894524},"rail-007487":{"out":25.300283883611595,"back":25.300283883611595,"walk_out":84.33427961203866,"walk_back":84.33427961203866},"rail-007636":{"out":25.683719016502522,"back":25.683719016502522,"walk_out":85.61239672167507,"walk_back":85.61239672167507},"rail-007652":{"out":27.86035714196441,"back":27.86035714196441,"walk_out":92.86785713988137,"walk_back":92.86785713988137},"rail-007380":{"out":22.159354951053253,"back":22.159354951053253,"walk_out":73.86451650351084,"walk_back":73.86451650351084},"morinomiya":{"out":28.024875674129362,"back":28.024875674129362,"walk_out":93.41625224709787,"walk_back":93.41625224709787},"rail-007639":{"out":25.735905794213593,"back":25.735905794213593,"walk_out":85.78635264737865,"walk_back":85.78635264737865},"rail-007350":{"out":14.515811004137934,"back":14.515811004137934,"walk_out":48.386036680459775,"walk_back":48.386036680459775},"kawachi_yamamoto":{"out":14.8558630861602,"back":14.8558630861602,"walk_out":49.519543620534,"walk_back":49.519543620534},"rail-007668":{"out":26.07307764288168,"back":26.07307764288168,"walk_out":86.91025880960561,"walk_back":86.91025880960561},"rail-007345":{"out":14.750474298547847,"back":14.750474298547847,"walk_out":49.16824766182616,"walk_back":49.16824766182616},"rail-007359":{"out":20.10963787132724,"back":20.10963787132724,"walk_out":67.03212623775747,"walk_back":67.03212623775747},"rail-007470":{"out":20.41804401582414,"back":20.41804401582414,"walk_out":68.0601467194138,"walk_back":68.0601467194138},"rail-007621":{"out":23.69958669304543,"back":23.69958669304543,"walk_out":78.99862231015143,"walk_back":78.99862231015143},"fukaebashi":{"out":22.718026710549125,"back":22.718026710549125,"walk_out":75.72675570183041,"walk_back":75.72675570183041},"rail-007260":{"out":25.162452572878067,"back":25.162452572878067,"walk_out":83.87484190959356,"walk_back":83.87484190959356},"rail-007365":{"out":25.935726305786226,"back":25.935726305786226,"walk_out":86.45242101928743,"walk_back":86.45242101928743},"rail-007519":{"out":19.65222217326981,"back":19.65222217326981,"walk_out":65.5074072442327,"walk_back":65.5074072442327},"rail-007590":{"out":20.255447172771774,"back":20.255447172771774,"walk_out":67.51815724257257,"walk_back":67.51815724257257},"rail-007201":{"out":25.172849591053637,"back":25.172849591053637,"walk_out":83.90949863684546,"walk_back":83.90949863684546},"rail-007475":{"out":20.389616893775678,"back":20.389616893775678,"walk_out":67.96538964591892,"walk_back":67.96538964591892},"rail-007498":{"out":29.045491402374232,"back":29.045491402374232,"walk_out":96.81830467458077,"walk_back":96.81830467458077},"rail-007354":{"out":17.76928185610558,"back":17.76928185610558,"walk_out":59.23093952035193,"walk_back":59.23093952035193},"rail-007234":{"out":23.083134776255484,"back":23.083134776255484,"walk_out":76.94378258751827,"walk_back":76.94378258751827},"rail-007452":{"out":29.857843112677283,"back":29.857843112677283,"walk_out":99.52614370892428,"walk_back":99.52614370892428},"rail-007678":{"out":27.21513137281386,"back":27.21513137281386,"walk_out":90.71710457604621,"walk_back":90.71710457604621},"rail-007477":{"out":5.292671039364361,"back":5.292671039364361,"walk_out":17.642236797881203,"walk_back":17.642236797881203},"rail-007540":{"out":23.68778514471783,"back":23.68778514471783,"walk_out":78.9592838157261,"walk_back":78.9592838157261},"tanimachi9":{"out":27.969189761189032,"back":27.969189761189032,"walk_out":93.23063253729677,"walk_back":93.23063253729677},"tanimachi6":{"out":29.825386665913907,"back":29.825386665913907,"walk_out":99.41795555304635,"walk_back":99.41795555304635},"kintetsu_yao":{"out":9.08339652161075,"back":9.08339652161075,"walk_out":30.277988405369168,"walk_back":30.277988405369168},"rail-007562":{"out":17.922425460140573,"back":17.922425460140573,"walk_out":59.74141820046858,"walk_back":59.74141820046858},"rail-007594":{"out":12.996870207822015,"back":12.996870207822015,"walk_out":43.32290069274005,"walk_back":43.32290069274005},"nagai":{"out":25.625670018062074,"back":25.625670018062074,"walk_out":85.41890006020691,"walk_back":85.41890006020691},"rail-007425":{"out":8.215521998023233,"back":8.215521998023233,"walk_out":27.38507332674411,"walk_back":27.38507332674411},"nagata":{"out":21.601972738646726,"back":21.601972738646726,"walk_out":72.00657579548908,"walk_back":72.00657579548908},"rail-007460":{"out":24.94714050690037,"back":24.94714050690037,"walk_out":83.15713502300123,"walk_back":83.15713502300123},"rail-007543":{"out":17.406065053200173,"back":17.406065053200173,"walk_out":58.02021684400057,"walk_back":58.02021684400057},"rail-007235":{"out":21.06543401803524,"back":21.06543401803524,"walk_out":70.21811339345079,"walk_back":70.21811339345079},"rail-007229":{"out":21.219897472779472,"back":21.219897472779472,"walk_out":70.73299157593156,"walk_back":70.73299157593156},"rail-007551":{"out":17.47660131835153,"back":17.47660131835153,"walk_out":58.25533772783844,"walk_back":58.25533772783844},"rail-007569":{"out":28.43112932573508,"back":28.43112932573508,"walk_out":94.7704310857836,"walk_back":94.7704310857836},"rail-007669":{"out":27.74257075464811,"back":27.74257075464811,"walk_out":92.47523584882703,"walk_back":92.47523584882703},"rail-007679":{"out":26.733241185337057,"back":26.733241185337057,"walk_out":89.11080395112351,"walk_back":89.11080395112351},"rail-007125":{"out":29.935945697977782,"back":29.935945697977782,"walk_out":99.78648565992594,"walk_back":99.78648565992594},"rail-007556":{"out":23.354118957231663,"back":23.354118957231663,"walk_out":77.84706319077222,"walk_back":77.84706319077222},"tsuruhashi":{"out":23.39538296941601,"back":23.39538296941601,"walk_out":77.98460989805336,"walk_back":77.98460989805336}}}},{"type":"Feature","geometry":{"type":"Point","coordinates":[135.62875,34.72735]},"properties":{"id":"bodik-osaka-7e211ab8a66d8cb01802","name":"ふかきたDEコンサート","venue":"深北緑地","address":"","category":"その他","source_category":"","date":"2026-10-25","end_date":"2026-10-25","start":null,"end":null,"schedule":"","url":"https://fukakitaryokuchi.jp/","source":"大阪府 イベント一覧（BODIK）","source_updated":"2026-09-14T08:52:41.251751","fetched_at":"2026-09-18T14:35:26.570Z","coordinate_source":"https://data.bodik.jp/ja/dataset/270008_event","fictional":false,"access":{"rail-007070":{"out":27.443367170997583,"back":27.443367170997583,"walk_out":91.47789056999194,"walk_back":91.47789056999194},"rail-007043":{"out":9.74460877980742,"back":9.74460877980742,"walk_out":32.48202926602473,"walk_back":32.48202926602473},"rail-006953":{"out":27.065548033071128,"back":27.065548033071128,"walk_out":90.21849344357042,"walk_back":90.21849344357042},"rail-006952":{"out":29.093372237951865,"back":29.093372237951865,"walk_out":96.97790745983954,"walk_back":96.97790745983954},"rail-006769":{"out":27.61255886846995,"back":27.61255886846995,"walk_out":92.04186289489984,"walk_back":92.04186289489984},"rail-006874":{"out":14.7539194634158,"back":14.7539194634158,"walk_out":49.17973154471933,"walk_back":49.17973154471933},"rail-007213":{"out":20.968606242434852,"back":20.968606242434852,"walk_out":69.8953541414495,"walk_back":69.8953541414495},"rail-006928":{"out":4.069189302720892,"back":4.069189302720892,"walk_out":13.563964342402972,"walk_back":13.563964342402972},"rail-006927":{"out":25.25213797184844,"back":25.25213797184844,"walk_out":84.1737932394948,"walk_back":84.1737932394948},"rail-006861":{"out":11.806055451156517,"back":11.806055451156517,"walk_out":39.353518170521724,"walk_back":39.353518170521724},"dainichi":{"out":20.900588032496348,"back":20.900588032496348,"walk_out":69.66862677498783,"walk_back":69.66862677498783},"taishibashi":{"out":27.192651134491022,"back":27.192651134491022,"walk_out":90.64217044830342,"walk_back":90.64217044830342},"rail-006883":{"out":24.053037925055158,"back":24.053037925055158,"walk_out":80.1767930835172,"walk_back":80.1767930835172},"moriguchi_shi":{"out":23.509895281651346,"back":23.509895281651346,"walk_out":78.36631760550449,"walk_back":78.36631760550449},"rail-007168":{"out":28.74330544330996,"back":28.74330544330996,"walk_out":95.81101814436653,"walk_back":95.81101814436653},"rail-006813":{"out":15.41620755561964,"back":15.41620755561964,"walk_out":51.38735851873213,"walk_back":51.38735851873213},"neyagawa":{"out":16.552125418692576,"back":16.552125418692576,"walk_out":55.17375139564192,"walk_back":55.17375139564192},"rail-007131":{"out":23.2352752548228,"back":23.2352752548228,"walk_out":77.45091751607599,"walk_back":77.45091751607599},"rail-006855":{"out":10.107901118797418,"back":10.107901118797418,"walk_out":33.69300372932473,"walk_back":33.69300372932473},"rail-007162":{"out":29.69648862310409,"back":29.69648862310409,"walk_out":98.98829541034696,"walk_back":98.98829541034696},"rail-007001":{"out":26.327005404725632,"back":26.327005404725632,"walk_out":87.75668468241876,"walk_back":87.75668468241876},"rail-007215":{"out":21.474431615195158,"back":21.474431615195158,"walk_out":71.5814387173172,"walk_back":71.5814387173172},"rail-006756":{"out":21.84728799166935,"back":21.84728799166935,"walk_out":72.82429330556451,"walk_back":72.82429330556451},"higashihanazono":{"out":28.91293497619452,"back":28.91293497619452,"walk_out":96.37644992064841,"walk_back":96.37644992064841},"rail-007287":{"out":26.66423610722524,"back":26.66423610722524,"walk_out":88.88078702408413,"walk_back":88.88078702408413},"rail-007185":{"out":28.925634545919973,"back":28.925634545919973,"walk_out":96.41878181973324,"walk_back":96.41878181973324},"rail-006977":{"out":28.39247013401908,"back":28.39247013401908,"walk_out":94.64156711339695,"walk_back":94.64156711339695},"rail-007063":{"out":23.075020027949023,"back":23.075020027949023,"walk_out":76.91673342649673,"walk_back":76.91673342649673},"rail-006733":{"out":29.32335637811905,"back":29.32335637811905,"walk_out":97.74452126039684,"walk_back":97.74452126039684},"rail-006723":{"out":29.925053011634514,"back":29.925053011634514,"walk_out":99.75017670544838,"walk_back":99.75017670544838},"rail-007359":{"out":28.986214494880613,"back":28.986214494880613,"walk_out":96.62071498293538,"walk_back":96.62071498293538},"rail-006964":{"out":24.943674614007474,"back":24.943674614007474,"walk_out":83.14558204669157,"walk_back":83.14558204669157},"rail-006933":{"out":26.066787530190766,"back":26.066787530190766,"walk_out":86.88929176730255,"walk_back":86.88929176730255},"rail-007365":{"out":29.31148977460587,"back":29.31148977460587,"walk_out":97.7049659153529,"walk_back":97.7049659153529},"ikoma":{"out":29.56645574804526,"back":29.56645574804526,"walk_out":98.5548524934842,"walk_back":98.5548524934842},"rail-007219":{"out":28.495303945530598,"back":28.495303945530598,"walk_out":94.984346485102,"walk_back":94.984346485102},"rail-007178":{"out":21.229979823099516,"back":21.229979823099516,"walk_out":70.76659941033172,"walk_back":70.76659941033172},"rail-006753":{"out":27.703788278554864,"back":27.703788278554864,"walk_out":92.3459609285162,"walk_back":92.3459609285162},"rail-007354":{"out":29.530074859173947,"back":29.530074859173947,"walk_out":98.43358286391316,"walk_back":98.43358286391316},"rail-007234":{"out":23.34855530644245,"back":23.34855530644245,"walk_out":77.8285176881415,"walk_back":77.8285176881415},"rail-006845":{"out":11.017711358122734,"back":11.017711358122734,"walk_out":36.72570452707578,"walk_back":36.72570452707578},"rail-006892":{"out":19.826266179794803,"back":19.826266179794803,"walk_out":66.08755393264934,"walk_back":66.08755393264934},"rail-006983":{"out":4.980338156952437,"back":4.980338156952437,"walk_out":16.60112718984146,"walk_back":16.60112718984146},"nagata":{"out":25.457678240094175,"back":25.457678240094175,"walk_out":84.85892746698059,"walk_back":84.85892746698059},"kadoma_minami":{"out":14.075169380610964,"back":14.075169380610964,"walk_out":46.91723126870321,"walk_back":46.91723126870321},"rail-006885":{"out":17.393058802195377,"back":17.393058802195377,"walk_out":57.97686267398459,"walk_back":57.97686267398459},"rail-007207":{"out":28.67255077527318,"back":28.67255077527318,"walk_out":95.5751692509106,"walk_back":95.5751692509106},"rail-007256":{"out":24.59689297766671,"back":24.59689297766671,"walk_out":81.98964325888903,"walk_back":81.98964325888903},"rail-006699":{"out":25.458463655863522,"back":25.458463655863522,"walk_out":84.86154551954507,"walk_back":84.86154551954507},"rail-007235":{"out":29.923931869374417,"back":29.923931869374417,"walk_out":99.7464395645814,"walk_back":99.7464395645814},"rail-007229":{"out":29.840013448453327,"back":29.840013448453327,"walk_out":99.46671149484442,"walk_back":99.46671149484442},"rail-007135":{"out":29.144099371163552,"back":29.144099371163552,"walk_out":97.1469979038785,"walk_back":97.1469979038785},"rail-007084":{"out":17.02666767858345,"back":17.02666767858345,"walk_out":56.75555892861151,"walk_back":56.75555892861151},"tsurumi":{"out":19.014033806144454,"back":19.014033806144454,"walk_out":63.38011268714817,"walk_back":63.38011268714817}}}},{"type":"Feature","geometry":{"type":"Point","coordinates":[135.65491,34.67479]},"properties":{"id":"bodik-osaka-2dedf307b0e4a3524de8","name":"どんぐり遊び","venue":"枚岡公園","address":"","category":"その他","source_category":"","date":"2026-10-25","end_date":"2026-10-25","start":null,"end":null,"schedule":"","url":"https://hiraoka.osaka-park.or.jp/","source":"大阪府 イベント一覧（BODIK）","source_updated":"2026-09-14T08:52:41.251751","fetched_at":"2026-09-18T14:35:26.570Z","coordinate_source":"https://data.bodik.jp/ja/dataset/270008_event","fictional":false,"access":{"rail-007251":{"out":19.41229088225793,"back":19.41229088225793,"walk_out":64.7076362741931,"walk_back":64.7076362741931},"rail-007491":{"out":29.56369688397826,"back":29.56369688397826,"walk_out":98.54565627992753,"walk_back":98.54565627992753},"rail-007043":{"out":18.60309483114891,"back":18.60309483114891,"walk_out":62.01031610382969,"walk_back":62.01031610382969},"rail-007549":{"out":24.816119776637013,"back":24.816119776637013,"walk_out":82.72039925545671,"walk_back":82.72039925545671},"rail-007471":{"out":22.649648771070183,"back":22.649648771070183,"walk_out":75.4988292369006,"walk_back":75.4988292369006},"rail-007351":{"out":24.458933389771246,"back":24.458933389771246,"walk_out":81.52977796590416,"walk_back":81.52977796590416},"rail-007338":{"out":20.1662493615851,"back":20.1662493615851,"walk_out":67.22083120528366,"walk_back":67.22083120528366},"rail-007213":{"out":11.387932421034487,"back":11.387932421034487,"walk_out":37.959774736781625,"walk_back":37.959774736781625},"rail-006928":{"out":25.38884374471805,"back":25.38884374471805,"walk_out":84.62947914906016,"walk_back":84.62947914906016},"rail-007168":{"out":13.542741883067816,"back":13.542741883067816,"walk_out":45.14247294355938,"walk_back":45.14247294355938},"rail-007514":{"out":27.154016963890058,"back":27.154016963890058,"walk_out":90.51338987963352,"walk_back":90.51338987963352},"rail-007131":{"out":28.007859053119795,"back":28.007859053119795,"walk_out":93.35953017706598,"walk_back":93.35953017706598},"rail-007215":{"out":5.669079582199815,"back":5.669079582199815,"walk_out":18.89693194066605,"walk_back":18.89693194066605},"rail-007528":{"out":22.079281997327264,"back":22.079281997327264,"walk_out":73.59760665775755,"walk_back":73.59760665775755},"rail-007431":{"out":22.81271443992873,"back":22.81271443992873,"walk_out":76.0423814664291,"walk_back":76.0423814664291},"rail-007138":{"out":21.501740439586506,"back":21.501740439586506,"walk_out":71.67246813195501,"walk_back":71.67246813195501},"higashihanazono":{"out":11.677159160472586,"back":11.677159160472586,"walk_out":38.92386386824195,"walk_back":38.92386386824195},"rail-007287":{"out":3.426427710117633,"back":3.426427710117633,"walk_out":11.42142570039211,"walk_back":11.42142570039211},"rail-007185":{"out":12.221827430270375,"back":12.221827430270375,"walk_out":40.73942476756792,"walk_back":40.73942476756792},"rail-007350":{"out":27.345871092686707,"back":27.345871092686707,"walk_out":91.15290364228903,"walk_back":91.15290364228903},"kawachi_yamamoto":{"out":24.606961088883157,"back":24.606961088883157,"walk_out":82.02320362961052,"walk_back":82.02320362961052},"rail-007359":{"out":14.381687890281434,"back":14.381687890281434,"walk_out":47.93895963427144,"walk_back":47.93895963427144},"rail-007365":{"out":8.100340371069322,"back":8.100340371069322,"walk_out":27.001134570231073,"walk_back":27.001134570231073},"ikoma":{"out":17.757626975997525,"back":17.757626975997525,"walk_out":59.19208991999175,"walk_back":59.19208991999175},"rail-007219":{"out":9.616630600838066,"back":9.616630600838066,"walk_out":32.05543533612689,"walk_back":32.05543533612689},"rail-007178":{"out":4.441386662520072,"back":4.441386662520072,"walk_out":14.804622208400241,"walk_back":14.804622208400241},"rail-007354":{"out":17.80505551074384,"back":17.80505551074384,"walk_out":59.35018503581281,"walk_back":59.35018503581281},"rail-007234":{"out":18.339055660505803,"back":18.339055660505803,"walk_out":61.13018553501934,"walk_back":61.13018553501934},"rail-007175":{"out":19.528674345835675,"back":19.528674345835675,"walk_out":65.09558115278558,"walk_back":65.09558115278558},"rail-007390":{"out":21.30736126040691,"back":21.30736126040691,"walk_out":71.0245375346897,"walk_back":71.0245375346897},"kintetsu_yao":{"out":27.44255277566971,"back":27.44255277566971,"walk_out":91.47517591889904,"walk_back":91.47517591889904},"rail-006983":{"out":20.493027385604716,"back":20.493027385604716,"walk_out":68.31009128534906,"walk_back":68.31009128534906},"nagata":{"out":23.091219522255876,"back":23.091219522255876,"walk_out":76.97073174085293,"walk_back":76.97073174085293},"kadoma_minami":{"out":29.487687153990088,"back":29.487687153990088,"walk_out":98.29229051330029,"walk_back":98.29229051330029},"rail-007207":{"out":10.803074174271662,"back":10.803074174271662,"walk_out":36.01024724757221,"walk_back":36.01024724757221},"rail-007256":{"out":1.3997892242963414,"back":1.3997892242963414,"walk_out":4.665964080987805,"walk_back":4.665964080987805},"rail-007551":{"out":26.947789602748504,"back":26.947789602748504,"walk_out":89.82596534249501,"walk_back":89.82596534249501},"rail-007569":{"out":27.076366359387823,"back":27.076366359387823,"walk_out":90.25455453129274,"walk_back":90.25455453129274},"rail-007135":{"out":16.851134108105608,"back":16.851134108105608,"walk_out":56.17044702701869,"walk_back":56.17044702701869},"rail-007084":{"out":23.521286799672094,"back":23.521286799672094,"walk_out":78.40428933224031,"walk_back":78.40428933224031}}}},{"type":"Feature","geometry":{"type":"Point","coordinates":[135.65491,34.67479]},"properties":{"id":"bodik-osaka-377c27a5305157ddbc5c","name":"デジタルスタンプラリーを開催します。","venue":"枚岡公園","address":"","category":"その他","source_category":"","date":"2026-11-01","end_date":"2026-11-30","start":null,"end":null,"schedule":"","url":"https://hiraoka.osaka-park.or.jp/","source":"大阪府 イベント一覧（BODIK）","source_updated":"2026-09-14T08:52:41.251751","fetched_at":"2026-09-18T14:35:26.570Z","coordinate_source":"https://data.bodik.jp/ja/dataset/270008_event","fictional":false,"access":{"rail-007251":{"out":19.41229088225793,"back":19.41229088225793,"walk_out":64.7076362741931,"walk_back":64.7076362741931},"rail-007491":{"out":29.56369688397826,"back":29.56369688397826,"walk_out":98.54565627992753,"walk_back":98.54565627992753},"rail-007043":{"out":18.60309483114891,"back":18.60309483114891,"walk_out":62.01031610382969,"walk_back":62.01031610382969},"rail-007549":{"out":24.816119776637013,"back":24.816119776637013,"walk_out":82.72039925545671,"walk_back":82.72039925545671},"rail-007471":{"out":22.649648771070183,"back":22.649648771070183,"walk_out":75.4988292369006,"walk_back":75.4988292369006},"rail-007351":{"out":24.458933389771246,"back":24.458933389771246,"walk_out":81.52977796590416,"walk_back":81.52977796590416},"rail-007338":{"out":20.1662493615851,"back":20.1662493615851,"walk_out":67.22083120528366,"walk_back":67.22083120528366},"rail-007213":{"out":11.387932421034487,"back":11.387932421034487,"walk_out":37.959774736781625,"walk_back":37.959774736781625},"rail-006928":{"out":25.38884374471805,"back":25.38884374471805,"walk_out":84.62947914906016,"walk_back":84.62947914906016},"rail-007168":{"out":13.542741883067816,"back":13.542741883067816,"walk_out":45.14247294355938,"walk_back":45.14247294355938},"rail-007514":{"out":27.154016963890058,"back":27.154016963890058,"walk_out":90.51338987963352,"walk_back":90.51338987963352},"rail-007131":{"out":28.007859053119795,"back":28.007859053119795,"walk_out":93.35953017706598,"walk_back":93.35953017706598},"rail-007215":{"out":5.669079582199815,"back":5.669079582199815,"walk_out":18.89693194066605,"walk_back":18.89693194066605},"rail-007528":{"out":22.079281997327264,"back":22.079281997327264,"walk_out":73.59760665775755,"walk_back":73.59760665775755},"rail-007431":{"out":22.81271443992873,"back":22.81271443992873,"walk_out":76.0423814664291,"walk_back":76.0423814664291},"rail-007138":{"out":21.501740439586506,"back":21.501740439586506,"walk_out":71.67246813195501,"walk_back":71.67246813195501},"higashihanazono":{"out":11.677159160472586,"back":11.677159160472586,"walk_out":38.92386386824195,"walk_back":38.92386386824195},"rail-007287":{"out":3.426427710117633,"back":3.426427710117633,"walk_out":11.42142570039211,"walk_back":11.42142570039211},"rail-007185":{"out":12.221827430270375,"back":12.221827430270375,"walk_out":40.73942476756792,"walk_back":40.73942476756792},"rail-007350":{"out":27.345871092686707,"back":27.345871092686707,"walk_out":91.15290364228903,"walk_back":91.15290364228903},"kawachi_yamamoto":{"out":24.606961088883157,"back":24.606961088883157,"walk_out":82.02320362961052,"walk_back":82.02320362961052},"rail-007359":{"out":14.381687890281434,"back":14.381687890281434,"walk_out":47.93895963427144,"walk_back":47.93895963427144},"rail-007365":{"out":8.100340371069322,"back":8.100340371069322,"walk_out":27.001134570231073,"walk_back":27.001134570231073},"ikoma":{"out":17.757626975997525,"back":17.757626975997525,"walk_out":59.19208991999175,"walk_back":59.19208991999175},"rail-007219":{"out":9.616630600838066,"back":9.616630600838066,"walk_out":32.05543533612689,"walk_back":32.05543533612689},"rail-007178":{"out":4.441386662520072,"back":4.441386662520072,"walk_out":14.804622208400241,"walk_back":14.804622208400241},"rail-007354":{"out":17.80505551074384,"back":17.80505551074384,"walk_out":59.35018503581281,"walk_back":59.35018503581281},"rail-007234":{"out":18.339055660505803,"back":18.339055660505803,"walk_out":61.13018553501934,"walk_back":61.13018553501934},"rail-007175":{"out":19.528674345835675,"back":19.528674345835675,"walk_out":65.09558115278558,"walk_back":65.09558115278558},"rail-007390":{"out":21.30736126040691,"back":21.30736126040691,"walk_out":71.0245375346897,"walk_back":71.0245375346897},"kintetsu_yao":{"out":27.44255277566971,"back":27.44255277566971,"walk_out":91.47517591889904,"walk_back":91.47517591889904},"rail-006983":{"out":20.493027385604716,"back":20.493027385604716,"walk_out":68.31009128534906,"walk_back":68.31009128534906},"nagata":{"out":23.091219522255876,"back":23.091219522255876,"walk_out":76.97073174085293,"walk_back":76.97073174085293},"kadoma_minami":{"out":29.487687153990088,"back":29.487687153990088,"walk_out":98.29229051330029,"walk_back":98.29229051330029},"rail-007207":{"out":10.803074174271662,"back":10.803074174271662,"walk_out":36.01024724757221,"walk_back":36.01024724757221},"rail-007256":{"out":1.3997892242963414,"back":1.3997892242963414,"walk_out":4.665964080987805,"walk_back":4.665964080987805},"rail-007551":{"out":26.947789602748504,"back":26.947789602748504,"walk_out":89.82596534249501,"walk_back":89.82596534249501},"rail-007569":{"out":27.076366359387823,"back":27.076366359387823,"walk_out":90.25455453129274,"walk_back":90.25455453129274},"rail-007135":{"out":16.851134108105608,"back":16.851134108105608,"walk_out":56.17044702701869,"walk_back":56.17044702701869},"rail-007084":{"out":23.521286799672094,"back":23.521286799672094,"walk_out":78.40428933224031,"walk_back":78.40428933224031}}}},{"type":"Feature","geometry":{"type":"Point","coordinates":[135.62875,34.72735]},"properties":{"id":"bodik-osaka-7bcca6c1edcfa2aa719f","name":"深北の日","venue":"深北緑地","address":"","category":"その他","source_category":"","date":"2026-11-01","end_date":"2026-11-01","start":null,"end":null,"schedule":"","url":"https://fukakitaryokuchi.jp/","source":"大阪府 イベント一覧（BODIK）","source_updated":"2026-09-14T08:52:41.251751","fetched_at":"2026-09-18T14:35:26.570Z","coordinate_source":"https://data.bodik.jp/ja/dataset/270008_event","fictional":false,"access":{"rail-007070":{"out":27.443367170997583,"back":27.443367170997583,"walk_out":91.47789056999194,"walk_back":91.47789056999194},"rail-007043":{"out":9.74460877980742,"back":9.74460877980742,"walk_out":32.48202926602473,"walk_back":32.48202926602473},"rail-006953":{"out":27.065548033071128,"back":27.065548033071128,"walk_out":90.21849344357042,"walk_back":90.21849344357042},"rail-006952":{"out":29.093372237951865,"back":29.093372237951865,"walk_out":96.97790745983954,"walk_back":96.97790745983954},"rail-006769":{"out":27.61255886846995,"back":27.61255886846995,"walk_out":92.04186289489984,"walk_back":92.04186289489984},"rail-006874":{"out":14.7539194634158,"back":14.7539194634158,"walk_out":49.17973154471933,"walk_back":49.17973154471933},"rail-007213":{"out":20.968606242434852,"back":20.968606242434852,"walk_out":69.8953541414495,"walk_back":69.8953541414495},"rail-006928":{"out":4.069189302720892,"back":4.069189302720892,"walk_out":13.563964342402972,"walk_back":13.563964342402972},"rail-006927":{"out":25.25213797184844,"back":25.25213797184844,"walk_out":84.1737932394948,"walk_back":84.1737932394948},"rail-006861":{"out":11.806055451156517,"back":11.806055451156517,"walk_out":39.353518170521724,"walk_back":39.353518170521724},"dainichi":{"out":20.900588032496348,"back":20.900588032496348,"walk_out":69.66862677498783,"walk_back":69.66862677498783},"taishibashi":{"out":27.192651134491022,"back":27.192651134491022,"walk_out":90.64217044830342,"walk_back":90.64217044830342},"rail-006883":{"out":24.053037925055158,"back":24.053037925055158,"walk_out":80.1767930835172,"walk_back":80.1767930835172},"moriguchi_shi":{"out":23.509895281651346,"back":23.509895281651346,"walk_out":78.36631760550449,"walk_back":78.36631760550449},"rail-007168":{"out":28.74330544330996,"back":28.74330544330996,"walk_out":95.81101814436653,"walk_back":95.81101814436653},"rail-006813":{"out":15.41620755561964,"back":15.41620755561964,"walk_out":51.38735851873213,"walk_back":51.38735851873213},"neyagawa":{"out":16.552125418692576,"back":16.552125418692576,"walk_out":55.17375139564192,"walk_back":55.17375139564192},"rail-007131":{"out":23.2352752548228,"back":23.2352752548228,"walk_out":77.45091751607599,"walk_back":77.45091751607599},"rail-006855":{"out":10.107901118797418,"back":10.107901118797418,"walk_out":33.69300372932473,"walk_back":33.69300372932473},"rail-007162":{"out":29.69648862310409,"back":29.69648862310409,"walk_out":98.98829541034696,"walk_back":98.98829541034696},"rail-007001":{"out":26.327005404725632,"back":26.327005404725632,"walk_out":87.75668468241876,"walk_back":87.75668468241876},"rail-007215":{"out":21.474431615195158,"back":21.474431615195158,"walk_out":71.5814387173172,"walk_back":71.5814387173172},"rail-006756":{"out":21.84728799166935,"back":21.84728799166935,"walk_out":72.82429330556451,"walk_back":72.82429330556451},"higashihanazono":{"out":28.91293497619452,"back":28.91293497619452,"walk_out":96.37644992064841,"walk_back":96.37644992064841},"rail-007287":{"out":26.66423610722524,"back":26.66423610722524,"walk_out":88.88078702408413,"walk_back":88.88078702408413},"rail-007185":{"out":28.925634545919973,"back":28.925634545919973,"walk_out":96.41878181973324,"walk_back":96.41878181973324},"rail-006977":{"out":28.39247013401908,"back":28.39247013401908,"walk_out":94.64156711339695,"walk_back":94.64156711339695},"rail-007063":{"out":23.075020027949023,"back":23.075020027949023,"walk_out":76.91673342649673,"walk_back":76.91673342649673},"rail-006733":{"out":29.32335637811905,"back":29.32335637811905,"walk_out":97.74452126039684,"walk_back":97.74452126039684},"rail-006723":{"out":29.925053011634514,"back":29.925053011634514,"walk_out":99.75017670544838,"walk_back":99.75017670544838},"rail-007359":{"out":28.986214494880613,"back":28.986214494880613,"walk_out":96.62071498293538,"walk_back":96.62071498293538},"rail-006964":{"out":24.943674614007474,"back":24.943674614007474,"walk_out":83.14558204669157,"walk_back":83.14558204669157},"rail-006933":{"out":26.066787530190766,"back":26.066787530190766,"walk_out":86.88929176730255,"walk_back":86.88929176730255},"rail-007365":{"out":29.31148977460587,"back":29.31148977460587,"walk_out":97.7049659153529,"walk_back":97.7049659153529},"ikoma":{"out":29.56645574804526,"back":29.56645574804526,"walk_out":98.5548524934842,"walk_back":98.5548524934842},"rail-007219":{"out":28.495303945530598,"back":28.495303945530598,"walk_out":94.984346485102,"walk_back":94.984346485102},"rail-007178":{"out":21.229979823099516,"back":21.229979823099516,"walk_out":70.76659941033172,"walk_back":70.76659941033172},"rail-006753":{"out":27.703788278554864,"back":27.703788278554864,"walk_out":92.3459609285162,"walk_back":92.3459609285162},"rail-007354":{"out":29.530074859173947,"back":29.530074859173947,"walk_out":98.43358286391316,"walk_back":98.43358286391316},"rail-007234":{"out":23.34855530644245,"back":23.34855530644245,"walk_out":77.8285176881415,"walk_back":77.8285176881415},"rail-006845":{"out":11.017711358122734,"back":11.017711358122734,"walk_out":36.72570452707578,"walk_back":36.72570452707578},"rail-006892":{"out":19.826266179794803,"back":19.826266179794803,"walk_out":66.08755393264934,"walk_back":66.08755393264934},"rail-006983":{"out":4.980338156952437,"back":4.980338156952437,"walk_out":16.60112718984146,"walk_back":16.60112718984146},"nagata":{"out":25.457678240094175,"back":25.457678240094175,"walk_out":84.85892746698059,"walk_back":84.85892746698059},"kadoma_minami":{"out":14.075169380610964,"back":14.075169380610964,"walk_out":46.91723126870321,"walk_back":46.91723126870321},"rail-006885":{"out":17.393058802195377,"back":17.393058802195377,"walk_out":57.97686267398459,"walk_back":57.97686267398459},"rail-007207":{"out":28.67255077527318,"back":28.67255077527318,"walk_out":95.5751692509106,"walk_back":95.5751692509106},"rail-007256":{"out":24.59689297766671,"back":24.59689297766671,"walk_out":81.98964325888903,"walk_back":81.98964325888903},"rail-006699":{"out":25.458463655863522,"back":25.458463655863522,"walk_out":84.86154551954507,"walk_back":84.86154551954507},"rail-007235":{"out":29.923931869374417,"back":29.923931869374417,"walk_out":99.7464395645814,"walk_back":99.7464395645814},"rail-007229":{"out":29.840013448453327,"back":29.840013448453327,"walk_out":99.46671149484442,"walk_back":99.46671149484442},"rail-007135":{"out":29.144099371163552,"back":29.144099371163552,"walk_out":97.1469979038785,"walk_back":97.1469979038785},"rail-007084":{"out":17.02666767858345,"back":17.02666767858345,"walk_out":56.75555892861151,"walk_back":56.75555892861151},"tsurumi":{"out":19.014033806144454,"back":19.014033806144454,"walk_out":63.38011268714817,"walk_back":63.38011268714817}}}},{"type":"Feature","geometry":{"type":"Point","coordinates":[135.5788,34.63141]},"properties":{"id":"bodik-osaka-91cd8ccdbbfc8fe013ff","name":"ノルディックウォーク講習会","venue":"久宝寺緑地","address":"","category":"その他","source_category":"","date":"2026-11-01","end_date":"2026-11-01","start":null,"end":null,"schedule":"","url":"https://kyuhoji-ryokuchi.jp/","source":"大阪府 イベント一覧（BODIK）","source_updated":"2026-09-14T08:52:41.251751","fetched_at":"2026-09-18T14:35:26.570Z","coordinate_source":"https://data.bodik.jp/ja/dataset/270008_event","fictional":false,"access":{"rail-007376":{"out":12.3360863913444,"back":12.3360863913444,"walk_out":41.120287971148,"walk_back":41.120287971148},"rail-007344":{"out":14.833195010312476,"back":14.833195010312476,"walk_out":49.443983367708256,"walk_back":49.443983367708256},"rail-007422":{"out":8.815085537781805,"back":8.815085537781805,"walk_out":29.383618459272682,"walk_back":29.383618459272682},"kyuhoji":{"out":4.5327503034730015,"back":4.5327503034730015,"walk_out":15.109167678243338,"walk_back":15.109167678243338},"rail-007491":{"out":4.5313010230363195,"back":4.5313010230363195,"walk_out":15.1043367434544,"walk_back":15.1043367434544},"rail-007529":{"out":17.60646567801607,"back":17.60646567801607,"walk_out":58.68821892672024,"walk_back":58.68821892672024},"rail-007450":{"out":28.70687434162788,"back":28.70687434162788,"walk_out":95.6895811387596,"walk_back":95.6895811387596},"rail-007459":{"out":28.677672229759636,"back":28.677672229759636,"walk_out":95.59224076586545,"walk_back":95.59224076586545},"rail-007284":{"out":20.874050828737538,"back":20.874050828737538,"walk_out":69.58016942912512,"walk_back":69.58016942912512},"rail-007342":{"out":18.202018757829997,"back":18.202018757829997,"walk_out":60.67339585943333,"walk_back":60.67339585943333},"rail-007378":{"out":12.36736585833943,"back":12.36736585833943,"walk_out":41.22455286113143,"walk_back":41.22455286113143},"rail-007549":{"out":23.72916130545068,"back":23.72916130545068,"walk_out":79.09720435150227,"walk_back":79.09720435150227},"rail-007560":{"out":9.168430406691996,"back":9.168430406691996,"walk_out":30.56143468897332,"walk_back":30.56143468897332},"rail-007618":{"out":15.27376964483595,"back":15.27376964483595,"walk_out":50.91256548278649,"walk_back":50.91256548278649},"rail-007351":{"out":14.888633534461793,"back":14.888633534461793,"walk_out":49.62877844820597,"walk_back":49.62877844820597},"rail-007582":{"out":11.092482224895164,"back":11.092482224895164,"walk_out":36.97494074965054,"walk_back":36.97494074965054},"rail-007524":{"out":4.8502657388788295,"back":4.8502657388788295,"walk_out":16.167552462929432,"walk_back":16.167552462929432},"dobutsuen":{"out":28.58622355596859,"back":28.58622355596859,"walk_out":95.28741185322863,"walk_back":95.28741185322863},"rail-007485":{"out":28.84750342346281,"back":28.84750342346281,"walk_out":96.15834474487603,"walk_back":96.15834474487603},"rail-007412":{"out":13.053082955677729,"back":13.053082955677729,"walk_out":43.510276518925764,"walk_back":43.510276518925764},"rail-007502":{"out":18.249595776689237,"back":18.249595776689237,"walk_out":60.83198592229745,"walk_back":60.83198592229745},"rail-007522":{"out":26.89441899033533,"back":26.89441899033533,"walk_out":89.64806330111776,"walk_back":89.64806330111776},"rail-007462":{"out":10.65761179448601,"back":10.65761179448601,"walk_out":35.5253726482867,"walk_back":35.5253726482867},"rail-007531":{"out":21.359005619253065,"back":21.359005619253065,"walk_out":71.19668539751022,"walk_back":71.19668539751022},"rail-007213":{"out":27.44601767773998,"back":27.44601767773998,"walk_out":91.4867255924666,"walk_back":91.4867255924666},"rail-007581":{"out":13.901609035314568,"back":13.901609035314568,"walk_out":46.338696784381895,"walk_back":46.338696784381895},"rail-007382":{"out":26.51872604929057,"back":26.51872604929057,"walk_out":88.39575349763523,"walk_back":88.39575349763523},"rail-007676":{"out":29.815966049304677,"back":29.815966049304677,"walk_out":99.38655349768226,"walk_back":99.38655349768226},"rail-007633":{"out":26.093333793129435,"back":26.093333793129435,"walk_out":86.97777931043144,"walk_back":86.97777931043144},"uehommachi":{"out":25.924218434239364,"back":25.924218434239364,"walk_out":86.41406144746455,"walk_back":86.41406144746455},"rail-007164":{"out":29.900442736915018,"back":29.900442736915018,"walk_out":99.66814245638339,"walk_back":99.66814245638339},"rail-007451":{"out":24.36135665780537,"back":24.36135665780537,"walk_out":81.20452219268456,"walk_back":81.20452219268456},"tennoji":{"out":24.432570102639293,"back":24.432570102639293,"walk_out":81.44190034213098,"walk_back":81.44190034213098},"rail-007447":{"out":24.96364928629508,"back":24.96364928629508,"walk_out":83.21216428765027,"walk_back":83.21216428765027},"rail-007515":{"out":29.697497655368245,"back":29.697497655368245,"walk_out":98.99165885122748,"walk_back":98.99165885122748},"rail-007532":{"out":27.870309916401126,"back":27.870309916401126,"walk_out":92.90103305467042,"walk_back":92.90103305467042},"rail-007653":{"out":29.29315856133514,"back":29.29315856133514,"walk_out":97.64386187111714,"walk_back":97.64386187111714},"rail-007434":{"out":21.49628591094289,"back":21.49628591094289,"walk_out":71.65428636980964,"walk_back":71.65428636980964},"rail-007368":{"out":15.65820958409393,"back":15.65820958409393,"walk_out":52.19403194697977,"walk_back":52.19403194697977},"rail-007657":{"out":27.84800140782502,"back":27.84800140782502,"walk_out":92.82667135941674,"walk_back":92.82667135941674},"fuse":{"out":15.56499408505987,"back":15.56499408505987,"walk_out":51.88331361686624,"walk_back":51.88331361686624},"rail-007538":{"out":29.743590438227383,"back":29.743590438227383,"walk_out":99.14530146075793,"walk_back":99.14530146075793},"rail-007547":{"out":28.971083287543994,"back":28.971083287543994,"walk_out":96.57027762514664,"walk_back":96.57027762514664},"rail-007559":{"out":29.852169969679448,"back":29.852169969679448,"walk_out":99.50723323226482,"walk_back":99.50723323226482},"rail-007505":{"out":10.16745600539689,"back":10.16745600539689,"walk_out":33.891520017989635,"walk_back":33.891520017989635},"rail-007546":{"out":11.954905897862298,"back":11.954905897862298,"walk_out":39.84968632620766,"walk_back":39.84968632620766},"rail-007468":{"out":4.750252733120279,"back":4.750252733120279,"walk_out":15.834175777067596,"walk_back":15.834175777067596},"rail-007131":{"out":27.184085590346967,"back":27.184085590346967,"walk_out":90.6136186344899,"walk_back":90.6136186344899},"rail-007606":{"out":19.380910945584397,"back":19.380910945584397,"walk_out":64.60303648528132,"walk_back":64.60303648528132},"rail-007578":{"out":19.843582531803175,"back":19.843582531803175,"walk_out":66.14527510601059,"walk_back":66.14527510601059},"rail-007674":{"out":25.82351270967732,"back":25.82351270967732,"walk_out":86.0783756989244,"walk_back":86.0783756989244},"rail-007399":{"out":28.780336553557433,"back":28.780336553557433,"walk_out":95.93445517852477,"walk_back":95.93445517852477},"rail-007611":{"out":28.13203171125882,"back":28.13203171125882,"walk_out":93.77343903752939,"walk_back":93.77343903752939},"rail-007595":{"out":29.28838482370203,"back":29.28838482370203,"walk_out":97.62794941234012,"walk_back":97.62794941234012},"rail-007162":{"out":25.81378593178628,"back":25.81378593178628,"walk_out":86.04595310595427,"walk_back":86.04595310595427},"rail-007486":{"out":22.23355409459852,"back":22.23355409459852,"walk_out":74.11184698199507,"walk_back":74.11184698199507},"shinimamiya":{"out":29.356807521071584,"back":29.356807521071584,"walk_out":97.85602507023862,"walk_back":97.85602507023862},"rail-007427":{"out":28.753358650968693,"back":28.753358650968693,"walk_out":95.8445288365623,"walk_back":95.8445288365623},"rail-007523":{"out":4.333110288140507,"back":4.333110288140507,"walk_out":14.443700960468355,"walk_back":14.443700960468355},"rail-007297":{"out":18.66808296958844,"back":18.66808296958844,"walk_out":62.226943231961464,"walk_back":62.226943231961464},"rail-007499":{"out":22.669900418391084,"back":22.669900418391084,"walk_out":75.56633472797029,"walk_back":75.56633472797029},"rail-007528":{"out":22.92912763257913,"back":22.92912763257913,"walk_out":76.43042544193044,"walk_back":76.43042544193044},"rail-007500":{"out":25.73623519494858,"back":25.73623519494858,"walk_out":85.7874506498286,"walk_back":85.7874506498286},"higashihanazono":{"out":22.313979088580744,"back":22.313979088580744,"walk_out":74.37993029526915,"walk_back":74.37993029526915},"rail-007479":{"out":15.338846204505753,"back":15.338846204505753,"walk_out":51.12948734835251,"walk_back":51.12948734835251},"rail-007472":{"out":28.724876441683573,"back":28.724876441683573,"walk_out":95.74958813894524,"walk_back":95.74958813894524},"rail-007487":{"out":25.300283883611595,"back":25.300283883611595,"walk_out":84.33427961203866,"walk_back":84.33427961203866},"rail-007636":{"out":25.683719016502522,"back":25.683719016502522,"walk_out":85.61239672167507,"walk_back":85.61239672167507},"rail-007652":{"out":27.86035714196441,"back":27.86035714196441,"walk_out":92.86785713988137,"walk_back":92.86785713988137},"rail-007380":{"out":22.159354951053253,"back":22.159354951053253,"walk_out":73.86451650351084,"walk_back":73.86451650351084},"morinomiya":{"out":28.024875674129362,"back":28.024875674129362,"walk_out":93.41625224709787,"walk_back":93.41625224709787},"rail-007639":{"out":25.735905794213593,"back":25.735905794213593,"walk_out":85.78635264737865,"walk_back":85.78635264737865},"rail-007350":{"out":14.515811004137934,"back":14.515811004137934,"walk_out":48.386036680459775,"walk_back":48.386036680459775},"kawachi_yamamoto":{"out":14.8558630861602,"back":14.8558630861602,"walk_out":49.519543620534,"walk_back":49.519543620534},"rail-007668":{"out":26.07307764288168,"back":26.07307764288168,"walk_out":86.91025880960561,"walk_back":86.91025880960561},"rail-007345":{"out":14.750474298547847,"back":14.750474298547847,"walk_out":49.16824766182616,"walk_back":49.16824766182616},"rail-007359":{"out":20.10963787132724,"back":20.10963787132724,"walk_out":67.03212623775747,"walk_back":67.03212623775747},"rail-007470":{"out":20.41804401582414,"back":20.41804401582414,"walk_out":68.0601467194138,"walk_back":68.0601467194138},"rail-007621":{"out":23.69958669304543,"back":23.69958669304543,"walk_out":78.99862231015143,"walk_back":78.99862231015143},"fukaebashi":{"out":22.718026710549125,"back":22.718026710549125,"walk_out":75.72675570183041,"walk_back":75.72675570183041},"rail-007260":{"out":25.162452572878067,"back":25.162452572878067,"walk_out":83.87484190959356,"walk_back":83.87484190959356},"rail-007365":{"out":25.935726305786226,"back":25.935726305786226,"walk_out":86.45242101928743,"walk_back":86.45242101928743},"rail-007519":{"out":19.65222217326981,"back":19.65222217326981,"walk_out":65.5074072442327,"walk_back":65.5074072442327},"rail-007590":{"out":20.255447172771774,"back":20.255447172771774,"walk_out":67.51815724257257,"walk_back":67.51815724257257},"rail-007201":{"out":25.172849591053637,"back":25.172849591053637,"walk_out":83.90949863684546,"walk_back":83.90949863684546},"rail-007475":{"out":20.389616893775678,"back":20.389616893775678,"walk_out":67.96538964591892,"walk_back":67.96538964591892},"rail-007498":{"out":29.045491402374232,"back":29.045491402374232,"walk_out":96.81830467458077,"walk_back":96.81830467458077},"rail-007354":{"out":17.76928185610558,"back":17.76928185610558,"walk_out":59.23093952035193,"walk_back":59.23093952035193},"rail-007234":{"out":23.083134776255484,"back":23.083134776255484,"walk_out":76.94378258751827,"walk_back":76.94378258751827},"rail-007452":{"out":29.857843112677283,"back":29.857843112677283,"walk_out":99.52614370892428,"walk_back":99.52614370892428},"rail-007678":{"out":27.21513137281386,"back":27.21513137281386,"walk_out":90.71710457604621,"walk_back":90.71710457604621},"rail-007477":{"out":5.292671039364361,"back":5.292671039364361,"walk_out":17.642236797881203,"walk_back":17.642236797881203},"rail-007540":{"out":23.68778514471783,"back":23.68778514471783,"walk_out":78.9592838157261,"walk_back":78.9592838157261},"tanimachi9":{"out":27.969189761189032,"back":27.969189761189032,"walk_out":93.23063253729677,"walk_back":93.23063253729677},"tanimachi6":{"out":29.825386665913907,"back":29.825386665913907,"walk_out":99.41795555304635,"walk_back":99.41795555304635},"kintetsu_yao":{"out":9.08339652161075,"back":9.08339652161075,"walk_out":30.277988405369168,"walk_back":30.277988405369168},"rail-007562":{"out":17.922425460140573,"back":17.922425460140573,"walk_out":59.74141820046858,"walk_back":59.74141820046858},"rail-007594":{"out":12.996870207822015,"back":12.996870207822015,"walk_out":43.32290069274005,"walk_back":43.32290069274005},"nagai":{"out":25.625670018062074,"back":25.625670018062074,"walk_out":85.41890006020691,"walk_back":85.41890006020691},"rail-007425":{"out":8.215521998023233,"back":8.215521998023233,"walk_out":27.38507332674411,"walk_back":27.38507332674411},"nagata":{"out":21.601972738646726,"back":21.601972738646726,"walk_out":72.00657579548908,"walk_back":72.00657579548908},"rail-007460":{"out":24.94714050690037,"back":24.94714050690037,"walk_out":83.15713502300123,"walk_back":83.15713502300123},"rail-007543":{"out":17.406065053200173,"back":17.406065053200173,"walk_out":58.02021684400057,"walk_back":58.02021684400057},"rail-007235":{"out":21.06543401803524,"back":21.06543401803524,"walk_out":70.21811339345079,"walk_back":70.21811339345079},"rail-007229":{"out":21.219897472779472,"back":21.219897472779472,"walk_out":70.73299157593156,"walk_back":70.73299157593156},"rail-007551":{"out":17.47660131835153,"back":17.47660131835153,"walk_out":58.25533772783844,"walk_back":58.25533772783844},"rail-007569":{"out":28.43112932573508,"back":28.43112932573508,"walk_out":94.7704310857836,"walk_back":94.7704310857836},"rail-007669":{"out":27.74257075464811,"back":27.74257075464811,"walk_out":92.47523584882703,"walk_back":92.47523584882703},"rail-007679":{"out":26.733241185337057,"back":26.733241185337057,"walk_out":89.11080395112351,"walk_back":89.11080395112351},"rail-007125":{"out":29.935945697977782,"back":29.935945697977782,"walk_out":99.78648565992594,"walk_back":99.78648565992594},"rail-007556":{"out":23.354118957231663,"back":23.354118957231663,"walk_out":77.84706319077222,"walk_back":77.84706319077222},"tsuruhashi":{"out":23.39538296941601,"back":23.39538296941601,"walk_out":77.98460989805336,"walk_back":77.98460989805336}}}},{"type":"Feature","geometry":{"type":"Point","coordinates":[135.52419,34.56602]},"properties":{"id":"bodik-osaka-cbfae3e32d8615631cd4","name":"ネイチャークラフト講習会","venue":"大泉緑地","address":"","category":"その他","source_category":"","date":"2026-11-01","end_date":"2026-11-01","start":null,"end":null,"schedule":"","url":"https://oizumi.osaka-park.or.jp/","source":"大阪府 イベント一覧（BODIK）","source_updated":"2026-09-14T08:52:41.251751","fetched_at":"2026-09-18T14:35:26.570Z","coordinate_source":"https://data.bodik.jp/ja/dataset/270008_event","fictional":false,"access":{"rail-007626":{"out":19.782737707068787,"back":19.782737707068787,"walk_out":65.94245902356262,"walk_back":65.94245902356262},"rail-007693":{"out":11.508299122151096,"back":11.508299122151096,"walk_out":38.360997073836984,"walk_back":38.360997073836984},"rail-007735":{"out":18.45761170514828,"back":18.45761170514828,"walk_out":61.52537235049428,"walk_back":61.52537235049428},"nakamozu":{"out":7.825155483123821,"back":7.825155483123821,"walk_out":26.083851610412733,"walk_back":26.083851610412733},"rail-007529":{"out":26.932501752829193,"back":26.932501752829193,"walk_out":89.77500584276397,"walk_back":89.77500584276397},"rail-007593":{"out":22.139987025212935,"back":22.139987025212935,"walk_out":73.79995675070978,"walk_back":73.79995675070978},"rail-007580":{"out":26.70193046804018,"back":26.70193046804018,"walk_out":89.00643489346727,"walk_back":89.00643489346727},"rail-007567":{"out":24.401886974168463,"back":24.401886974168463,"walk_out":81.33962324722822,"walk_back":81.33962324722822},"rail-007573":{"out":24.16017542163456,"back":24.16017542163456,"walk_out":80.5339180721152,"walk_back":80.5339180721152},"rail-007572":{"out":23.20303579519925,"back":23.20303579519925,"walk_out":77.34345265066416,"walk_back":77.34345265066416},"rail-007574":{"out":23.95964628473421,"back":23.95964628473421,"walk_out":79.8654876157807,"walk_back":79.8654876157807},"rail-007618":{"out":25.57037607539488,"back":25.57037607539488,"walk_out":85.23458691798292,"walk_back":85.23458691798292},"rail-007582":{"out":24.37248373843173,"back":24.37248373843173,"walk_out":81.2416124614391,"walk_back":81.2416124614391},"rail-007747":{"out":10.617176062024015,"back":10.617176062024015,"walk_out":35.39058687341338,"walk_back":35.39058687341338},"rail-007544":{"out":29.562122294659005,"back":29.562122294659005,"walk_out":98.54040764886335,"walk_back":98.54040764886335},"rail-007502":{"out":29.411408570526255,"back":29.411408570526255,"walk_out":98.03802856842086,"walk_back":98.03802856842086},"rail-007522":{"out":28.10335159471841,"back":28.10335159471841,"walk_out":93.67783864906137,"walk_back":93.67783864906137},"rail-007647":{"out":7.864197344160726,"back":7.864197344160726,"walk_out":26.213991147202417,"walk_back":26.213991147202417},"rail-007788":{"out":20.392383079668765,"back":20.392383079668765,"walk_out":67.97461026556255,"walk_back":67.97461026556255},"rail-007531":{"out":26.510019580701197,"back":26.510019580701197,"walk_out":88.36673193567066,"walk_back":88.36673193567066},"rail-007581":{"out":21.7498061262108,"back":21.7498061262108,"walk_out":72.499353754036,"walk_back":72.499353754036},"rail-007649":{"out":21.516349302148946,"back":21.516349302148946,"walk_out":71.72116434049649,"walk_back":71.72116434049649},"rail-007660":{"out":10.67593136837051,"back":10.67593136837051,"walk_out":35.58643789456836,"walk_back":35.58643789456836},"rail-007667":{"out":14.994350618982999,"back":14.994350618982999,"walk_out":49.98116872994333,"walk_back":49.98116872994333},"rail-007534":{"out":27.787893287651542,"back":27.787893287651542,"walk_out":92.62631095883847,"walk_back":92.62631095883847},"rail-007622":{"out":18.714959319426644,"back":18.714959319426644,"walk_out":62.38319773142214,"walk_back":62.38319773142214},"rail-007654":{"out":19.1043932292385,"back":19.1043932292385,"walk_out":63.68131076412834,"walk_back":63.68131076412834},"rail-007831":{"out":29.827540712763508,"back":29.827540712763508,"walk_out":99.42513570921169,"walk_back":99.42513570921169},"rail-007515":{"out":29.72360462112311,"back":29.72360462112311,"walk_out":99.07868207041037,"walk_back":99.07868207041037},"rail-007646":{"out":18.411155121287468,"back":18.411155121287468,"walk_out":61.37051707095823,"walk_back":61.37051707095823},"rail-007532":{"out":26.95490744390536,"back":26.95490744390536,"walk_out":89.84969147968454,"walk_back":89.84969147968454},"rail-007592":{"out":21.532375314448604,"back":21.532375314448604,"walk_out":71.77458438149534,"walk_back":71.77458438149534},"rail-007666":{"out":19.66130724040419,"back":19.66130724040419,"walk_out":65.53769080134731,"walk_back":65.53769080134731},"rail-007673":{"out":20.351618163073688,"back":20.351618163073688,"walk_out":67.83872721024562,"walk_back":67.83872721024562},"rail-007517":{"out":29.694190029435948,"back":29.694190029435948,"walk_out":98.98063343145316,"walk_back":98.98063343145316},"rail-007657":{"out":7.665128800783616,"back":7.665128800783616,"walk_out":25.550429335945385,"walk_back":25.550429335945385},"rail-007538":{"out":26.614951954969904,"back":26.614951954969904,"walk_out":88.71650651656635,"walk_back":88.71650651656635},"rail-007547":{"out":25.731771033970126,"back":25.731771033970126,"walk_out":85.77257011323375,"walk_back":85.77257011323375},"rail-007559":{"out":24.73609014714906,"back":24.73609014714906,"walk_out":82.4536338238302,"walk_back":82.4536338238302},"rail-007546":{"out":26.072591594249158,"back":26.072591594249158,"walk_out":86.90863864749718,"walk_back":86.90863864749718},"rail-007682":{"out":21.153503248500105,"back":21.153503248500105,"walk_out":70.51167749500036,"walk_back":70.51167749500036},"rail-007674":{"out":18.123624985242518,"back":18.123624985242518,"walk_out":60.41208328414172,"walk_back":60.41208328414172},"rail-007611":{"out":15.262507030244395,"back":15.262507030244395,"walk_out":50.87502343414798,"walk_back":50.87502343414798},"rail-007609":{"out":18.12514057074336,"back":18.12514057074336,"walk_out":60.41713523581119,"walk_back":60.41713523581119},"rail-007595":{"out":17.31212140759033,"back":17.31212140759033,"walk_out":57.70707135863443,"walk_back":57.70707135863443},"rail-007607":{"out":20.0172799105858,"back":20.0172799105858,"walk_out":66.72426636861933,"walk_back":66.72426636861933},"rail-007690":{"out":3.407887527462735,"back":3.407887527462735,"walk_out":11.35962509154245,"walk_back":11.35962509154245},"rail-007499":{"out":29.900119320185986,"back":29.900119320185986,"walk_out":99.66706440061995,"walk_back":99.66706440061995},"rail-007623":{"out":14.29031656713143,"back":14.29031656713143,"walk_out":47.63438855710477,"walk_back":47.63438855710477},"rail-007699":{"out":22.528148249339246,"back":22.528148249339246,"walk_out":75.09382749779748,"walk_back":75.09382749779748},"rail-007525":{"out":28.96652166508333,"back":28.96652166508333,"walk_out":96.55507221694444,"walk_back":96.55507221694444},"rail-007553":{"out":25.94480313221004,"back":25.94480313221004,"walk_out":86.4826771073668,"walk_back":86.4826771073668},"rail-007587":{"out":20.528383558988807,"back":20.528383558988807,"walk_out":68.42794519662937,"walk_back":68.42794519662937},"rail-007639":{"out":9.72777671258199,"back":9.72777671258199,"walk_out":32.4259223752733,"walk_back":32.4259223752733},"rail-007668":{"out":12.87755335160262,"back":12.87755335160262,"walk_out":42.9251778386754,"walk_back":42.9251778386754},"rail-007746":{"out":23.052259510779233,"back":23.052259510779233,"walk_out":76.84086503593078,"walk_back":76.84086503593078},"rail-007641":{"out":11.690273841265247,"back":11.690273841265247,"walk_out":38.967579470884154,"walk_back":38.967579470884154},"rail-007630":{"out":16.0402720953413,"back":16.0402720953413,"walk_out":53.46757365113767,"walk_back":53.46757365113767},"rail-007776":{"out":18.626692965882885,"back":18.626692965882885,"walk_out":62.088976552942945,"walk_back":62.088976552942945},"rail-007683":{"out":23.564069878708057,"back":23.564069878708057,"walk_out":78.54689959569352,"walk_back":78.54689959569352},"rail-007800":{"out":23.652500540941663,"back":23.652500540941663,"walk_out":78.84166846980554,"walk_back":78.84166846980554},"rail-007533":{"out":28.622318461650295,"back":28.622318461650295,"walk_out":95.40772820550097,"walk_back":95.40772820550097},"rail-007519":{"out":27.827444880978664,"back":27.827444880978664,"walk_out":92.75814960326221,"walk_back":92.75814960326221},"rail-007733":{"out":8.118076047840942,"back":8.118076047840942,"walk_out":27.060253492803138,"walk_back":27.060253492803138},"rail-007709":{"out":13.262230490820661,"back":13.262230490820661,"walk_out":44.2074349694022,"walk_back":44.2074349694022},"rail-007704":{"out":9.75389436382508,"back":9.75389436382508,"walk_out":32.51298121275027,"walk_back":32.51298121275027},"rail-007590":{"out":18.02806086086241,"back":18.02806086086241,"walk_out":60.093536202874695,"walk_back":60.093536202874695},"rail-007714":{"out":25.767297053714078,"back":25.767297053714078,"walk_out":85.89099017904692,"walk_back":85.89099017904692},"rail-007706":{"out":23.977389458373203,"back":23.977389458373203,"walk_out":79.92463152791068,"walk_back":79.92463152791068},"rail-007707":{"out":26.148216977732332,"back":26.148216977732332,"walk_out":87.16072325910777,"walk_back":87.16072325910777},"rail-007564":{"out":24.327840259850813,"back":24.327840259850813,"walk_out":81.09280086616937,"walk_back":81.09280086616937},"rail-007640":{"out":18.213713601048482,"back":18.213713601048482,"walk_out":60.7123786701616,"walk_back":60.7123786701616},"rail-007554":{"out":26.039706011232333,"back":26.039706011232333,"walk_out":86.79902003744111,"walk_back":86.79902003744111},"rail-007579":{"out":22.888820131694565,"back":22.888820131694565,"walk_out":76.29606710564855,"walk_back":76.29606710564855},"rail-007635":{"out":17.893408692152146,"back":17.893408692152146,"walk_out":59.64469564050716,"walk_back":59.64469564050716},"rail-007734":{"out":27.868587439802532,"back":27.868587439802532,"walk_out":92.89529146600844,"walk_back":92.89529146600844},"rail-007650":{"out":18.669421024150807,"back":18.669421024150807,"walk_out":62.231403413836034,"walk_back":62.231403413836034},"rail-007760":{"out":13.47267573936368,"back":13.47267573936368,"walk_out":44.90891913121227,"walk_back":44.90891913121227},"rail-007678":{"out":25.684634369367625,"back":25.684634369367625,"walk_out":85.61544789789208,"walk_back":85.61544789789208},"rail-007540":{"out":24.962322178237045,"back":24.962322178237045,"walk_out":83.20774059412349,"walk_back":83.20774059412349},"rail-007729":{"out":28.193421573249278,"back":28.193421573249278,"walk_out":93.97807191083093,"walk_back":93.97807191083093},"rail-007562":{"out":22.92560672380577,"back":22.92560672380577,"walk_out":76.41868907935257,"walk_back":76.41868907935257},"rail-007594":{"out":24.34213050195954,"back":24.34213050195954,"walk_out":81.1404350065318,"walk_back":81.1404350065318},"nagai":{"out":19.925436873456313,"back":19.925436873456313,"walk_out":66.41812291152104,"walk_back":66.41812291152104},"rail-007543":{"out":24.893969561145756,"back":24.893969561145756,"walk_out":82.97989853715252,"walk_back":82.97989853715252},"rail-007669":{"out":8.96844808809805,"back":8.96844808809805,"walk_out":29.894826960326835,"walk_back":29.894826960326835},"rail-007628":{"out":17.936504089518788,"back":17.936504089518788,"walk_out":59.78834696506262,"walk_back":59.78834696506262},"rail-007679":{"out":22.227734845702678,"back":22.227734845702678,"walk_out":74.09244948567559,"walk_back":74.09244948567559},"rail-007773":{"out":28.352157159923646,"back":28.352157159923646,"walk_out":94.50719053307883,"walk_back":94.50719053307883},"rail-007556":{"out":23.27602134676747,"back":23.27602134676747,"walk_out":77.58673782255825,"walk_back":77.58673782255825}}}},{"type":"Feature","geometry":{"type":"Point","coordinates":[135.29394,34.41192]},"properties":{"id":"bodik-osaka-2745758b886159ca1d86","name":"りんくう公園手作りバームクーヘン体験","venue":"りんくう公園","address":"","category":"その他","source_category":"","date":"2026-11-03","end_date":"2026-11-03","start":null,"end":null,"schedule":"","url":"https://rinku.osaka-park.or.jp/","source":"大阪府 イベント一覧（BODIK）","source_updated":"2026-09-14T08:52:41.251751","fetched_at":"2026-09-18T14:35:26.570Z","coordinate_source":"https://data.bodik.jp/ja/dataset/270008_event","fictional":false,"access":{"rail-007996":{"out":2.0659986420144367,"back":2.0659986420144367,"walk_out":6.886662140048122,"walk_back":6.886662140048122},"rail-007964":{"out":20.708110754004462,"back":20.708110754004462,"walk_out":69.02703584668154,"walk_back":69.02703584668154},"rail-007985":{"out":13.809086793814481,"back":13.809086793814481,"walk_out":46.03028931271494,"walk_back":46.03028931271494},"rail-008069":{"out":9.203816928369813,"back":9.203816928369813,"walk_out":30.679389761232706,"walk_back":30.679389761232706},"rail-007973":{"out":24.770164815972727,"back":24.770164815972727,"walk_out":82.56721605324243,"walk_back":82.56721605324243},"rail-008142":{"out":23.459637563168315,"back":23.459637563168315,"walk_out":78.19879187722772,"walk_back":78.19879187722772},"rail-008091":{"out":13.698166797072574,"back":13.698166797072574,"walk_out":45.66055599024191,"walk_back":45.66055599024191},"rail-008120":{"out":17.700136024926735,"back":17.700136024926735,"walk_out":59.00045341642245,"walk_back":59.00045341642245},"rail-008072":{"out":16.63312005530945,"back":16.63312005530945,"walk_out":55.44373351769817,"walk_back":55.44373351769817},"rail-007989":{"out":20.691413589899188,"back":20.691413589899188,"walk_out":68.9713786329973,"walk_back":68.9713786329973},"rail-008118":{"out":20.614293819408086,"back":20.614293819408086,"walk_out":68.71431273136028,"walk_back":68.71431273136028},"rail-007992":{"out":8.607733362390626,"back":8.607733362390626,"walk_out":28.692444541302088,"walk_back":28.692444541302088},"rail-007976":{"out":29.30929263506682,"back":29.30929263506682,"walk_out":97.6976421168894,"walk_back":97.6976421168894},"rail-008008":{"out":17.527564769624338,"back":17.527564769624338,"walk_out":58.425215898747794,"walk_back":58.425215898747794},"rail-007967":{"out":28.463014661916354,"back":28.463014661916354,"walk_out":94.87671553972118,"walk_back":94.87671553972118},"rail-008022":{"out":5.95986350050845,"back":5.95986350050845,"walk_out":19.8662116683615,"walk_back":19.8662116683615},"rail-007942":{"out":27.77025486993653,"back":27.77025486993653,"walk_out":92.56751623312176,"walk_back":92.56751623312176},"rail-007952":{"out":27.358599564771186,"back":27.358599564771186,"walk_out":91.19533188257063,"walk_back":91.19533188257063},"rail-007956":{"out":27.637680833724524,"back":27.637680833724524,"walk_out":92.12560277908175,"walk_back":92.12560277908175},"rail-008097":{"out":16.427389253319486,"back":16.427389253319486,"walk_out":54.75796417773162,"walk_back":54.75796417773162},"rail-007958":{"out":21.413083641431843,"back":21.413083641431843,"walk_out":71.37694547143947,"walk_back":71.37694547143947},"rail-007975":{"out":17.510729576341536,"back":17.510729576341536,"walk_out":58.36909858780512,"walk_back":58.36909858780512}}}},{"type":"Feature","geometry":{"type":"Point","coordinates":[135.52419,34.56602]},"properties":{"id":"bodik-osaka-1b6c7457287e0dbc3f00","name":"香りを楽しむボタニカルアロマサシェ作り","venue":"大泉緑地","address":"","category":"その他","source_category":"","date":"2026-11-03","end_date":"2026-11-03","start":null,"end":null,"schedule":"","url":"https://oizumi.osaka-park.or.jp/","source":"大阪府 イベント一覧（BODIK）","source_updated":"2026-09-14T08:52:41.251751","fetched_at":"2026-09-18T14:35:26.570Z","coordinate_source":"https://data.bodik.jp/ja/dataset/270008_event","fictional":false,"access":{"rail-007626":{"out":19.782737707068787,"back":19.782737707068787,"walk_out":65.94245902356262,"walk_back":65.94245902356262},"rail-007693":{"out":11.508299122151096,"back":11.508299122151096,"walk_out":38.360997073836984,"walk_back":38.360997073836984},"rail-007735":{"out":18.45761170514828,"back":18.45761170514828,"walk_out":61.52537235049428,"walk_back":61.52537235049428},"nakamozu":{"out":7.825155483123821,"back":7.825155483123821,"walk_out":26.083851610412733,"walk_back":26.083851610412733},"rail-007529":{"out":26.932501752829193,"back":26.932501752829193,"walk_out":89.77500584276397,"walk_back":89.77500584276397},"rail-007593":{"out":22.139987025212935,"back":22.139987025212935,"walk_out":73.79995675070978,"walk_back":73.79995675070978},"rail-007580":{"out":26.70193046804018,"back":26.70193046804018,"walk_out":89.00643489346727,"walk_back":89.00643489346727},"rail-007567":{"out":24.401886974168463,"back":24.401886974168463,"walk_out":81.33962324722822,"walk_back":81.33962324722822},"rail-007573":{"out":24.16017542163456,"back":24.16017542163456,"walk_out":80.5339180721152,"walk_back":80.5339180721152},"rail-007572":{"out":23.20303579519925,"back":23.20303579519925,"walk_out":77.34345265066416,"walk_back":77.34345265066416},"rail-007574":{"out":23.95964628473421,"back":23.95964628473421,"walk_out":79.8654876157807,"walk_back":79.8654876157807},"rail-007618":{"out":25.57037607539488,"back":25.57037607539488,"walk_out":85.23458691798292,"walk_back":85.23458691798292},"rail-007582":{"out":24.37248373843173,"back":24.37248373843173,"walk_out":81.2416124614391,"walk_back":81.2416124614391},"rail-007747":{"out":10.617176062024015,"back":10.617176062024015,"walk_out":35.39058687341338,"walk_back":35.39058687341338},"rail-007544":{"out":29.562122294659005,"back":29.562122294659005,"walk_out":98.54040764886335,"walk_back":98.54040764886335},"rail-007502":{"out":29.411408570526255,"back":29.411408570526255,"walk_out":98.03802856842086,"walk_back":98.03802856842086},"rail-007522":{"out":28.10335159471841,"back":28.10335159471841,"walk_out":93.67783864906137,"walk_back":93.67783864906137},"rail-007647":{"out":7.864197344160726,"back":7.864197344160726,"walk_out":26.213991147202417,"walk_back":26.213991147202417},"rail-007788":{"out":20.392383079668765,"back":20.392383079668765,"walk_out":67.97461026556255,"walk_back":67.97461026556255},"rail-007531":{"out":26.510019580701197,"back":26.510019580701197,"walk_out":88.36673193567066,"walk_back":88.36673193567066},"rail-007581":{"out":21.7498061262108,"back":21.7498061262108,"walk_out":72.499353754036,"walk_back":72.499353754036},"rail-007649":{"out":21.516349302148946,"back":21.516349302148946,"walk_out":71.72116434049649,"walk_back":71.72116434049649},"rail-007660":{"out":10.67593136837051,"back":10.67593136837051,"walk_out":35.58643789456836,"walk_back":35.58643789456836},"rail-007667":{"out":14.994350618982999,"back":14.994350618982999,"walk_out":49.98116872994333,"walk_back":49.98116872994333},"rail-007534":{"out":27.787893287651542,"back":27.787893287651542,"walk_out":92.62631095883847,"walk_back":92.62631095883847},"rail-007622":{"out":18.714959319426644,"back":18.714959319426644,"walk_out":62.38319773142214,"walk_back":62.38319773142214},"rail-007654":{"out":19.1043932292385,"back":19.1043932292385,"walk_out":63.68131076412834,"walk_back":63.68131076412834},"rail-007831":{"out":29.827540712763508,"back":29.827540712763508,"walk_out":99.42513570921169,"walk_back":99.42513570921169},"rail-007515":{"out":29.72360462112311,"back":29.72360462112311,"walk_out":99.07868207041037,"walk_back":99.07868207041037},"rail-007646":{"out":18.411155121287468,"back":18.411155121287468,"walk_out":61.37051707095823,"walk_back":61.37051707095823},"rail-007532":{"out":26.95490744390536,"back":26.95490744390536,"walk_out":89.84969147968454,"walk_back":89.84969147968454},"rail-007592":{"out":21.532375314448604,"back":21.532375314448604,"walk_out":71.77458438149534,"walk_back":71.77458438149534},"rail-007666":{"out":19.66130724040419,"back":19.66130724040419,"walk_out":65.53769080134731,"walk_back":65.53769080134731},"rail-007673":{"out":20.351618163073688,"back":20.351618163073688,"walk_out":67.83872721024562,"walk_back":67.83872721024562},"rail-007517":{"out":29.694190029435948,"back":29.694190029435948,"walk_out":98.98063343145316,"walk_back":98.98063343145316},"rail-007657":{"out":7.665128800783616,"back":7.665128800783616,"walk_out":25.550429335945385,"walk_back":25.550429335945385},"rail-007538":{"out":26.614951954969904,"back":26.614951954969904,"walk_out":88.71650651656635,"walk_back":88.71650651656635},"rail-007547":{"out":25.731771033970126,"back":25.731771033970126,"walk_out":85.77257011323375,"walk_back":85.77257011323375},"rail-007559":{"out":24.73609014714906,"back":24.73609014714906,"walk_out":82.4536338238302,"walk_back":82.4536338238302},"rail-007546":{"out":26.072591594249158,"back":26.072591594249158,"walk_out":86.90863864749718,"walk_back":86.90863864749718},"rail-007682":{"out":21.153503248500105,"back":21.153503248500105,"walk_out":70.51167749500036,"walk_back":70.51167749500036},"rail-007674":{"out":18.123624985242518,"back":18.123624985242518,"walk_out":60.41208328414172,"walk_back":60.41208328414172},"rail-007611":{"out":15.262507030244395,"back":15.262507030244395,"walk_out":50.87502343414798,"walk_back":50.87502343414798},"rail-007609":{"out":18.12514057074336,"back":18.12514057074336,"walk_out":60.41713523581119,"walk_back":60.41713523581119},"rail-007595":{"out":17.31212140759033,"back":17.31212140759033,"walk_out":57.70707135863443,"walk_back":57.70707135863443},"rail-007607":{"out":20.0172799105858,"back":20.0172799105858,"walk_out":66.72426636861933,"walk_back":66.72426636861933},"rail-007690":{"out":3.407887527462735,"back":3.407887527462735,"walk_out":11.35962509154245,"walk_back":11.35962509154245},"rail-007499":{"out":29.900119320185986,"back":29.900119320185986,"walk_out":99.66706440061995,"walk_back":99.66706440061995},"rail-007623":{"out":14.29031656713143,"back":14.29031656713143,"walk_out":47.63438855710477,"walk_back":47.63438855710477},"rail-007699":{"out":22.528148249339246,"back":22.528148249339246,"walk_out":75.09382749779748,"walk_back":75.09382749779748},"rail-007525":{"out":28.96652166508333,"back":28.96652166508333,"walk_out":96.55507221694444,"walk_back":96.55507221694444},"rail-007553":{"out":25.94480313221004,"back":25.94480313221004,"walk_out":86.4826771073668,"walk_back":86.4826771073668},"rail-007587":{"out":20.528383558988807,"back":20.528383558988807,"walk_out":68.42794519662937,"walk_back":68.42794519662937},"rail-007639":{"out":9.72777671258199,"back":9.72777671258199,"walk_out":32.4259223752733,"walk_back":32.4259223752733},"rail-007668":{"out":12.87755335160262,"back":12.87755335160262,"walk_out":42.9251778386754,"walk_back":42.9251778386754},"rail-007746":{"out":23.052259510779233,"back":23.052259510779233,"walk_out":76.84086503593078,"walk_back":76.84086503593078},"rail-007641":{"out":11.690273841265247,"back":11.690273841265247,"walk_out":38.967579470884154,"walk_back":38.967579470884154},"rail-007630":{"out":16.0402720953413,"back":16.0402720953413,"walk_out":53.46757365113767,"walk_back":53.46757365113767},"rail-007776":{"out":18.626692965882885,"back":18.626692965882885,"walk_out":62.088976552942945,"walk_back":62.088976552942945},"rail-007683":{"out":23.564069878708057,"back":23.564069878708057,"walk_out":78.54689959569352,"walk_back":78.54689959569352},"rail-007800":{"out":23.652500540941663,"back":23.652500540941663,"walk_out":78.84166846980554,"walk_back":78.84166846980554},"rail-007533":{"out":28.622318461650295,"back":28.622318461650295,"walk_out":95.40772820550097,"walk_back":95.40772820550097},"rail-007519":{"out":27.827444880978664,"back":27.827444880978664,"walk_out":92.75814960326221,"walk_back":92.75814960326221},"rail-007733":{"out":8.118076047840942,"back":8.118076047840942,"walk_out":27.060253492803138,"walk_back":27.060253492803138},"rail-007709":{"out":13.262230490820661,"back":13.262230490820661,"walk_out":44.2074349694022,"walk_back":44.2074349694022},"rail-007704":{"out":9.75389436382508,"back":9.75389436382508,"walk_out":32.51298121275027,"walk_back":32.51298121275027},"rail-007590":{"out":18.02806086086241,"back":18.02806086086241,"walk_out":60.093536202874695,"walk_back":60.093536202874695},"rail-007714":{"out":25.767297053714078,"back":25.767297053714078,"walk_out":85.89099017904692,"walk_back":85.89099017904692},"rail-007706":{"out":23.977389458373203,"back":23.977389458373203,"walk_out":79.92463152791068,"walk_back":79.92463152791068},"rail-007707":{"out":26.148216977732332,"back":26.148216977732332,"walk_out":87.16072325910777,"walk_back":87.16072325910777},"rail-007564":{"out":24.327840259850813,"back":24.327840259850813,"walk_out":81.09280086616937,"walk_back":81.09280086616937},"rail-007640":{"out":18.213713601048482,"back":18.213713601048482,"walk_out":60.7123786701616,"walk_back":60.7123786701616},"rail-007554":{"out":26.039706011232333,"back":26.039706011232333,"walk_out":86.79902003744111,"walk_back":86.79902003744111},"rail-007579":{"out":22.888820131694565,"back":22.888820131694565,"walk_out":76.29606710564855,"walk_back":76.29606710564855},"rail-007635":{"out":17.893408692152146,"back":17.893408692152146,"walk_out":59.64469564050716,"walk_back":59.64469564050716},"rail-007734":{"out":27.868587439802532,"back":27.868587439802532,"walk_out":92.89529146600844,"walk_back":92.89529146600844},"rail-007650":{"out":18.669421024150807,"back":18.669421024150807,"walk_out":62.231403413836034,"walk_back":62.231403413836034},"rail-007760":{"out":13.47267573936368,"back":13.47267573936368,"walk_out":44.90891913121227,"walk_back":44.90891913121227},"rail-007678":{"out":25.684634369367625,"back":25.684634369367625,"walk_out":85.61544789789208,"walk_back":85.61544789789208},"rail-007540":{"out":24.962322178237045,"back":24.962322178237045,"walk_out":83.20774059412349,"walk_back":83.20774059412349},"rail-007729":{"out":28.193421573249278,"back":28.193421573249278,"walk_out":93.97807191083093,"walk_back":93.97807191083093},"rail-007562":{"out":22.92560672380577,"back":22.92560672380577,"walk_out":76.41868907935257,"walk_back":76.41868907935257},"rail-007594":{"out":24.34213050195954,"back":24.34213050195954,"walk_out":81.1404350065318,"walk_back":81.1404350065318},"nagai":{"out":19.925436873456313,"back":19.925436873456313,"walk_out":66.41812291152104,"walk_back":66.41812291152104},"rail-007543":{"out":24.893969561145756,"back":24.893969561145756,"walk_out":82.97989853715252,"walk_back":82.97989853715252},"rail-007669":{"out":8.96844808809805,"back":8.96844808809805,"walk_out":29.894826960326835,"walk_back":29.894826960326835},"rail-007628":{"out":17.936504089518788,"back":17.936504089518788,"walk_out":59.78834696506262,"walk_back":59.78834696506262},"rail-007679":{"out":22.227734845702678,"back":22.227734845702678,"walk_out":74.09244948567559,"walk_back":74.09244948567559},"rail-007773":{"out":28.352157159923646,"back":28.352157159923646,"walk_out":94.50719053307883,"walk_back":94.50719053307883},"rail-007556":{"out":23.27602134676747,"back":23.27602134676747,"walk_out":77.58673782255825,"walk_back":77.58673782255825}}}},{"type":"Feature","geometry":{"type":"Point","coordinates":[135.57272,34.48347]},"properties":{"id":"bodik-osaka-ccf0509fbd2ff9f24e6f","name":"畑のクイズラリー","venue":"錦織公園","address":"","category":"その他","source_category":"","date":"2026-11-03","end_date":"2026-11-03","start":null,"end":null,"schedule":"","url":"https://nishikori.osaka-park.or.jp/","source":"大阪府 イベント一覧（BODIK）","source_updated":"2026-09-14T08:52:41.251751","fetched_at":"2026-09-18T14:35:26.570Z","coordinate_source":"https://data.bodik.jp/ja/dataset/270008_event","fictional":false,"access":{"rail-007957":{"out":20.828540053961294,"back":20.828540053961294,"walk_out":69.42846684653765,"walk_back":69.42846684653765},"rail-007788":{"out":20.617413612512,"back":20.617413612512,"walk_out":68.72471204170667,"walk_back":68.72471204170667},"rail-007909":{"out":6.849799733320226,"back":6.849799733320226,"walk_out":22.832665777734086,"walk_back":22.832665777734086},"rail-007790":{"out":21.53486454118113,"back":21.53486454118113,"walk_out":71.78288180393709,"walk_back":71.78288180393709},"rail-007831":{"out":11.028143520070044,"back":11.028143520070044,"walk_out":36.76047840023348,"walk_back":36.76047840023348},"rail-007832":{"out":13.843085662692246,"back":13.843085662692246,"walk_out":46.14361887564082,"walk_back":46.14361887564082},"rail-007840":{"out":11.422099063896493,"back":11.422099063896493,"walk_out":38.07366354632165,"walk_back":38.07366354632165},"rail-007856":{"out":7.585042718003429,"back":7.585042718003429,"walk_out":25.283475726678095,"walk_back":25.283475726678095},"rail-007912":{"out":7.686861488821962,"back":7.686861488821962,"walk_out":25.62287162940654,"walk_back":25.62287162940654},"rail-007934":{"out":14.396198844640194,"back":14.396198844640194,"walk_out":47.98732948213398,"walk_back":47.98732948213398},"rail-007846":{"out":23.255997905858937,"back":23.255997905858937,"walk_out":77.51999301952979,"walk_back":77.51999301952979},"rail-007887":{"out":4.256666256261785,"back":4.256666256261785,"walk_out":14.188887520872617,"walk_back":14.188887520872617},"rail-007882":{"out":5.202932056618796,"back":5.202932056618796,"walk_out":17.343106855395988,"walk_back":17.343106855395988},"rail-007800":{"out":17.28315973830153,"back":17.28315973830153,"walk_out":57.61053246100511,"walk_back":57.61053246100511},"rail-007977":{"out":26.153860966146148,"back":26.153860966146148,"walk_out":87.1795365538205,"walk_back":87.1795365538205},"rail-007760":{"out":27.555077495717445,"back":27.555077495717445,"walk_out":91.85025831905816,"walk_back":91.85025831905816},"rail-007851":{"out":7.154354878288646,"back":7.154354878288646,"walk_out":23.847849594295486,"walk_back":23.847849594295486}}}},{"type":"Feature","geometry":{"type":"Point","coordinates":[135.48216,34.77241]},"properties":{"id":"bodik-osaka-441a88237528d4c9e75a","name":"服部緑地ふれあい祭り","venue":"服部緑地","address":"","category":"その他","source_category":"","date":"2026-11-03","end_date":"2026-11-03","start":null,"end":null,"schedule":"","url":"https://hattori-ryokuchi.com/xo_event/fureai2025/","source":"大阪府 イベント一覧（BODIK）","source_updated":"2026-09-14T08:52:41.251751","fetched_at":"2026-09-18T14:35:26.570Z","coordinate_source":"https://data.bodik.jp/ja/dataset/270008_event","fictional":false,"access":{"rail-006872":{"out":19.672011092581386,"back":19.672011092581386,"walk_out":65.57337030860461,"walk_back":65.57337030860461},"rail-006860":{"out":26.044492561124475,"back":26.044492561124475,"walk_out":86.81497520374825,"walk_back":86.81497520374825},"rail-006601":{"out":23.26181474221749,"back":23.26181474221749,"walk_out":77.5393824740583,"walk_back":77.5393824740583},"rail-006889":{"out":15.541745045963804,"back":15.541745045963804,"walk_out":51.80581681987935,"walk_back":51.80581681987935},"rail-006833":{"out":21.073379422051698,"back":21.073379422051698,"walk_out":70.24459807350566,"walk_back":70.24459807350566},"rail-006849":{"out":17.99616636894214,"back":17.99616636894214,"walk_out":59.98722122980713,"walk_back":59.98722122980713},"rail-007016":{"out":28.071136951293774,"back":28.071136951293774,"walk_out":93.57045650431259,"walk_back":93.57045650431259},"rail-006797":{"out":24.40629691992816,"back":24.40629691992816,"walk_out":81.3543230664272,"walk_back":81.3543230664272},"rail-006709":{"out":22.360573154053316,"back":22.360573154053316,"walk_out":74.5352438468444,"walk_back":74.5352438468444},"rail-006714":{"out":25.22185277471612,"back":25.22185277471612,"walk_out":84.07284258238707,"walk_back":84.07284258238707},"rail-006584":{"out":26.99084257407688,"back":26.99084257407688,"walk_out":89.96947524692293,"walk_back":89.96947524692293},"rail-006935":{"out":22.42716460954518,"back":22.42716460954518,"walk_out":74.7572153651506,"walk_back":74.7572153651506},"rail-006624":{"out":26.133078173098365,"back":26.133078173098365,"walk_out":87.11026057699455,"walk_back":87.11026057699455},"rail-006543":{"out":23.61037544425587,"back":23.61037544425587,"walk_out":78.7012514808529,"walk_back":78.7012514808529},"juso":{"out":23.201975803629924,"back":23.201975803629924,"walk_out":77.33991934543307,"walk_back":77.33991934543307},"rail-007014":{"out":29.947766205721596,"back":29.947766205721596,"walk_out":99.82588735240532,"walk_back":99.82588735240532},"rail-006672":{"out":26.695647741638396,"back":26.695647741638396,"walk_out":88.98549247212799,"walk_back":88.98549247212799},"rail-006587":{"out":16.29725715290661,"back":16.29725715290661,"walk_out":54.324190509688705,"walk_back":54.324190509688705},"rail-006716":{"out":9.017284017134918,"back":9.017284017134918,"walk_out":30.057613390449728,"walk_back":30.057613390449728},"rail-006668":{"out":13.17137581318864,"back":13.17137581318864,"walk_out":43.904586043962134,"walk_back":43.904586043962134},"rail-006836":{"out":14.749352527008588,"back":14.749352527008588,"walk_out":49.16450842336196,"walk_back":49.16450842336196},"rail-006948":{"out":21.694661036942815,"back":21.694661036942815,"walk_out":72.31553678980939,"walk_back":72.31553678980939},"rail-006798":{"out":14.04434963515271,"back":14.04434963515271,"walk_out":46.81449878384236,"walk_back":46.81449878384236},"suita":{"out":15.741329118381449,"back":15.741329118381449,"walk_out":52.4710970612715,"walk_back":52.4710970612715},"rail-006826":{"out":15.442310416116555,"back":15.442310416116555,"walk_out":51.47436805372186,"walk_back":51.47436805372186},"rail-006956":{"out":27.977470711887158,"back":27.977470711887158,"walk_out":93.25823570629052,"walk_back":93.25823570629052},"rail-006830":{"out":22.946395717059747,"back":22.946395717059747,"walk_out":76.48798572353249,"walk_back":76.48798572353249},"tsukaguchi":{"out":25.656545808651305,"back":25.656545808651305,"walk_out":85.52181936217102,"walk_back":85.52181936217102},"rail-007009":{"out":26.98173931984025,"back":26.98173931984025,"walk_out":89.93913106613417,"walk_back":89.93913106613417},"rail-006674":{"out":16.907363019895918,"back":16.907363019895918,"walk_out":56.35787673298639,"walk_back":56.35787673298639},"tenroku":{"out":29.717127885756998,"back":29.717127885756998,"walk_out":99.05709295252333,"walk_back":99.05709295252333},"rail-006608":{"out":14.390205552527672,"back":14.390205552527672,"walk_out":47.967351841758905,"walk_back":47.967351841758905},"amagasaki":{"out":25.774741291213864,"back":25.774741291213864,"walk_out":85.9158043040462,"walk_back":85.9158043040462},"rail-006604":{"out":18.574601083771153,"back":18.574601083771153,"walk_out":61.91533694590384,"walk_back":61.91533694590384},"rail-006717":{"out":6.882374191961382,"back":6.882374191961382,"walk_out":22.94124730653794,"walk_back":22.94124730653794},"rail-006721":{"out":21.709025379308866,"back":21.709025379308866,"walk_out":72.36341793102955,"walk_back":72.36341793102955},"rail-006924":{"out":21.06685617621662,"back":21.06685617621662,"walk_out":70.22285392072207,"walk_back":70.22285392072207},"rail-006832":{"out":10.143765324255034,"back":10.143765324255034,"walk_out":33.81255108085011,"walk_back":33.81255108085011},"rail-007011":{"out":28.277148836301834,"back":28.277148836301834,"walk_out":94.25716278767277,"walk_back":94.25716278767277},"rail-006713":{"out":29.155785212141502,"back":29.155785212141502,"walk_out":97.18595070713833,"walk_back":97.18595070713833},"rail-006695":{"out":26.856818906537313,"back":26.856818906537313,"walk_out":89.52272968845772,"walk_back":89.52272968845772},"rail-006734":{"out":24.321576989276185,"back":24.321576989276185,"walk_out":81.07192329758729,"walk_back":81.07192329758729},"shinosaka":{"out":18.462475431752868,"back":18.462475431752868,"walk_out":61.54158477250956,"walk_back":61.54158477250956},"rail-006741":{"out":5.312481637647232,"back":5.312481637647232,"walk_out":17.708272125490772,"walk_back":17.708272125490772},"rail-006781":{"out":4.927789528115604,"back":4.927789528115604,"walk_out":16.42596509371868,"walk_back":16.42596509371868},"rail-006986":{"out":28.8361880509673,"back":28.8361880509673,"walk_out":96.12062683655766,"walk_back":96.12062683655766},"rail-006869":{"out":15.151453486372947,"back":15.151453486372947,"walk_out":50.50484495457649,"walk_back":50.50484495457649},"rail-006878":{"out":16.784562027664084,"back":16.784562027664084,"walk_out":55.94854009221361,"walk_back":55.94854009221361},"rail-006627":{"out":15.092279134445365,"back":15.092279134445365,"walk_out":50.30759711481788,"walk_back":50.30759711481788},"rail-006931":{"out":22.243851189281457,"back":22.243851189281457,"walk_out":74.14617063093819,"walk_back":74.14617063093819},"rail-006664":{"out":10.78823566329796,"back":10.78823566329796,"walk_out":35.960785544326534,"walk_back":35.960785544326534},"rail-006560":{"out":21.18191691553204,"back":21.18191691553204,"walk_out":70.60638971844013,"walk_back":70.60638971844013},"rail-006726":{"out":23.22935178366484,"back":23.22935178366484,"walk_out":77.43117261221613,"walk_back":77.43117261221613},"rail-006800":{"out":8.166577429683999,"back":8.166577429683999,"walk_out":27.22192476561333,"walk_back":27.22192476561333},"awaji":{"out":19.434134226585932,"back":19.434134226585932,"walk_out":64.78044742195311,"walk_back":64.78044742195311},"rail-006527":{"out":23.47414409156553,"back":23.47414409156553,"walk_out":78.2471469718851,"walk_back":78.2471469718851},"rail-006775":{"out":22.075290424423194,"back":22.075290424423194,"walk_out":73.58430141474399,"walk_back":73.58430141474399},"rail-006824":{"out":24.507392033074357,"back":24.507392033074357,"walk_out":81.69130677691453,"walk_back":81.69130677691453},"rail-006807":{"out":19.935190026222216,"back":19.935190026222216,"walk_out":66.45063342074071,"walk_back":66.45063342074071},"ishibashi":{"out":20.802620392911276,"back":20.802620392911276,"walk_out":69.34206797637091,"walk_back":69.34206797637091},"rail-006916":{"out":18.28283298793252,"back":18.28283298793252,"walk_out":60.942776626441734,"walk_back":60.942776626441734},"rail-006770":{"out":24.522956599378357,"back":24.522956599378357,"walk_out":81.74318866459453,"walk_back":81.74318866459453},"rail-006481":{"out":27.987004502019428,"back":27.987004502019428,"walk_out":93.29001500673142,"walk_back":93.29001500673142},"rail-010184":{"out":22.123800188588746,"back":22.123800188588746,"walk_out":73.74600062862915,"walk_back":73.74600062862915},"rail-010183":{"out":26.41211478927762,"back":26.41211478927762,"walk_out":88.0403826309254,"walk_back":88.0403826309254},"rail-006728":{"out":4.9088587901872165,"back":4.9088587901872165,"walk_out":16.362862633957388,"walk_back":16.362862633957388},"rail-006656":{"out":15.572856998974562,"back":15.572856998974562,"walk_out":51.90952332991521,"walk_back":51.90952332991521},"rail-006942":{"out":21.26457261485105,"back":21.26457261485105,"walk_out":70.88190871617017,"walk_back":70.88190871617017},"toyonaka":{"out":9.875640757803932,"back":9.875640757803932,"walk_out":32.91880252601311,"walk_back":32.91880252601311},"rail-006772":{"out":10.394606092287495,"back":10.394606092287495,"walk_out":34.64868697429165,"walk_back":34.64868697429165},"rail-006740":{"out":8.749169430268743,"back":8.749169430268743,"walk_out":29.16389810089581,"walk_back":29.16389810089581},"rail-006550":{"out":26.858019588353375,"back":26.858019588353375,"walk_out":89.52673196117792,"walk_back":89.52673196117792}}}},{"type":"Feature","geometry":{"type":"Point","coordinates":[135.65222,34.76039]},"properties":{"id":"bodik-osaka-ed66c2e0b0a693d3def1","name":"第17回　寝屋川公園フェスティバル","venue":"寝屋川公園","address":"","category":"その他","source_category":"","date":"2026-11-03","end_date":"2026-11-03","start":null,"end":null,"schedule":"","url":"http://neyagawa.osaka-park.or.jp/","source":"大阪府 イベント一覧（BODIK）","source_updated":"2026-09-14T08:52:41.251751","fetched_at":"2026-09-18T14:35:26.570Z","coordinate_source":"https://data.bodik.jp/ja/dataset/270008_event","fictional":false,"access":{"rail-006692":{"out":14.573975208470456,"back":14.573975208470456,"walk_out":48.579917361568185,"walk_back":48.579917361568185},"rail-007043":{"out":26.566803288662953,"back":26.566803288662953,"walk_out":88.55601096220984,"walk_back":88.55601096220984},"rail-006642":{"out":18.470558929070037,"back":18.470558929070037,"walk_out":61.56852976356679,"walk_back":61.56852976356679},"rail-006874":{"out":24.020208378200763,"back":24.020208378200763,"walk_out":80.06736126066922,"walk_back":80.06736126066922},"rail-006928":{"out":14.156784652145827,"back":14.156784652145827,"walk_out":47.18928217381942,"walk_back":47.18928217381942},"rail-006861":{"out":19.726024983823454,"back":19.726024983823454,"walk_out":65.75341661274484,"walk_back":65.75341661274484},"dainichi":{"out":27.43844513699659,"back":27.43844513699659,"walk_out":91.46148378998863,"walk_back":91.46148378998863},"rail-006572":{"out":23.7563007130437,"back":23.7563007130437,"walk_out":79.187669043479,"walk_back":79.187669043479},"rail-006813":{"out":2.211640750361361,"back":2.211640750361361,"walk_out":7.37213583453787,"walk_back":7.37213583453787},"neyagawa":{"out":11.61553725481791,"back":11.61553725481791,"walk_out":38.7184575160597,"walk_back":38.7184575160597},"rail-006855":{"out":7.048187181620425,"back":7.048187181620425,"walk_out":23.493957272068084,"walk_back":23.493957272068084},"rail-006597":{"out":21.178854661924504,"back":21.178854661924504,"walk_out":70.59618220641501,"walk_back":70.59618220641501},"rail-006756":{"out":5.138637611756154,"back":5.138637611756154,"walk_out":17.128792039187182,"walk_back":17.128792039187182},"rail-006620":{"out":18.956713640328207,"back":18.956713640328207,"walk_out":63.18904546776069,"walk_back":63.18904546776069},"rail-006580":{"out":23.257572993304095,"back":23.257572993304095,"walk_out":77.52524331101365,"walk_back":77.52524331101365},"hirakata":{"out":24.87385914690199,"back":24.87385914690199,"walk_out":82.91286382300663,"walk_back":82.91286382300663},"rail-006733":{"out":13.600526585801498,"back":13.600526585801498,"walk_out":45.33508861933833,"walk_back":45.33508861933833},"rail-006723":{"out":13.850520394135795,"back":13.850520394135795,"walk_out":46.168401313785985,"walk_back":46.168401313785985},"rail-006623":{"out":24.744043346911106,"back":24.744043346911106,"walk_out":82.48014448970369,"walk_back":82.48014448970369},"rail-006966":{"out":29.396012930893175,"back":29.396012930893175,"walk_out":97.98670976964391,"walk_back":97.98670976964391},"rail-006753":{"out":12.956458606454692,"back":12.956458606454692,"walk_out":43.18819535484898,"walk_back":43.18819535484898},"rail-006845":{"out":16.04238747281241,"back":16.04238747281241,"walk_out":53.474624909374704,"walk_back":53.474624909374704},"rail-006892":{"out":29.719666974476755,"back":29.719666974476755,"walk_out":99.06555658158919,"walk_back":99.06555658158919},"rail-006658":{"out":16.467269726171487,"back":16.467269726171487,"walk_out":54.89089908723829,"walk_back":54.89089908723829},"rail-006983":{"out":19.461146742562587,"back":19.461146742562587,"walk_out":64.8704891418753,"walk_back":64.8704891418753},"kadoma_minami":{"out":29.218078547938212,"back":29.218078547938212,"walk_out":97.39359515979405,"walk_back":97.39359515979405},"rail-006885":{"out":27.170218782118354,"back":27.170218782118354,"walk_out":90.5673959403945,"walk_back":90.5673959403945},"rail-006699":{"out":13.267099560125803,"back":13.267099560125803,"walk_out":44.22366520041935,"walk_back":44.22366520041935}}}},{"type":"Feature","geometry":{"type":"Point","coordinates":[135.48216,34.77241]},"properties":{"id":"bodik-osaka-629407def0e1580a9ed4","name":"m？li　m？lo　osaka（メリメロオーサカ）","venue":"服部緑地","address":"","category":"その他","source_category":"","date":"2026-11-07","end_date":"2026-11-07","start":null,"end":null,"schedule":"","url":"https://www.melimelo-osaka.com/","source":"大阪府 イベント一覧（BODIK）","source_updated":"2026-09-14T08:52:41.251751","fetched_at":"2026-09-18T14:35:26.570Z","coordinate_source":"https://data.bodik.jp/ja/dataset/270008_event","fictional":false,"access":{"rail-006872":{"out":19.672011092581386,"back":19.672011092581386,"walk_out":65.57337030860461,"walk_back":65.57337030860461},"rail-006860":{"out":26.044492561124475,"back":26.044492561124475,"walk_out":86.81497520374825,"walk_back":86.81497520374825},"rail-006601":{"out":23.26181474221749,"back":23.26181474221749,"walk_out":77.5393824740583,"walk_back":77.5393824740583},"rail-006889":{"out":15.541745045963804,"back":15.541745045963804,"walk_out":51.80581681987935,"walk_back":51.80581681987935},"rail-006833":{"out":21.073379422051698,"back":21.073379422051698,"walk_out":70.24459807350566,"walk_back":70.24459807350566},"rail-006849":{"out":17.99616636894214,"back":17.99616636894214,"walk_out":59.98722122980713,"walk_back":59.98722122980713},"rail-007016":{"out":28.071136951293774,"back":28.071136951293774,"walk_out":93.57045650431259,"walk_back":93.57045650431259},"rail-006797":{"out":24.40629691992816,"back":24.40629691992816,"walk_out":81.3543230664272,"walk_back":81.3543230664272},"rail-006709":{"out":22.360573154053316,"back":22.360573154053316,"walk_out":74.5352438468444,"walk_back":74.5352438468444},"rail-006714":{"out":25.22185277471612,"back":25.22185277471612,"walk_out":84.07284258238707,"walk_back":84.07284258238707},"rail-006584":{"out":26.99084257407688,"back":26.99084257407688,"walk_out":89.96947524692293,"walk_back":89.96947524692293},"rail-006935":{"out":22.42716460954518,"back":22.42716460954518,"walk_out":74.7572153651506,"walk_back":74.7572153651506},"rail-006624":{"out":26.133078173098365,"back":26.133078173098365,"walk_out":87.11026057699455,"walk_back":87.11026057699455},"rail-006543":{"out":23.61037544425587,"back":23.61037544425587,"walk_out":78.7012514808529,"walk_back":78.7012514808529},"juso":{"out":23.201975803629924,"back":23.201975803629924,"walk_out":77.33991934543307,"walk_back":77.33991934543307},"rail-007014":{"out":29.947766205721596,"back":29.947766205721596,"walk_out":99.82588735240532,"walk_back":99.82588735240532},"rail-006672":{"out":26.695647741638396,"back":26.695647741638396,"walk_out":88.98549247212799,"walk_back":88.98549247212799},"rail-006587":{"out":16.29725715290661,"back":16.29725715290661,"walk_out":54.324190509688705,"walk_back":54.324190509688705},"rail-006716":{"out":9.017284017134918,"back":9.017284017134918,"walk_out":30.057613390449728,"walk_back":30.057613390449728},"rail-006668":{"out":13.17137581318864,"back":13.17137581318864,"walk_out":43.904586043962134,"walk_back":43.904586043962134},"rail-006836":{"out":14.749352527008588,"back":14.749352527008588,"walk_out":49.16450842336196,"walk_back":49.16450842336196},"rail-006948":{"out":21.694661036942815,"back":21.694661036942815,"walk_out":72.31553678980939,"walk_back":72.31553678980939},"rail-006798":{"out":14.04434963515271,"back":14.04434963515271,"walk_out":46.81449878384236,"walk_back":46.81449878384236},"suita":{"out":15.741329118381449,"back":15.741329118381449,"walk_out":52.4710970612715,"walk_back":52.4710970612715},"rail-006826":{"out":15.442310416116555,"back":15.442310416116555,"walk_out":51.47436805372186,"walk_back":51.47436805372186},"rail-006956":{"out":27.977470711887158,"back":27.977470711887158,"walk_out":93.25823570629052,"walk_back":93.25823570629052},"rail-006830":{"out":22.946395717059747,"back":22.946395717059747,"walk_out":76.48798572353249,"walk_back":76.48798572353249},"tsukaguchi":{"out":25.656545808651305,"back":25.656545808651305,"walk_out":85.52181936217102,"walk_back":85.52181936217102},"rail-007009":{"out":26.98173931984025,"back":26.98173931984025,"walk_out":89.93913106613417,"walk_back":89.93913106613417},"rail-006674":{"out":16.907363019895918,"back":16.907363019895918,"walk_out":56.35787673298639,"walk_back":56.35787673298639},"tenroku":{"out":29.717127885756998,"back":29.717127885756998,"walk_out":99.05709295252333,"walk_back":99.05709295252333},"rail-006608":{"out":14.390205552527672,"back":14.390205552527672,"walk_out":47.967351841758905,"walk_back":47.967351841758905},"amagasaki":{"out":25.774741291213864,"back":25.774741291213864,"walk_out":85.9158043040462,"walk_back":85.9158043040462},"rail-006604":{"out":18.574601083771153,"back":18.574601083771153,"walk_out":61.91533694590384,"walk_back":61.91533694590384},"rail-006717":{"out":6.882374191961382,"back":6.882374191961382,"walk_out":22.94124730653794,"walk_back":22.94124730653794},"rail-006721":{"out":21.709025379308866,"back":21.709025379308866,"walk_out":72.36341793102955,"walk_back":72.36341793102955},"rail-006924":{"out":21.06685617621662,"back":21.06685617621662,"walk_out":70.22285392072207,"walk_back":70.22285392072207},"rail-006832":{"out":10.143765324255034,"back":10.143765324255034,"walk_out":33.81255108085011,"walk_back":33.81255108085011},"rail-007011":{"out":28.277148836301834,"back":28.277148836301834,"walk_out":94.25716278767277,"walk_back":94.25716278767277},"rail-006713":{"out":29.155785212141502,"back":29.155785212141502,"walk_out":97.18595070713833,"walk_back":97.18595070713833},"rail-006695":{"out":26.856818906537313,"back":26.856818906537313,"walk_out":89.52272968845772,"walk_back":89.52272968845772},"rail-006734":{"out":24.321576989276185,"back":24.321576989276185,"walk_out":81.07192329758729,"walk_back":81.07192329758729},"shinosaka":{"out":18.462475431752868,"back":18.462475431752868,"walk_out":61.54158477250956,"walk_back":61.54158477250956},"rail-006741":{"out":5.312481637647232,"back":5.312481637647232,"walk_out":17.708272125490772,"walk_back":17.708272125490772},"rail-006781":{"out":4.927789528115604,"back":4.927789528115604,"walk_out":16.42596509371868,"walk_back":16.42596509371868},"rail-006986":{"out":28.8361880509673,"back":28.8361880509673,"walk_out":96.12062683655766,"walk_back":96.12062683655766},"rail-006869":{"out":15.151453486372947,"back":15.151453486372947,"walk_out":50.50484495457649,"walk_back":50.50484495457649},"rail-006878":{"out":16.784562027664084,"back":16.784562027664084,"walk_out":55.94854009221361,"walk_back":55.94854009221361},"rail-006627":{"out":15.092279134445365,"back":15.092279134445365,"walk_out":50.30759711481788,"walk_back":50.30759711481788},"rail-006931":{"out":22.243851189281457,"back":22.243851189281457,"walk_out":74.14617063093819,"walk_back":74.14617063093819},"rail-006664":{"out":10.78823566329796,"back":10.78823566329796,"walk_out":35.960785544326534,"walk_back":35.960785544326534},"rail-006560":{"out":21.18191691553204,"back":21.18191691553204,"walk_out":70.60638971844013,"walk_back":70.60638971844013},"rail-006726":{"out":23.22935178366484,"back":23.22935178366484,"walk_out":77.43117261221613,"walk_back":77.43117261221613},"rail-006800":{"out":8.166577429683999,"back":8.166577429683999,"walk_out":27.22192476561333,"walk_back":27.22192476561333},"awaji":{"out":19.434134226585932,"back":19.434134226585932,"walk_out":64.78044742195311,"walk_back":64.78044742195311},"rail-006527":{"out":23.47414409156553,"back":23.47414409156553,"walk_out":78.2471469718851,"walk_back":78.2471469718851},"rail-006775":{"out":22.075290424423194,"back":22.075290424423194,"walk_out":73.58430141474399,"walk_back":73.58430141474399},"rail-006824":{"out":24.507392033074357,"back":24.507392033074357,"walk_out":81.69130677691453,"walk_back":81.69130677691453},"rail-006807":{"out":19.935190026222216,"back":19.935190026222216,"walk_out":66.45063342074071,"walk_back":66.45063342074071},"ishibashi":{"out":20.802620392911276,"back":20.802620392911276,"walk_out":69.34206797637091,"walk_back":69.34206797637091},"rail-006916":{"out":18.28283298793252,"back":18.28283298793252,"walk_out":60.942776626441734,"walk_back":60.942776626441734},"rail-006770":{"out":24.522956599378357,"back":24.522956599378357,"walk_out":81.74318866459453,"walk_back":81.74318866459453},"rail-006481":{"out":27.987004502019428,"back":27.987004502019428,"walk_out":93.29001500673142,"walk_back":93.29001500673142},"rail-010184":{"out":22.123800188588746,"back":22.123800188588746,"walk_out":73.74600062862915,"walk_back":73.74600062862915},"rail-010183":{"out":26.41211478927762,"back":26.41211478927762,"walk_out":88.0403826309254,"walk_back":88.0403826309254},"rail-006728":{"out":4.9088587901872165,"back":4.9088587901872165,"walk_out":16.362862633957388,"walk_back":16.362862633957388},"rail-006656":{"out":15.572856998974562,"back":15.572856998974562,"walk_out":51.90952332991521,"walk_back":51.90952332991521},"rail-006942":{"out":21.26457261485105,"back":21.26457261485105,"walk_out":70.88190871617017,"walk_back":70.88190871617017},"toyonaka":{"out":9.875640757803932,"back":9.875640757803932,"walk_out":32.91880252601311,"walk_back":32.91880252601311},"rail-006772":{"out":10.394606092287495,"back":10.394606092287495,"walk_out":34.64868697429165,"walk_back":34.64868697429165},"rail-006740":{"out":8.749169430268743,"back":8.749169430268743,"walk_out":29.16389810089581,"walk_back":29.16389810089581},"rail-006550":{"out":26.858019588353375,"back":26.858019588353375,"walk_out":89.52673196117792,"walk_back":89.52673196117792}}}},{"type":"Feature","geometry":{"type":"Point","coordinates":[135.52419,34.56602]},"properties":{"id":"bodik-osaka-3db2427116694c3e93f9","name":"水引結び体験","venue":"大泉緑地","address":"","category":"その他","source_category":"","date":"2026-11-08","end_date":"2026-11-08","start":null,"end":null,"schedule":"","url":"https://oizumi.osaka-park.or.jp/","source":"大阪府 イベント一覧（BODIK）","source_updated":"2026-09-14T08:52:41.251751","fetched_at":"2026-09-18T14:35:26.570Z","coordinate_source":"https://data.bodik.jp/ja/dataset/270008_event","fictional":false,"access":{"rail-007626":{"out":19.782737707068787,"back":19.782737707068787,"walk_out":65.94245902356262,"walk_back":65.94245902356262},"rail-007693":{"out":11.508299122151096,"back":11.508299122151096,"walk_out":38.360997073836984,"walk_back":38.360997073836984},"rail-007735":{"out":18.45761170514828,"back":18.45761170514828,"walk_out":61.52537235049428,"walk_back":61.52537235049428},"nakamozu":{"out":7.825155483123821,"back":7.825155483123821,"walk_out":26.083851610412733,"walk_back":26.083851610412733},"rail-007529":{"out":26.932501752829193,"back":26.932501752829193,"walk_out":89.77500584276397,"walk_back":89.77500584276397},"rail-007593":{"out":22.139987025212935,"back":22.139987025212935,"walk_out":73.79995675070978,"walk_back":73.79995675070978},"rail-007580":{"out":26.70193046804018,"back":26.70193046804018,"walk_out":89.00643489346727,"walk_back":89.00643489346727},"rail-007567":{"out":24.401886974168463,"back":24.401886974168463,"walk_out":81.33962324722822,"walk_back":81.33962324722822},"rail-007573":{"out":24.16017542163456,"back":24.16017542163456,"walk_out":80.5339180721152,"walk_back":80.5339180721152},"rail-007572":{"out":23.20303579519925,"back":23.20303579519925,"walk_out":77.34345265066416,"walk_back":77.34345265066416},"rail-007574":{"out":23.95964628473421,"back":23.95964628473421,"walk_out":79.8654876157807,"walk_back":79.8654876157807},"rail-007618":{"out":25.57037607539488,"back":25.57037607539488,"walk_out":85.23458691798292,"walk_back":85.23458691798292},"rail-007582":{"out":24.37248373843173,"back":24.37248373843173,"walk_out":81.2416124614391,"walk_back":81.2416124614391},"rail-007747":{"out":10.617176062024015,"back":10.617176062024015,"walk_out":35.39058687341338,"walk_back":35.39058687341338},"rail-007544":{"out":29.562122294659005,"back":29.562122294659005,"walk_out":98.54040764886335,"walk_back":98.54040764886335},"rail-007502":{"out":29.411408570526255,"back":29.411408570526255,"walk_out":98.03802856842086,"walk_back":98.03802856842086},"rail-007522":{"out":28.10335159471841,"back":28.10335159471841,"walk_out":93.67783864906137,"walk_back":93.67783864906137},"rail-007647":{"out":7.864197344160726,"back":7.864197344160726,"walk_out":26.213991147202417,"walk_back":26.213991147202417},"rail-007788":{"out":20.392383079668765,"back":20.392383079668765,"walk_out":67.97461026556255,"walk_back":67.97461026556255},"rail-007531":{"out":26.510019580701197,"back":26.510019580701197,"walk_out":88.36673193567066,"walk_back":88.36673193567066},"rail-007581":{"out":21.7498061262108,"back":21.7498061262108,"walk_out":72.499353754036,"walk_back":72.499353754036},"rail-007649":{"out":21.516349302148946,"back":21.516349302148946,"walk_out":71.72116434049649,"walk_back":71.72116434049649},"rail-007660":{"out":10.67593136837051,"back":10.67593136837051,"walk_out":35.58643789456836,"walk_back":35.58643789456836},"rail-007667":{"out":14.994350618982999,"back":14.994350618982999,"walk_out":49.98116872994333,"walk_back":49.98116872994333},"rail-007534":{"out":27.787893287651542,"back":27.787893287651542,"walk_out":92.62631095883847,"walk_back":92.62631095883847},"rail-007622":{"out":18.714959319426644,"back":18.714959319426644,"walk_out":62.38319773142214,"walk_back":62.38319773142214},"rail-007654":{"out":19.1043932292385,"back":19.1043932292385,"walk_out":63.68131076412834,"walk_back":63.68131076412834},"rail-007831":{"out":29.827540712763508,"back":29.827540712763508,"walk_out":99.42513570921169,"walk_back":99.42513570921169},"rail-007515":{"out":29.72360462112311,"back":29.72360462112311,"walk_out":99.07868207041037,"walk_back":99.07868207041037},"rail-007646":{"out":18.411155121287468,"back":18.411155121287468,"walk_out":61.37051707095823,"walk_back":61.37051707095823},"rail-007532":{"out":26.95490744390536,"back":26.95490744390536,"walk_out":89.84969147968454,"walk_back":89.84969147968454},"rail-007592":{"out":21.532375314448604,"back":21.532375314448604,"walk_out":71.77458438149534,"walk_back":71.77458438149534},"rail-007666":{"out":19.66130724040419,"back":19.66130724040419,"walk_out":65.53769080134731,"walk_back":65.53769080134731},"rail-007673":{"out":20.351618163073688,"back":20.351618163073688,"walk_out":67.83872721024562,"walk_back":67.83872721024562},"rail-007517":{"out":29.694190029435948,"back":29.694190029435948,"walk_out":98.98063343145316,"walk_back":98.98063343145316},"rail-007657":{"out":7.665128800783616,"back":7.665128800783616,"walk_out":25.550429335945385,"walk_back":25.550429335945385},"rail-007538":{"out":26.614951954969904,"back":26.614951954969904,"walk_out":88.71650651656635,"walk_back":88.71650651656635},"rail-007547":{"out":25.731771033970126,"back":25.731771033970126,"walk_out":85.77257011323375,"walk_back":85.77257011323375},"rail-007559":{"out":24.73609014714906,"back":24.73609014714906,"walk_out":82.4536338238302,"walk_back":82.4536338238302},"rail-007546":{"out":26.072591594249158,"back":26.072591594249158,"walk_out":86.90863864749718,"walk_back":86.90863864749718},"rail-007682":{"out":21.153503248500105,"back":21.153503248500105,"walk_out":70.51167749500036,"walk_back":70.51167749500036},"rail-007674":{"out":18.123624985242518,"back":18.123624985242518,"walk_out":60.41208328414172,"walk_back":60.41208328414172},"rail-007611":{"out":15.262507030244395,"back":15.262507030244395,"walk_out":50.87502343414798,"walk_back":50.87502343414798},"rail-007609":{"out":18.12514057074336,"back":18.12514057074336,"walk_out":60.41713523581119,"walk_back":60.41713523581119},"rail-007595":{"out":17.31212140759033,"back":17.31212140759033,"walk_out":57.70707135863443,"walk_back":57.70707135863443},"rail-007607":{"out":20.0172799105858,"back":20.0172799105858,"walk_out":66.72426636861933,"walk_back":66.72426636861933},"rail-007690":{"out":3.407887527462735,"back":3.407887527462735,"walk_out":11.35962509154245,"walk_back":11.35962509154245},"rail-007499":{"out":29.900119320185986,"back":29.900119320185986,"walk_out":99.66706440061995,"walk_back":99.66706440061995},"rail-007623":{"out":14.29031656713143,"back":14.29031656713143,"walk_out":47.63438855710477,"walk_back":47.63438855710477},"rail-007699":{"out":22.528148249339246,"back":22.528148249339246,"walk_out":75.09382749779748,"walk_back":75.09382749779748},"rail-007525":{"out":28.96652166508333,"back":28.96652166508333,"walk_out":96.55507221694444,"walk_back":96.55507221694444},"rail-007553":{"out":25.94480313221004,"back":25.94480313221004,"walk_out":86.4826771073668,"walk_back":86.4826771073668},"rail-007587":{"out":20.528383558988807,"back":20.528383558988807,"walk_out":68.42794519662937,"walk_back":68.42794519662937},"rail-007639":{"out":9.72777671258199,"back":9.72777671258199,"walk_out":32.4259223752733,"walk_back":32.4259223752733},"rail-007668":{"out":12.87755335160262,"back":12.87755335160262,"walk_out":42.9251778386754,"walk_back":42.9251778386754},"rail-007746":{"out":23.052259510779233,"back":23.052259510779233,"walk_out":76.84086503593078,"walk_back":76.84086503593078},"rail-007641":{"out":11.690273841265247,"back":11.690273841265247,"walk_out":38.967579470884154,"walk_back":38.967579470884154},"rail-007630":{"out":16.0402720953413,"back":16.0402720953413,"walk_out":53.46757365113767,"walk_back":53.46757365113767},"rail-007776":{"out":18.626692965882885,"back":18.626692965882885,"walk_out":62.088976552942945,"walk_back":62.088976552942945},"rail-007683":{"out":23.564069878708057,"back":23.564069878708057,"walk_out":78.54689959569352,"walk_back":78.54689959569352},"rail-007800":{"out":23.652500540941663,"back":23.652500540941663,"walk_out":78.84166846980554,"walk_back":78.84166846980554},"rail-007533":{"out":28.622318461650295,"back":28.622318461650295,"walk_out":95.40772820550097,"walk_back":95.40772820550097},"rail-007519":{"out":27.827444880978664,"back":27.827444880978664,"walk_out":92.75814960326221,"walk_back":92.75814960326221},"rail-007733":{"out":8.118076047840942,"back":8.118076047840942,"walk_out":27.060253492803138,"walk_back":27.060253492803138},"rail-007709":{"out":13.262230490820661,"back":13.262230490820661,"walk_out":44.2074349694022,"walk_back":44.2074349694022},"rail-007704":{"out":9.75389436382508,"back":9.75389436382508,"walk_out":32.51298121275027,"walk_back":32.51298121275027},"rail-007590":{"out":18.02806086086241,"back":18.02806086086241,"walk_out":60.093536202874695,"walk_back":60.093536202874695},"rail-007714":{"out":25.767297053714078,"back":25.767297053714078,"walk_out":85.89099017904692,"walk_back":85.89099017904692},"rail-007706":{"out":23.977389458373203,"back":23.977389458373203,"walk_out":79.92463152791068,"walk_back":79.92463152791068},"rail-007707":{"out":26.148216977732332,"back":26.148216977732332,"walk_out":87.16072325910777,"walk_back":87.16072325910777},"rail-007564":{"out":24.327840259850813,"back":24.327840259850813,"walk_out":81.09280086616937,"walk_back":81.09280086616937},"rail-007640":{"out":18.213713601048482,"back":18.213713601048482,"walk_out":60.7123786701616,"walk_back":60.7123786701616},"rail-007554":{"out":26.039706011232333,"back":26.039706011232333,"walk_out":86.79902003744111,"walk_back":86.79902003744111},"rail-007579":{"out":22.888820131694565,"back":22.888820131694565,"walk_out":76.29606710564855,"walk_back":76.29606710564855},"rail-007635":{"out":17.893408692152146,"back":17.893408692152146,"walk_out":59.64469564050716,"walk_back":59.64469564050716},"rail-007734":{"out":27.868587439802532,"back":27.868587439802532,"walk_out":92.89529146600844,"walk_back":92.89529146600844},"rail-007650":{"out":18.669421024150807,"back":18.669421024150807,"walk_out":62.231403413836034,"walk_back":62.231403413836034},"rail-007760":{"out":13.47267573936368,"back":13.47267573936368,"walk_out":44.90891913121227,"walk_back":44.90891913121227},"rail-007678":{"out":25.684634369367625,"back":25.684634369367625,"walk_out":85.61544789789208,"walk_back":85.61544789789208},"rail-007540":{"out":24.962322178237045,"back":24.962322178237045,"walk_out":83.20774059412349,"walk_back":83.20774059412349},"rail-007729":{"out":28.193421573249278,"back":28.193421573249278,"walk_out":93.97807191083093,"walk_back":93.97807191083093},"rail-007562":{"out":22.92560672380577,"back":22.92560672380577,"walk_out":76.41868907935257,"walk_back":76.41868907935257},"rail-007594":{"out":24.34213050195954,"back":24.34213050195954,"walk_out":81.1404350065318,"walk_back":81.1404350065318},"nagai":{"out":19.925436873456313,"back":19.925436873456313,"walk_out":66.41812291152104,"walk_back":66.41812291152104},"rail-007543":{"out":24.893969561145756,"back":24.893969561145756,"walk_out":82.97989853715252,"walk_back":82.97989853715252},"rail-007669":{"out":8.96844808809805,"back":8.96844808809805,"walk_out":29.894826960326835,"walk_back":29.894826960326835},"rail-007628":{"out":17.936504089518788,"back":17.936504089518788,"walk_out":59.78834696506262,"walk_back":59.78834696506262},"rail-007679":{"out":22.227734845702678,"back":22.227734845702678,"walk_out":74.09244948567559,"walk_back":74.09244948567559},"rail-007773":{"out":28.352157159923646,"back":28.352157159923646,"walk_out":94.50719053307883,"walk_back":94.50719053307883},"rail-007556":{"out":23.27602134676747,"back":23.27602134676747,"walk_out":77.58673782255825,"walk_back":77.58673782255825}}}},{"type":"Feature","geometry":{"type":"Point","coordinates":[135.48216,34.77241]},"properties":{"id":"bodik-osaka-2fe504c4b35b50b7e83e","name":"m？li　m？lo　osaka（メリメロオーサカ）","venue":"服部緑地","address":"","category":"その他","source_category":"","date":"2026-11-08","end_date":"2026-11-08","start":null,"end":null,"schedule":"","url":"https://www.melimelo-osaka.com/","source":"大阪府 イベント一覧（BODIK）","source_updated":"2026-09-14T08:52:41.251751","fetched_at":"2026-09-18T14:35:26.570Z","coordinate_source":"https://data.bodik.jp/ja/dataset/270008_event","fictional":false,"access":{"rail-006872":{"out":19.672011092581386,"back":19.672011092581386,"walk_out":65.57337030860461,"walk_back":65.57337030860461},"rail-006860":{"out":26.044492561124475,"back":26.044492561124475,"walk_out":86.81497520374825,"walk_back":86.81497520374825},"rail-006601":{"out":23.26181474221749,"back":23.26181474221749,"walk_out":77.5393824740583,"walk_back":77.5393824740583},"rail-006889":{"out":15.541745045963804,"back":15.541745045963804,"walk_out":51.80581681987935,"walk_back":51.80581681987935},"rail-006833":{"out":21.073379422051698,"back":21.073379422051698,"walk_out":70.24459807350566,"walk_back":70.24459807350566},"rail-006849":{"out":17.99616636894214,"back":17.99616636894214,"walk_out":59.98722122980713,"walk_back":59.98722122980713},"rail-007016":{"out":28.071136951293774,"back":28.071136951293774,"walk_out":93.57045650431259,"walk_back":93.57045650431259},"rail-006797":{"out":24.40629691992816,"back":24.40629691992816,"walk_out":81.3543230664272,"walk_back":81.3543230664272},"rail-006709":{"out":22.360573154053316,"back":22.360573154053316,"walk_out":74.5352438468444,"walk_back":74.5352438468444},"rail-006714":{"out":25.22185277471612,"back":25.22185277471612,"walk_out":84.07284258238707,"walk_back":84.07284258238707},"rail-006584":{"out":26.99084257407688,"back":26.99084257407688,"walk_out":89.96947524692293,"walk_back":89.96947524692293},"rail-006935":{"out":22.42716460954518,"back":22.42716460954518,"walk_out":74.7572153651506,"walk_back":74.7572153651506},"rail-006624":{"out":26.133078173098365,"back":26.133078173098365,"walk_out":87.11026057699455,"walk_back":87.11026057699455},"rail-006543":{"out":23.61037544425587,"back":23.61037544425587,"walk_out":78.7012514808529,"walk_back":78.7012514808529},"juso":{"out":23.201975803629924,"back":23.201975803629924,"walk_out":77.33991934543307,"walk_back":77.33991934543307},"rail-007014":{"out":29.947766205721596,"back":29.947766205721596,"walk_out":99.82588735240532,"walk_back":99.82588735240532},"rail-006672":{"out":26.695647741638396,"back":26.695647741638396,"walk_out":88.98549247212799,"walk_back":88.98549247212799},"rail-006587":{"out":16.29725715290661,"back":16.29725715290661,"walk_out":54.324190509688705,"walk_back":54.324190509688705},"rail-006716":{"out":9.017284017134918,"back":9.017284017134918,"walk_out":30.057613390449728,"walk_back":30.057613390449728},"rail-006668":{"out":13.17137581318864,"back":13.17137581318864,"walk_out":43.904586043962134,"walk_back":43.904586043962134},"rail-006836":{"out":14.749352527008588,"back":14.749352527008588,"walk_out":49.16450842336196,"walk_back":49.16450842336196},"rail-006948":{"out":21.694661036942815,"back":21.694661036942815,"walk_out":72.31553678980939,"walk_back":72.31553678980939},"rail-006798":{"out":14.04434963515271,"back":14.04434963515271,"walk_out":46.81449878384236,"walk_back":46.81449878384236},"suita":{"out":15.741329118381449,"back":15.741329118381449,"walk_out":52.4710970612715,"walk_back":52.4710970612715},"rail-006826":{"out":15.442310416116555,"back":15.442310416116555,"walk_out":51.47436805372186,"walk_back":51.47436805372186},"rail-006956":{"out":27.977470711887158,"back":27.977470711887158,"walk_out":93.25823570629052,"walk_back":93.25823570629052},"rail-006830":{"out":22.946395717059747,"back":22.946395717059747,"walk_out":76.48798572353249,"walk_back":76.48798572353249},"tsukaguchi":{"out":25.656545808651305,"back":25.656545808651305,"walk_out":85.52181936217102,"walk_back":85.52181936217102},"rail-007009":{"out":26.98173931984025,"back":26.98173931984025,"walk_out":89.93913106613417,"walk_back":89.93913106613417},"rail-006674":{"out":16.907363019895918,"back":16.907363019895918,"walk_out":56.35787673298639,"walk_back":56.35787673298639},"tenroku":{"out":29.717127885756998,"back":29.717127885756998,"walk_out":99.05709295252333,"walk_back":99.05709295252333},"rail-006608":{"out":14.390205552527672,"back":14.390205552527672,"walk_out":47.967351841758905,"walk_back":47.967351841758905},"amagasaki":{"out":25.774741291213864,"back":25.774741291213864,"walk_out":85.9158043040462,"walk_back":85.9158043040462},"rail-006604":{"out":18.574601083771153,"back":18.574601083771153,"walk_out":61.91533694590384,"walk_back":61.91533694590384},"rail-006717":{"out":6.882374191961382,"back":6.882374191961382,"walk_out":22.94124730653794,"walk_back":22.94124730653794},"rail-006721":{"out":21.709025379308866,"back":21.709025379308866,"walk_out":72.36341793102955,"walk_back":72.36341793102955},"rail-006924":{"out":21.06685617621662,"back":21.06685617621662,"walk_out":70.22285392072207,"walk_back":70.22285392072207},"rail-006832":{"out":10.143765324255034,"back":10.143765324255034,"walk_out":33.81255108085011,"walk_back":33.81255108085011},"rail-007011":{"out":28.277148836301834,"back":28.277148836301834,"walk_out":94.25716278767277,"walk_back":94.25716278767277},"rail-006713":{"out":29.155785212141502,"back":29.155785212141502,"walk_out":97.18595070713833,"walk_back":97.18595070713833},"rail-006695":{"out":26.856818906537313,"back":26.856818906537313,"walk_out":89.52272968845772,"walk_back":89.52272968845772},"rail-006734":{"out":24.321576989276185,"back":24.321576989276185,"walk_out":81.07192329758729,"walk_back":81.07192329758729},"shinosaka":{"out":18.462475431752868,"back":18.462475431752868,"walk_out":61.54158477250956,"walk_back":61.54158477250956},"rail-006741":{"out":5.312481637647232,"back":5.312481637647232,"walk_out":17.708272125490772,"walk_back":17.708272125490772},"rail-006781":{"out":4.927789528115604,"back":4.927789528115604,"walk_out":16.42596509371868,"walk_back":16.42596509371868},"rail-006986":{"out":28.8361880509673,"back":28.8361880509673,"walk_out":96.12062683655766,"walk_back":96.12062683655766},"rail-006869":{"out":15.151453486372947,"back":15.151453486372947,"walk_out":50.50484495457649,"walk_back":50.50484495457649},"rail-006878":{"out":16.784562027664084,"back":16.784562027664084,"walk_out":55.94854009221361,"walk_back":55.94854009221361},"rail-006627":{"out":15.092279134445365,"back":15.092279134445365,"walk_out":50.30759711481788,"walk_back":50.30759711481788},"rail-006931":{"out":22.243851189281457,"back":22.243851189281457,"walk_out":74.14617063093819,"walk_back":74.14617063093819},"rail-006664":{"out":10.78823566329796,"back":10.78823566329796,"walk_out":35.960785544326534,"walk_back":35.960785544326534},"rail-006560":{"out":21.18191691553204,"back":21.18191691553204,"walk_out":70.60638971844013,"walk_back":70.60638971844013},"rail-006726":{"out":23.22935178366484,"back":23.22935178366484,"walk_out":77.43117261221613,"walk_back":77.43117261221613},"rail-006800":{"out":8.166577429683999,"back":8.166577429683999,"walk_out":27.22192476561333,"walk_back":27.22192476561333},"awaji":{"out":19.434134226585932,"back":19.434134226585932,"walk_out":64.78044742195311,"walk_back":64.78044742195311},"rail-006527":{"out":23.47414409156553,"back":23.47414409156553,"walk_out":78.2471469718851,"walk_back":78.2471469718851},"rail-006775":{"out":22.075290424423194,"back":22.075290424423194,"walk_out":73.58430141474399,"walk_back":73.58430141474399},"rail-006824":{"out":24.507392033074357,"back":24.507392033074357,"walk_out":81.69130677691453,"walk_back":81.69130677691453},"rail-006807":{"out":19.935190026222216,"back":19.935190026222216,"walk_out":66.45063342074071,"walk_back":66.45063342074071},"ishibashi":{"out":20.802620392911276,"back":20.802620392911276,"walk_out":69.34206797637091,"walk_back":69.34206797637091},"rail-006916":{"out":18.28283298793252,"back":18.28283298793252,"walk_out":60.942776626441734,"walk_back":60.942776626441734},"rail-006770":{"out":24.522956599378357,"back":24.522956599378357,"walk_out":81.74318866459453,"walk_back":81.74318866459453},"rail-006481":{"out":27.987004502019428,"back":27.987004502019428,"walk_out":93.29001500673142,"walk_back":93.29001500673142},"rail-010184":{"out":22.123800188588746,"back":22.123800188588746,"walk_out":73.74600062862915,"walk_back":73.74600062862915},"rail-010183":{"out":26.41211478927762,"back":26.41211478927762,"walk_out":88.0403826309254,"walk_back":88.0403826309254},"rail-006728":{"out":4.9088587901872165,"back":4.9088587901872165,"walk_out":16.362862633957388,"walk_back":16.362862633957388},"rail-006656":{"out":15.572856998974562,"back":15.572856998974562,"walk_out":51.90952332991521,"walk_back":51.90952332991521},"rail-006942":{"out":21.26457261485105,"back":21.26457261485105,"walk_out":70.88190871617017,"walk_back":70.88190871617017},"toyonaka":{"out":9.875640757803932,"back":9.875640757803932,"walk_out":32.91880252601311,"walk_back":32.91880252601311},"rail-006772":{"out":10.394606092287495,"back":10.394606092287495,"walk_out":34.64868697429165,"walk_back":34.64868697429165},"rail-006740":{"out":8.749169430268743,"back":8.749169430268743,"walk_out":29.16389810089581,"walk_back":29.16389810089581},"rail-006550":{"out":26.858019588353375,"back":26.858019588353375,"walk_out":89.52673196117792,"walk_back":89.52673196117792}}}},{"type":"Feature","geometry":{"type":"Point","coordinates":[135.48764,34.61375]},"properties":{"id":"bodik-osaka-15683508fdaf2d26d606","name":"ミニ植木鉢人形つくり","venue":"住吉公園","address":"","category":"その他","source_category":"","date":"2026-11-10","end_date":"2026-11-10","start":null,"end":null,"schedule":"","url":"https://www.toshi-kouen.jp/staticpages/index.php/sumiyoshi_top","source":"大阪府 イベント一覧（BODIK）","source_updated":"2026-09-14T08:52:41.251751","fetched_at":"2026-09-18T14:35:26.570Z","coordinate_source":"https://data.bodik.jp/ja/dataset/270008_event","fictional":false,"access":{"namba":{"out":23.767975206189984,"back":23.767975206189984,"walk_out":79.22658402063328,"walk_back":79.22658402063328},"rail-007473":{"out":29.888994712032822,"back":29.888994712032822,"walk_out":99.62998237344274,"walk_back":99.62998237344274},"rail-007283":{"out":25.36507037382659,"back":25.36507037382659,"walk_out":84.55023457942197,"walk_back":84.55023457942197},"rail-007280":{"out":25.579911189533284,"back":25.579911189533284,"walk_out":85.26637063177762,"walk_back":85.26637063177762},"rail-007552":{"out":19.449250484559396,"back":19.449250484559396,"walk_out":64.83083494853132,"walk_back":64.83083494853132},"rail-007507":{"out":22.76679468749529,"back":22.76679468749529,"walk_out":75.88931562498429,"walk_back":75.88931562498429},"rail-007506":{"out":24.950068205646815,"back":24.950068205646815,"walk_out":83.16689401882272,"walk_back":83.16689401882272},"rail-007626":{"out":9.93838565831591,"back":9.93838565831591,"walk_out":33.12795219438637,"walk_back":33.12795219438637},"rail-007693":{"out":21.232556166056916,"back":21.232556166056916,"walk_out":70.77518722018972,"walk_back":70.77518722018972},"rail-007735":{"out":28.84116976343908,"back":28.84116976343908,"walk_out":96.13723254479693,"walk_back":96.13723254479693},"rail-007494":{"out":27.289079888069004,"back":27.289079888069004,"walk_out":90.96359962689668,"walk_back":90.96359962689668},"nakamozu":{"out":26.415340839148037,"back":26.415340839148037,"walk_out":88.05113613049346,"walk_back":88.05113613049346},"kujo":{"out":26.98971708081561,"back":26.98971708081561,"walk_out":89.9657236027187,"walk_back":89.9657236027187},"rail-007407":{"out":18.0115364370522,"back":18.0115364370522,"walk_out":60.038454790173994,"walk_back":60.038454790173994},"rail-007402":{"out":18.976874078312743,"back":18.976874078312743,"walk_out":63.25624692770915,"walk_back":63.25624692770915},"rail-007529":{"out":16.85746869314108,"back":16.85746869314108,"walk_out":56.19156231047027,"walk_back":56.19156231047027},"rail-007450":{"out":15.171914254521583,"back":15.171914254521583,"walk_out":50.57304751507194,"walk_back":50.57304751507194},"rail-007459":{"out":13.978797557860384,"back":13.978797557860384,"walk_out":46.595991859534614,"walk_back":46.595991859534614},"rail-007593":{"out":3.7741200314191805,"back":3.7741200314191805,"walk_out":12.580400104730602,"walk_back":12.580400104730602},"rail-007580":{"out":5.745590386023994,"back":5.745590386023994,"walk_out":19.151967953413315,"walk_back":19.151967953413315},"rail-007567":{"out":1.5036025370412733,"back":1.5036025370412733,"walk_out":5.012008456804244,"walk_back":5.012008456804244},"rail-007573":{"out":1.071386058333291,"back":1.071386058333291,"walk_out":3.57128686111097,"walk_back":3.57128686111097},"rail-007572":{"out":3.6426148022975324,"back":3.6426148022975324,"walk_out":12.142049340991774,"walk_back":12.142049340991774},"rail-007574":{"out":1.4108330318726754,"back":1.4108330318726754,"walk_out":4.702776772908918,"walk_back":4.702776772908918},"rail-007582":{"out":28.55726434049306,"back":28.55726434049306,"walk_out":95.19088113497686,"walk_back":95.19088113497686},"rail-007524":{"out":29.537504478430503,"back":29.537504478430503,"walk_out":98.458348261435,"walk_back":98.458348261435},"dobutsuen":{"out":16.22284634147396,"back":16.22284634147396,"walk_out":54.07615447157987,"walk_back":54.07615447157987},"rail-007544":{"out":4.5231228201544385,"back":4.5231228201544385,"walk_out":15.077076067181462,"walk_back":15.077076067181462},"rail-007485":{"out":11.039168733668761,"back":11.039168733668761,"walk_out":36.7972291122292,"walk_back":36.7972291122292},"rail-007502":{"out":17.1642416649663,"back":17.1642416649663,"walk_out":57.214138883221004,"walk_back":57.214138883221004},"rail-007522":{"out":8.88735969573275,"back":8.88735969573275,"walk_out":29.624532319109168,"walk_back":29.624532319109168},"rail-007647":{"out":17.438199030129212,"back":17.438199030129212,"walk_out":58.12733010043071,"walk_back":58.12733010043071},"rail-007462":{"out":27.250982328232816,"back":27.250982328232816,"walk_out":90.83660776077605,"walk_back":90.83660776077605},"rail-007570":{"out":15.288280322881223,"back":15.288280322881223,"walk_out":50.96093440960408,"walk_back":50.96093440960408},"rail-007571":{"out":18.053803009910474,"back":18.053803009910474,"walk_out":60.17934336636824,"walk_back":60.17934336636824},"rail-007531":{"out":13.250600987110353,"back":13.250600987110353,"walk_out":44.16866995703451,"walk_back":44.16866995703451},"rail-007581":{"out":23.67986132074072,"back":23.67986132074072,"walk_out":78.93287106913573,"walk_back":78.93287106913573},"rail-007268":{"out":26.977848315553327,"back":26.977848315553327,"walk_out":89.92616105184443,"walk_back":89.92616105184443},"rail-007382":{"out":22.112024095398315,"back":22.112024095398315,"walk_out":73.70674698466105,"walk_back":73.70674698466105},"rail-007649":{"out":15.813149560538104,"back":15.813149560538104,"walk_out":52.710498535127016,"walk_back":52.710498535127016},"rail-007660":{"out":16.569587643310662,"back":16.569587643310662,"walk_out":55.23195881103554,"walk_back":55.23195881103554},"rail-007667":{"out":16.882018748272216,"back":16.882018748272216,"walk_out":56.273395827574056,"walk_back":56.273395827574056},"rail-007534":{"out":5.052504687038202,"back":5.052504687038202,"walk_out":16.84168229012734,"walk_back":16.84168229012734},"rail-007622":{"out":8.497105599012553,"back":8.497105599012553,"walk_out":28.32368533004184,"walk_back":28.32368533004184},"rail-007395":{"out":19.289249738843807,"back":19.289249738843807,"walk_out":64.29749912947936,"walk_back":64.29749912947936},"rail-007654":{"out":16.130714722218443,"back":16.130714722218443,"walk_out":53.76904907406148,"walk_back":53.76904907406148},"taisho":{"out":23.193396937408576,"back":23.193396937408576,"walk_out":77.31132312469525,"walk_back":77.31132312469525},"uehommachi":{"out":26.097895742728404,"back":26.097895742728404,"walk_out":86.99298580909469,"walk_back":86.99298580909469},"osakako":{"out":26.437548720341002,"back":26.437548720341002,"walk_out":88.12516240113668,"walk_back":88.12516240113668},"rail-007451":{"out":17.254136370616468,"back":17.254136370616468,"walk_out":57.513787902054894,"walk_back":57.513787902054894},"rail-007483":{"out":10.905725337074989,"back":10.905725337074989,"walk_out":36.35241779024996,"walk_back":36.35241779024996},"tennoji":{"out":17.48898603576542,"back":17.48898603576542,"walk_out":58.29662011921807,"walk_back":58.29662011921807},"rail-007447":{"out":17.169790509257606,"back":17.169790509257606,"walk_out":57.23263503085868,"walk_back":57.23263503085868},"rail-007515":{"out":7.792279497988862,"back":7.792279497988862,"walk_out":25.974264993296206,"walk_back":25.974264993296206},"rail-007646":{"out":13.76489790207801,"back":13.76489790207801,"walk_out":45.882993006926704,"walk_back":45.882993006926704},"rail-007532":{"out":7.314722753474328,"back":7.314722753474328,"walk_out":24.38240917824776,"walk_back":24.38240917824776},"rail-007592":{"out":3.79473927942159,"back":3.79473927942159,"walk_out":12.6491309314053,"walk_back":12.6491309314053},"rail-007666":{"out":17.56639823424142,"back":17.56639823424142,"walk_out":58.554660780804724,"walk_back":58.554660780804724},"rail-007673":{"out":19.05609316189803,"back":19.05609316189803,"walk_out":63.5203105396601,"walk_back":63.5203105396601},"rail-007434":{"out":20.11107634381742,"back":20.11107634381742,"walk_out":67.03692114605806,"walk_back":67.03692114605806},"rail-007493":{"out":9.371024503016693,"back":9.371024503016693,"walk_out":31.23674834338898,"walk_back":31.23674834338898},"rail-007517":{"out":7.324423123045335,"back":7.324423123045335,"walk_out":24.41474374348445,"walk_back":24.41474374348445},"rail-007657":{"out":24.786824749724886,"back":24.786824749724886,"walk_out":82.62274916574962,"walk_back":82.62274916574962},"rail-007538":{"out":5.354474400949221,"back":5.354474400949221,"walk_out":17.84824800316407,"walk_back":17.84824800316407},"rail-007547":{"out":5.67475072731145,"back":5.67475072731145,"walk_out":18.91583575770483,"walk_back":18.91583575770483},"rail-007559":{"out":4.492849164241722,"back":4.492849164241722,"walk_out":14.976163880805741,"walk_back":14.976163880805741},"rail-007575":{"out":10.740783894965887,"back":10.740783894965887,"walk_out":35.802612983219625,"walk_back":35.802612983219625},"rail-007505":{"out":24.423177818483683,"back":24.423177818483683,"walk_out":81.41059272827894,"walk_back":81.41059272827894},"rail-007546":{"out":22.56773364607588,"back":22.56773364607588,"walk_out":75.22577882025294,"walk_back":75.22577882025294},"bentencho":{"out":26.734073437462925,"back":26.734073437462925,"walk_out":89.11357812487643,"walk_back":89.11357812487643},"rail-007682":{"out":20.60242488178026,"back":20.60242488178026,"walk_out":68.6747496059342,"walk_back":68.6747496059342},"shinsaibashi":{"out":27.373600161502022,"back":27.373600161502022,"walk_out":91.24533387167341,"walk_back":91.24533387167341},"rail-007399":{"out":18.85187118117474,"back":18.85187118117474,"walk_out":62.839570603915796,"walk_back":62.839570603915796},"rail-007611":{"out":11.297395241194192,"back":11.297395241194192,"walk_out":37.657984137313974,"walk_back":37.657984137313974},"rail-007609":{"out":6.985523796552969,"back":6.985523796552969,"walk_out":23.28507932184323,"walk_back":23.28507932184323},"rail-007595":{"out":8.740300802399027,"back":8.740300802399027,"walk_out":29.134336007996755,"walk_back":29.134336007996755},"rail-007607":{"out":6.00273678135479,"back":6.00273678135479,"walk_out":20.009122604515966,"walk_back":20.009122604515966},"rail-007486":{"out":14.908090259884784,"back":14.908090259884784,"walk_out":49.69363419961594,"walk_back":49.69363419961594},"shinimamiya":{"out":16.89428520420694,"back":16.89428520420694,"walk_out":56.31428401402314,"walk_back":56.31428401402314},"rail-007427":{"out":16.924087969444077,"back":16.924087969444077,"walk_out":56.41362656481359,"walk_back":56.41362656481359},"rail-007690":{"out":22.64526229867446,"back":22.64526229867446,"walk_out":75.4842076622482,"walk_back":75.4842076622482},"nipponbashi":{"out":24.444266670735217,"back":24.444266670735217,"walk_out":81.48088890245072,"walk_back":81.48088890245072},"rail-007499":{"out":13.700141685634259,"back":13.700141685634259,"walk_out":45.66713895211419,"walk_back":45.66713895211419},"rail-007370":{"out":25.306171229590618,"back":25.306171229590618,"walk_out":84.35390409863538,"walk_back":84.35390409863538},"rail-007406":{"out":18.267564189224515,"back":18.267564189224515,"walk_out":60.891880630748375,"walk_back":60.891880630748375},"rail-007623":{"out":10.807393308398025,"back":10.807393308398025,"walk_out":36.02464436132675,"walk_back":36.02464436132675},"rail-007500":{"out":11.305942150683842,"back":11.305942150683842,"walk_out":37.68647383561281,"walk_back":37.68647383561281},"rail-007699":{"out":23.603480540728864,"back":23.603480540728864,"walk_out":78.67826846909621,"walk_back":78.67826846909621},"rail-007525":{"out":6.579252741797293,"back":6.579252741797293,"walk_out":21.930842472657645,"walk_back":21.930842472657645},"rail-007553":{"out":2.693245331212966,"back":2.693245331212966,"walk_out":8.977484437376553,"walk_back":8.977484437376553},"rail-007479":{"out":21.275063081569865,"back":21.275063081569865,"walk_out":70.91687693856622,"walk_back":70.91687693856622},"rail-007250":{"out":28.935071413062772,"back":28.935071413062772,"walk_out":96.45023804354258,"walk_back":96.45023804354258},"rail-007472":{"out":12.425380493479487,"back":12.425380493479487,"walk_out":41.41793497826496,"walk_back":41.41793497826496},"rail-007487":{"out":12.629631258233585,"back":12.629631258233585,"walk_out":42.098770860778615,"walk_back":42.098770860778615},"rail-007380":{"out":24.79615160326164,"back":24.79615160326164,"walk_out":82.6538386775388,"walk_back":82.6538386775388},"rail-007364":{"out":29.55596518742838,"back":29.55596518742838,"walk_out":98.5198839580946,"walk_back":98.5198839580946},"sakuragawa":{"out":24.322900923022537,"back":24.322900923022537,"walk_out":81.07633641007513,"walk_back":81.07633641007513},"rail-007303":{"out":23.965910223743407,"back":23.965910223743407,"walk_out":79.88636741247802,"walk_back":79.88636741247802},"rail-007587":{"out":4.726028108816042,"back":4.726028108816042,"walk_out":15.753427029386804,"walk_back":15.753427029386804},"rail-007639":{"out":21.507308309212082,"back":21.507308309212082,"walk_out":71.69102769737361,"walk_back":71.69102769737361},"rail-007470":{"out":18.075113691531026,"back":18.075113691531026,"walk_out":60.25037897177008,"walk_back":60.25037897177008},"rail-007442":{"out":14.914140485370426,"back":14.914140485370426,"walk_out":49.71380161790142,"walk_back":49.71380161790142},"rail-007641":{"out":13.774524611689774,"back":13.774524611689774,"walk_out":45.91508203896591,"walk_back":45.91508203896591},"rail-007630":{"out":10.795151223138138,"back":10.795151223138138,"walk_out":35.98383741046046,"walk_back":35.98383741046046},"rail-007683":{"out":21.673044303592793,"back":21.673044303592793,"walk_out":72.24348101197597,"walk_back":72.24348101197597},"rail-007533":{"out":4.7136882878767485,"back":4.7136882878767485,"walk_out":15.712294292922497,"walk_back":15.712294292922497},"rail-007519":{"out":15.252390162846007,"back":15.252390162846007,"walk_out":50.84130054282002,"walk_back":50.84130054282002},"rail-007733":{"out":29.831459373202946,"back":29.831459373202946,"walk_out":99.4381979106765,"walk_back":99.4381979106765},"rail-007709":{"out":24.562463583473544,"back":24.562463583473544,"walk_out":81.87487861157848,"walk_back":81.87487861157848},"rail-007704":{"out":23.88078155130043,"back":23.88078155130043,"walk_out":79.60260517100143,"walk_back":79.60260517100143},"rail-007590":{"out":16.951536707509177,"back":16.951536707509177,"walk_out":56.50512235836393,"walk_back":56.50512235836393},"rail-007714":{"out":28.56752882799779,"back":28.56752882799779,"walk_out":95.22509609332597,"walk_back":95.22509609332597},"rail-007706":{"out":25.934817123459844,"back":25.934817123459844,"walk_out":86.4493904115328,"walk_back":86.4493904115328},"rail-007707":{"out":27.28218984014447,"back":27.28218984014447,"walk_out":90.94063280048157,"walk_back":90.94063280048157},"rail-007564":{"out":3.4571369493471105,"back":3.4571369493471105,"walk_out":11.523789831157034,"walk_back":11.523789831157034},"rail-007640":{"out":12.826190786728674,"back":12.826190786728674,"walk_out":42.75396928909558,"walk_back":42.75396928909558},"rail-007554":{"out":2.431696507226192,"back":2.431696507226192,"walk_out":8.105655024087305,"walk_back":8.105655024087305},"rail-007579":{"out":2.211161614854199,"back":2.211161614854199,"walk_out":7.370538716180662,"walk_back":7.370538716180662},"rail-007635":{"out":11.6053062450828,"back":11.6053062450828,"walk_out":38.684354150276,"walk_back":38.684354150276},"rail-007475":{"out":17.245828451735754,"back":17.245828451735754,"walk_out":57.48609483911918,"walk_back":57.48609483911918},"rail-007498":{"out":9.61479152781519,"back":9.61479152781519,"walk_out":32.0493050927173,"walk_back":32.0493050927173},"rail-007379":{"out":19.945345328632094,"back":19.945345328632094,"walk_out":66.48448442877364,"walk_back":66.48448442877364},"rail-007371":{"out":20.810421086083622,"back":20.810421086083622,"walk_out":69.36807028694541,"walk_back":69.36807028694541},"rail-007454":{"out":13.932768679961155,"back":13.932768679961155,"walk_out":46.44256226653718,"walk_back":46.44256226653718},"rail-007650":{"out":14.756320504060907,"back":14.756320504060907,"walk_out":49.18773501353636,"walk_back":49.18773501353636},"rail-007452":{"out":14.764643103225216,"back":14.764643103225216,"walk_out":49.21547701075072,"walk_back":49.21547701075072},"rail-007249":{"out":27.570661720936045,"back":27.570661720936045,"walk_out":91.90220573645348,"walk_back":91.90220573645348},"rail-007476":{"out":11.060865486143873,"back":11.060865486143873,"walk_out":36.86955162047958,"walk_back":36.86955162047958},"rail-007540":{"out":10.673763565127116,"back":10.673763565127116,"walk_out":35.579211883757054,"walk_back":35.579211883757054},"rail-007246":{"out":26.770096239835567,"back":26.770096239835567,"walk_out":89.23365413278523,"walk_back":89.23365413278523},"tanimachi9":{"out":25.860785651637013,"back":25.860785651637013,"walk_out":86.20261883879004,"walk_back":86.20261883879004},"tanimachi6":{"out":29.378856693000536,"back":29.378856693000536,"walk_out":97.92952231000179,"walk_back":97.92952231000179},"rail-007317":{"out":24.567350659494483,"back":24.567350659494483,"walk_out":81.89116886498161,"walk_back":81.89116886498161},"rail-007562":{"out":16.686675348333452,"back":16.686675348333452,"walk_out":55.62225116111151,"walk_back":55.62225116111151},"nagahoribashi":{"out":28.23448141076655,"back":28.23448141076655,"walk_out":94.1149380358885,"walk_back":94.1149380358885},"nagai":{"out":9.722549934837486,"back":9.722549934837486,"walk_out":32.40849978279162,"walk_back":32.40849978279162},"rail-007460":{"out":15.285642881464055,"back":15.285642881464055,"walk_out":50.95214293821351,"walk_back":50.95214293821351},"rail-007543":{"out":16.882139955198927,"back":16.882139955198927,"walk_out":56.27379985066309,"walk_back":56.27379985066309},"rail-007669":{"out":27.40373832954166,"back":27.40373832954166,"walk_out":91.34579443180553,"walk_back":91.34579443180553},"rail-007628":{"out":10.389328469919088,"back":10.389328469919088,"walk_out":34.63109489973029,"walk_back":34.63109489973029},"rail-007556":{"out":10.950032611643335,"back":10.950032611643335,"walk_out":36.500108705477786,"walk_back":36.500108705477786},"tsuruhashi":{"out":27.918040725335423,"back":27.918040725335423,"walk_out":93.06013575111808,"walk_back":93.06013575111808}}}},{"type":"Feature","geometry":{"type":"Point","coordinates":[135.62131,34.5456]},"properties":{"id":"bodik-osaka-690b5f5ea7767754e299","name":"パークゴルフ場月例コンペ11月度大会","venue":"石川河川公園","address":"","category":"その他","source_category":"","date":"2026-11-10","end_date":"2026-11-10","start":null,"end":null,"schedule":"","url":"https://www.toshi-kouen.jp/staticpages/index.php/ishikawa_facilities01","source":"大阪府 イベント一覧（BODIK）","source_updated":"2026-09-14T08:52:41.251751","fetched_at":"2026-09-18T14:35:26.570Z","coordinate_source":"https://data.bodik.jp/ja/dataset/270008_event","fictional":false,"access":{"rail-007767":{"out":8.21721571342496,"back":8.21721571342496,"walk_out":27.390719044749865,"walk_back":27.390719044749865},"rail-007738":{"out":24.47976445602612,"back":24.47976445602612,"walk_out":81.5992148534204,"walk_back":81.5992148534204},"rail-007754":{"out":24.050695136203778,"back":24.050695136203778,"walk_out":80.16898378734592,"walk_back":80.16898378734592},"rail-007772":{"out":27.333838689269612,"back":27.333838689269612,"walk_out":91.1127956308987,"walk_back":91.1127956308987},"rail-007618":{"out":26.943601722082786,"back":26.943601722082786,"walk_out":89.81200574027595,"walk_back":89.81200574027595},"rail-007718":{"out":5.861669273793259,"back":5.861669273793259,"walk_out":19.538897579310863,"walk_back":19.538897579310863},"rail-007790":{"out":11.436832554630183,"back":11.436832554630183,"walk_out":38.12277518210061,"walk_back":38.12277518210061},"rail-007676":{"out":11.75749862213942,"back":11.75749862213942,"walk_out":39.19166207379807,"walk_back":39.19166207379807},"rail-007633":{"out":19.176485195287878,"back":19.176485195287878,"walk_out":63.92161731762626,"walk_back":63.92161731762626},"rail-007713":{"out":9.65959284356285,"back":9.65959284356285,"walk_out":32.19864281187617,"walk_back":32.19864281187617},"rail-007831":{"out":29.680095527558855,"back":29.680095527558855,"walk_out":98.93365175852952,"walk_back":98.93365175852952},"rail-007653":{"out":15.65267883772169,"back":15.65267883772169,"walk_out":52.17559612573897,"walk_back":52.17559612573897},"rail-007832":{"out":19.841428673623362,"back":19.841428673623362,"walk_out":66.13809557874454,"walk_back":66.13809557874454},"rail-007840":{"out":22.14823234765875,"back":22.14823234765875,"walk_out":73.82744115886251,"walk_back":73.82744115886251},"rail-007856":{"out":26.367882453484835,"back":26.367882453484835,"walk_out":87.89294151161612,"walk_back":87.89294151161612},"rail-007606":{"out":24.423029644660257,"back":24.423029644660257,"walk_out":81.4100988155342,"walk_back":81.4100988155342},"rail-007578":{"out":28.646134398084573,"back":28.646134398084573,"walk_out":95.48711466028192,"walk_back":95.48711466028192},"rail-007674":{"out":21.68243493951617,"back":21.68243493951617,"walk_out":72.27478313172057,"walk_back":72.27478313172057},"rail-007636":{"out":18.285589624431342,"back":18.285589624431342,"walk_out":60.95196541477114,"walk_back":60.95196541477114},"rail-007652":{"out":16.079650916917547,"back":16.079650916917547,"walk_out":53.59883638972516,"walk_back":53.59883638972516},"takaida_osaka":{"out":10.775072492914662,"back":10.775072492914662,"walk_out":35.91690830971554,"walk_back":35.91690830971554},"rail-007670":{"out":19.978849416532054,"back":19.978849416532054,"walk_out":66.5961647217735,"walk_back":66.5961647217735},"rail-007668":{"out":26.917472414365292,"back":26.917472414365292,"walk_out":89.7249080478843,"walk_back":89.7249080478843},"rail-007621":{"out":22.131787526198345,"back":22.131787526198345,"walk_out":73.77262508732782,"walk_back":73.77262508732782},"rail-007800":{"out":29.729374614715844,"back":29.729374614715844,"walk_out":99.09791538238615,"walk_back":99.09791538238615},"rail-007678":{"out":15.262092266707386,"back":15.262092266707386,"walk_out":50.873640889024614,"walk_back":50.873640889024614},"rail-007688":{"out":10.137593852419597,"back":10.137593852419597,"walk_out":33.791979508065324,"walk_back":33.791979508065324},"rail-007723":{"out":17.45595156790946,"back":17.45595156790946,"walk_out":58.186505226364865,"walk_back":58.186505226364865},"rail-007741":{"out":0.2688938634478858,"back":0.2688938634478858,"walk_out":0.8963128781596194,"walk_back":0.8963128781596194},"rail-007680":{"out":13.200365046436236,"back":13.200365046436236,"walk_out":44.00121682145412,"walk_back":44.00121682145412},"rail-007679":{"out":17.727317845153344,"back":17.727317845153344,"walk_out":59.091059483844475,"walk_back":59.091059483844475}}}},{"type":"Feature","geometry":{"type":"Point","coordinates":[135.5788,34.63141]},"properties":{"id":"bodik-osaka-24f9b3a516caa27a35d6","name":"大阪ピンコロクラブ","venue":"久宝寺緑地","address":"","category":"その他","source_category":"","date":"2026-11-14","end_date":"2026-11-14","start":null,"end":null,"schedule":"","url":"https://kyuhoji-ryokuchi.jp/","source":"大阪府 イベント一覧（BODIK）","source_updated":"2026-09-14T08:52:41.251751","fetched_at":"2026-09-18T14:35:26.570Z","coordinate_source":"https://data.bodik.jp/ja/dataset/270008_event","fictional":false,"access":{"rail-007376":{"out":12.3360863913444,"back":12.3360863913444,"walk_out":41.120287971148,"walk_back":41.120287971148},"rail-007344":{"out":14.833195010312476,"back":14.833195010312476,"walk_out":49.443983367708256,"walk_back":49.443983367708256},"rail-007422":{"out":8.815085537781805,"back":8.815085537781805,"walk_out":29.383618459272682,"walk_back":29.383618459272682},"kyuhoji":{"out":4.5327503034730015,"back":4.5327503034730015,"walk_out":15.109167678243338,"walk_back":15.109167678243338},"rail-007491":{"out":4.5313010230363195,"back":4.5313010230363195,"walk_out":15.1043367434544,"walk_back":15.1043367434544},"rail-007529":{"out":17.60646567801607,"back":17.60646567801607,"walk_out":58.68821892672024,"walk_back":58.68821892672024},"rail-007450":{"out":28.70687434162788,"back":28.70687434162788,"walk_out":95.6895811387596,"walk_back":95.6895811387596},"rail-007459":{"out":28.677672229759636,"back":28.677672229759636,"walk_out":95.59224076586545,"walk_back":95.59224076586545},"rail-007284":{"out":20.874050828737538,"back":20.874050828737538,"walk_out":69.58016942912512,"walk_back":69.58016942912512},"rail-007342":{"out":18.202018757829997,"back":18.202018757829997,"walk_out":60.67339585943333,"walk_back":60.67339585943333},"rail-007378":{"out":12.36736585833943,"back":12.36736585833943,"walk_out":41.22455286113143,"walk_back":41.22455286113143},"rail-007549":{"out":23.72916130545068,"back":23.72916130545068,"walk_out":79.09720435150227,"walk_back":79.09720435150227},"rail-007560":{"out":9.168430406691996,"back":9.168430406691996,"walk_out":30.56143468897332,"walk_back":30.56143468897332},"rail-007618":{"out":15.27376964483595,"back":15.27376964483595,"walk_out":50.91256548278649,"walk_back":50.91256548278649},"rail-007351":{"out":14.888633534461793,"back":14.888633534461793,"walk_out":49.62877844820597,"walk_back":49.62877844820597},"rail-007582":{"out":11.092482224895164,"back":11.092482224895164,"walk_out":36.97494074965054,"walk_back":36.97494074965054},"rail-007524":{"out":4.8502657388788295,"back":4.8502657388788295,"walk_out":16.167552462929432,"walk_back":16.167552462929432},"dobutsuen":{"out":28.58622355596859,"back":28.58622355596859,"walk_out":95.28741185322863,"walk_back":95.28741185322863},"rail-007485":{"out":28.84750342346281,"back":28.84750342346281,"walk_out":96.15834474487603,"walk_back":96.15834474487603},"rail-007412":{"out":13.053082955677729,"back":13.053082955677729,"walk_out":43.510276518925764,"walk_back":43.510276518925764},"rail-007502":{"out":18.249595776689237,"back":18.249595776689237,"walk_out":60.83198592229745,"walk_back":60.83198592229745},"rail-007522":{"out":26.89441899033533,"back":26.89441899033533,"walk_out":89.64806330111776,"walk_back":89.64806330111776},"rail-007462":{"out":10.65761179448601,"back":10.65761179448601,"walk_out":35.5253726482867,"walk_back":35.5253726482867},"rail-007531":{"out":21.359005619253065,"back":21.359005619253065,"walk_out":71.19668539751022,"walk_back":71.19668539751022},"rail-007213":{"out":27.44601767773998,"back":27.44601767773998,"walk_out":91.4867255924666,"walk_back":91.4867255924666},"rail-007581":{"out":13.901609035314568,"back":13.901609035314568,"walk_out":46.338696784381895,"walk_back":46.338696784381895},"rail-007382":{"out":26.51872604929057,"back":26.51872604929057,"walk_out":88.39575349763523,"walk_back":88.39575349763523},"rail-007676":{"out":29.815966049304677,"back":29.815966049304677,"walk_out":99.38655349768226,"walk_back":99.38655349768226},"rail-007633":{"out":26.093333793129435,"back":26.093333793129435,"walk_out":86.97777931043144,"walk_back":86.97777931043144},"uehommachi":{"out":25.924218434239364,"back":25.924218434239364,"walk_out":86.41406144746455,"walk_back":86.41406144746455},"rail-007164":{"out":29.900442736915018,"back":29.900442736915018,"walk_out":99.66814245638339,"walk_back":99.66814245638339},"rail-007451":{"out":24.36135665780537,"back":24.36135665780537,"walk_out":81.20452219268456,"walk_back":81.20452219268456},"tennoji":{"out":24.432570102639293,"back":24.432570102639293,"walk_out":81.44190034213098,"walk_back":81.44190034213098},"rail-007447":{"out":24.96364928629508,"back":24.96364928629508,"walk_out":83.21216428765027,"walk_back":83.21216428765027},"rail-007515":{"out":29.697497655368245,"back":29.697497655368245,"walk_out":98.99165885122748,"walk_back":98.99165885122748},"rail-007532":{"out":27.870309916401126,"back":27.870309916401126,"walk_out":92.90103305467042,"walk_back":92.90103305467042},"rail-007653":{"out":29.29315856133514,"back":29.29315856133514,"walk_out":97.64386187111714,"walk_back":97.64386187111714},"rail-007434":{"out":21.49628591094289,"back":21.49628591094289,"walk_out":71.65428636980964,"walk_back":71.65428636980964},"rail-007368":{"out":15.65820958409393,"back":15.65820958409393,"walk_out":52.19403194697977,"walk_back":52.19403194697977},"rail-007657":{"out":27.84800140782502,"back":27.84800140782502,"walk_out":92.82667135941674,"walk_back":92.82667135941674},"fuse":{"out":15.56499408505987,"back":15.56499408505987,"walk_out":51.88331361686624,"walk_back":51.88331361686624},"rail-007538":{"out":29.743590438227383,"back":29.743590438227383,"walk_out":99.14530146075793,"walk_back":99.14530146075793},"rail-007547":{"out":28.971083287543994,"back":28.971083287543994,"walk_out":96.57027762514664,"walk_back":96.57027762514664},"rail-007559":{"out":29.852169969679448,"back":29.852169969679448,"walk_out":99.50723323226482,"walk_back":99.50723323226482},"rail-007505":{"out":10.16745600539689,"back":10.16745600539689,"walk_out":33.891520017989635,"walk_back":33.891520017989635},"rail-007546":{"out":11.954905897862298,"back":11.954905897862298,"walk_out":39.84968632620766,"walk_back":39.84968632620766},"rail-007468":{"out":4.750252733120279,"back":4.750252733120279,"walk_out":15.834175777067596,"walk_back":15.834175777067596},"rail-007131":{"out":27.184085590346967,"back":27.184085590346967,"walk_out":90.6136186344899,"walk_back":90.6136186344899},"rail-007606":{"out":19.380910945584397,"back":19.380910945584397,"walk_out":64.60303648528132,"walk_back":64.60303648528132},"rail-007578":{"out":19.843582531803175,"back":19.843582531803175,"walk_out":66.14527510601059,"walk_back":66.14527510601059},"rail-007674":{"out":25.82351270967732,"back":25.82351270967732,"walk_out":86.0783756989244,"walk_back":86.0783756989244},"rail-007399":{"out":28.780336553557433,"back":28.780336553557433,"walk_out":95.93445517852477,"walk_back":95.93445517852477},"rail-007611":{"out":28.13203171125882,"back":28.13203171125882,"walk_out":93.77343903752939,"walk_back":93.77343903752939},"rail-007595":{"out":29.28838482370203,"back":29.28838482370203,"walk_out":97.62794941234012,"walk_back":97.62794941234012},"rail-007162":{"out":25.81378593178628,"back":25.81378593178628,"walk_out":86.04595310595427,"walk_back":86.04595310595427},"rail-007486":{"out":22.23355409459852,"back":22.23355409459852,"walk_out":74.11184698199507,"walk_back":74.11184698199507},"shinimamiya":{"out":29.356807521071584,"back":29.356807521071584,"walk_out":97.85602507023862,"walk_back":97.85602507023862},"rail-007427":{"out":28.753358650968693,"back":28.753358650968693,"walk_out":95.8445288365623,"walk_back":95.8445288365623},"rail-007523":{"out":4.333110288140507,"back":4.333110288140507,"walk_out":14.443700960468355,"walk_back":14.443700960468355},"rail-007297":{"out":18.66808296958844,"back":18.66808296958844,"walk_out":62.226943231961464,"walk_back":62.226943231961464},"rail-007499":{"out":22.669900418391084,"back":22.669900418391084,"walk_out":75.56633472797029,"walk_back":75.56633472797029},"rail-007528":{"out":22.92912763257913,"back":22.92912763257913,"walk_out":76.43042544193044,"walk_back":76.43042544193044},"rail-007500":{"out":25.73623519494858,"back":25.73623519494858,"walk_out":85.7874506498286,"walk_back":85.7874506498286},"higashihanazono":{"out":22.313979088580744,"back":22.313979088580744,"walk_out":74.37993029526915,"walk_back":74.37993029526915},"rail-007479":{"out":15.338846204505753,"back":15.338846204505753,"walk_out":51.12948734835251,"walk_back":51.12948734835251},"rail-007472":{"out":28.724876441683573,"back":28.724876441683573,"walk_out":95.74958813894524,"walk_back":95.74958813894524},"rail-007487":{"out":25.300283883611595,"back":25.300283883611595,"walk_out":84.33427961203866,"walk_back":84.33427961203866},"rail-007636":{"out":25.683719016502522,"back":25.683719016502522,"walk_out":85.61239672167507,"walk_back":85.61239672167507},"rail-007652":{"out":27.86035714196441,"back":27.86035714196441,"walk_out":92.86785713988137,"walk_back":92.86785713988137},"rail-007380":{"out":22.159354951053253,"back":22.159354951053253,"walk_out":73.86451650351084,"walk_back":73.86451650351084},"morinomiya":{"out":28.024875674129362,"back":28.024875674129362,"walk_out":93.41625224709787,"walk_back":93.41625224709787},"rail-007639":{"out":25.735905794213593,"back":25.735905794213593,"walk_out":85.78635264737865,"walk_back":85.78635264737865},"rail-007350":{"out":14.515811004137934,"back":14.515811004137934,"walk_out":48.386036680459775,"walk_back":48.386036680459775},"kawachi_yamamoto":{"out":14.8558630861602,"back":14.8558630861602,"walk_out":49.519543620534,"walk_back":49.519543620534},"rail-007668":{"out":26.07307764288168,"back":26.07307764288168,"walk_out":86.91025880960561,"walk_back":86.91025880960561},"rail-007345":{"out":14.750474298547847,"back":14.750474298547847,"walk_out":49.16824766182616,"walk_back":49.16824766182616},"rail-007359":{"out":20.10963787132724,"back":20.10963787132724,"walk_out":67.03212623775747,"walk_back":67.03212623775747},"rail-007470":{"out":20.41804401582414,"back":20.41804401582414,"walk_out":68.0601467194138,"walk_back":68.0601467194138},"rail-007621":{"out":23.69958669304543,"back":23.69958669304543,"walk_out":78.99862231015143,"walk_back":78.99862231015143},"fukaebashi":{"out":22.718026710549125,"back":22.718026710549125,"walk_out":75.72675570183041,"walk_back":75.72675570183041},"rail-007260":{"out":25.162452572878067,"back":25.162452572878067,"walk_out":83.87484190959356,"walk_back":83.87484190959356},"rail-007365":{"out":25.935726305786226,"back":25.935726305786226,"walk_out":86.45242101928743,"walk_back":86.45242101928743},"rail-007519":{"out":19.65222217326981,"back":19.65222217326981,"walk_out":65.5074072442327,"walk_back":65.5074072442327},"rail-007590":{"out":20.255447172771774,"back":20.255447172771774,"walk_out":67.51815724257257,"walk_back":67.51815724257257},"rail-007201":{"out":25.172849591053637,"back":25.172849591053637,"walk_out":83.90949863684546,"walk_back":83.90949863684546},"rail-007475":{"out":20.389616893775678,"back":20.389616893775678,"walk_out":67.96538964591892,"walk_back":67.96538964591892},"rail-007498":{"out":29.045491402374232,"back":29.045491402374232,"walk_out":96.81830467458077,"walk_back":96.81830467458077},"rail-007354":{"out":17.76928185610558,"back":17.76928185610558,"walk_out":59.23093952035193,"walk_back":59.23093952035193},"rail-007234":{"out":23.083134776255484,"back":23.083134776255484,"walk_out":76.94378258751827,"walk_back":76.94378258751827},"rail-007452":{"out":29.857843112677283,"back":29.857843112677283,"walk_out":99.52614370892428,"walk_back":99.52614370892428},"rail-007678":{"out":27.21513137281386,"back":27.21513137281386,"walk_out":90.71710457604621,"walk_back":90.71710457604621},"rail-007477":{"out":5.292671039364361,"back":5.292671039364361,"walk_out":17.642236797881203,"walk_back":17.642236797881203},"rail-007540":{"out":23.68778514471783,"back":23.68778514471783,"walk_out":78.9592838157261,"walk_back":78.9592838157261},"tanimachi9":{"out":27.969189761189032,"back":27.969189761189032,"walk_out":93.23063253729677,"walk_back":93.23063253729677},"tanimachi6":{"out":29.825386665913907,"back":29.825386665913907,"walk_out":99.41795555304635,"walk_back":99.41795555304635},"kintetsu_yao":{"out":9.08339652161075,"back":9.08339652161075,"walk_out":30.277988405369168,"walk_back":30.277988405369168},"rail-007562":{"out":17.922425460140573,"back":17.922425460140573,"walk_out":59.74141820046858,"walk_back":59.74141820046858},"rail-007594":{"out":12.996870207822015,"back":12.996870207822015,"walk_out":43.32290069274005,"walk_back":43.32290069274005},"nagai":{"out":25.625670018062074,"back":25.625670018062074,"walk_out":85.41890006020691,"walk_back":85.41890006020691},"rail-007425":{"out":8.215521998023233,"back":8.215521998023233,"walk_out":27.38507332674411,"walk_back":27.38507332674411},"nagata":{"out":21.601972738646726,"back":21.601972738646726,"walk_out":72.00657579548908,"walk_back":72.00657579548908},"rail-007460":{"out":24.94714050690037,"back":24.94714050690037,"walk_out":83.15713502300123,"walk_back":83.15713502300123},"rail-007543":{"out":17.406065053200173,"back":17.406065053200173,"walk_out":58.02021684400057,"walk_back":58.02021684400057},"rail-007235":{"out":21.06543401803524,"back":21.06543401803524,"walk_out":70.21811339345079,"walk_back":70.21811339345079},"rail-007229":{"out":21.219897472779472,"back":21.219897472779472,"walk_out":70.73299157593156,"walk_back":70.73299157593156},"rail-007551":{"out":17.47660131835153,"back":17.47660131835153,"walk_out":58.25533772783844,"walk_back":58.25533772783844},"rail-007569":{"out":28.43112932573508,"back":28.43112932573508,"walk_out":94.7704310857836,"walk_back":94.7704310857836},"rail-007669":{"out":27.74257075464811,"back":27.74257075464811,"walk_out":92.47523584882703,"walk_back":92.47523584882703},"rail-007679":{"out":26.733241185337057,"back":26.733241185337057,"walk_out":89.11080395112351,"walk_back":89.11080395112351},"rail-007125":{"out":29.935945697977782,"back":29.935945697977782,"walk_out":99.78648565992594,"walk_back":99.78648565992594},"rail-007556":{"out":23.354118957231663,"back":23.354118957231663,"walk_out":77.84706319077222,"walk_back":77.84706319077222},"tsuruhashi":{"out":23.39538296941601,"back":23.39538296941601,"walk_out":77.98460989805336,"walk_back":77.98460989805336}}}},{"type":"Feature","geometry":{"type":"Point","coordinates":[135.57449,34.44807]},"properties":{"id":"bodik-osaka-647d29fa1bac81fb9f7d","name":"延命寺　落語と珈琲","venue":"長野公園","address":"","category":"その他","source_category":"","date":"2026-11-14","end_date":"2026-11-14","start":null,"end":null,"schedule":"","url":"https://www.toshi-kouen.jp/staticpages/index.php/nagano_top","source":"大阪府 イベント一覧（BODIK）","source_updated":"2026-09-14T08:52:41.251751","fetched_at":"2026-09-18T14:35:26.570Z","coordinate_source":"https://data.bodik.jp/ja/dataset/270008_event","fictional":false,"access":{"rail-007957":{"out":5.2069842147972345,"back":5.2069842147972345,"walk_out":17.356614049324115,"walk_back":17.356614049324115},"rail-007909":{"out":9.778991152974498,"back":9.778991152974498,"walk_out":32.596637176581666,"walk_back":32.596637176581666},"rail-007991":{"out":17.1613808720401,"back":17.1613808720401,"walk_out":57.20460290680034,"walk_back":57.20460290680034},"rail-007831":{"out":25.98661862785348,"back":25.98661862785348,"walk_out":86.62206209284493,"walk_back":86.62206209284493},"rail-008028":{"out":23.7307399542312,"back":23.7307399542312,"walk_out":79.10246651410401,"walk_back":79.10246651410401},"rail-007832":{"out":26.812608701208912,"back":26.812608701208912,"walk_out":89.37536233736304,"walk_back":89.37536233736304},"rail-007840":{"out":24.555906563430973,"back":24.555906563430973,"walk_out":81.85302187810325,"walk_back":81.85302187810325},"rail-007856":{"out":20.404144890821296,"back":20.404144890821296,"walk_out":68.01381630273765,"walk_back":68.01381630273765},"rail-007912":{"out":8.592841972845187,"back":8.592841972845187,"walk_out":28.642806576150626,"walk_back":28.642806576150626},"rail-007934":{"out":1.435968780144363,"back":1.435968780144363,"walk_out":4.7865626004812105,"walk_back":4.7865626004812105},"rail-007887":{"out":14.72932141621519,"back":14.72932141621519,"walk_out":49.09773805405064,"walk_back":49.09773805405064},"rail-007882":{"out":15.48011079495993,"back":15.48011079495993,"walk_out":51.600369316533104,"walk_back":51.600369316533104},"rail-007977":{"out":10.402477503381059,"back":10.402477503381059,"walk_out":34.6749250112702,"walk_back":34.6749250112702},"rail-007851":{"out":21.69748123913452,"back":21.69748123913452,"walk_out":72.32493746378174,"walk_back":72.32493746378174}}}},{"type":"Feature","geometry":{"type":"Point","coordinates":[135.42403,34.4331]},"properties":{"id":"bodik-osaka-21d04f5efa588e03bf45","name":"ツリークライミング","venue":"蜻蛉池公園","address":"","category":"その他","source_category":"","date":"2026-11-15","end_date":"2026-11-15","start":null,"end":null,"schedule":"","url":"https://tonboike-osakap.com/","source":"大阪府 イベント一覧（BODIK）","source_updated":"2026-09-14T08:52:41.251751","fetched_at":"2026-09-18T14:35:26.570Z","coordinate_source":"https://data.bodik.jp/ja/dataset/270008_event","fictional":false,"access":{"rail-007994":{"out":17.841449462419554,"back":17.841449462419554,"walk_out":59.47149820806518,"walk_back":59.47149820806518},"rail-008005":{"out":18.375679033686097,"back":18.375679033686097,"walk_out":61.25226344562033,"walk_back":61.25226344562033},"rail-007928":{"out":14.692695990775343,"back":14.692695990775343,"walk_out":48.975653302584476,"walk_back":48.975653302584476},"rail-007913":{"out":16.008362947530912,"back":16.008362947530912,"walk_out":53.361209825103046,"walk_back":53.361209825103046},"rail-007964":{"out":29.083191916607298,"back":29.083191916607298,"walk_out":96.94397305535766,"walk_back":96.94397305535766},"rail-007898":{"out":26.38144712542096,"back":26.38144712542096,"walk_out":87.93815708473653,"walk_back":87.93815708473653},"rail-007980":{"out":18.697643171782786,"back":18.697643171782786,"walk_out":62.325477239275955,"walk_back":62.325477239275955},"rail-007922":{"out":17.317633023259326,"back":17.317633023259326,"walk_out":57.725443410864415,"walk_back":57.725443410864415},"rail-007910":{"out":21.097850678579707,"back":21.097850678579707,"walk_out":70.32616892859903,"walk_back":70.32616892859903},"rail-007871":{"out":24.411838432373266,"back":24.411838432373266,"walk_out":81.37279477457756,"walk_back":81.37279477457756},"rail-007973":{"out":24.059919695682314,"back":24.059919695682314,"walk_out":80.19973231894105,"walk_back":80.19973231894105},"rail-007925":{"out":20.719962956139298,"back":20.719962956139298,"walk_out":69.06654318713099,"walk_back":69.06654318713099},"rail-007867":{"out":26.489000395118566,"back":26.489000395118566,"walk_out":88.29666798372855,"walk_back":88.29666798372855},"rail-007890":{"out":23.000581534668708,"back":23.000581534668708,"walk_out":76.66860511556236,"walk_back":76.66860511556236},"rail-007989":{"out":28.116311967596936,"back":28.116311967596936,"walk_out":93.72103989198979,"walk_back":93.72103989198979},"rail-007939":{"out":15.76305527781623,"back":15.76305527781623,"walk_out":52.543517592720775,"walk_back":52.543517592720775},"rail-007950":{"out":18.960374930114018,"back":18.960374930114018,"walk_out":63.201249767046725,"walk_back":63.201249767046725},"rail-007990":{"out":17.605278045009094,"back":17.605278045009094,"walk_out":58.68426015003031,"walk_back":58.68426015003031},"rail-008014":{"out":19.300519769675795,"back":19.300519769675795,"walk_out":64.33506589891931,"walk_back":64.33506589891931},"rail-007976":{"out":19.34173493361353,"back":19.34173493361353,"walk_out":64.47244977871176,"walk_back":64.47244977871176},"rail-007967":{"out":20.53374873301332,"back":20.53374873301332,"walk_out":68.44582911004439,"walk_back":68.44582911004439},"rail-007930":{"out":22.233813894475073,"back":22.233813894475073,"walk_out":74.11271298158357,"walk_back":74.11271298158357},"rail-007942":{"out":24.863464931991388,"back":24.863464931991388,"walk_out":82.8782164399713,"walk_back":82.8782164399713},"rail-007952":{"out":23.423233530716043,"back":23.423233530716043,"walk_out":78.07744510238682,"walk_back":78.07744510238682},"rail-007956":{"out":22.48308663410576,"back":22.48308663410576,"walk_out":74.94362211368588,"walk_back":74.94362211368588}}}},{"type":"Feature","geometry":{"type":"Point","coordinates":[135.62875,34.72735]},"properties":{"id":"bodik-osaka-b6f300e2ab034e2364c9","name":"園芸の日","venue":"深北緑地","address":"","category":"その他","source_category":"","date":"2026-11-15","end_date":"2026-11-15","start":null,"end":null,"schedule":"","url":"https://fukakitaryokuchi.jp/","source":"大阪府 イベント一覧（BODIK）","source_updated":"2026-09-14T08:52:41.251751","fetched_at":"2026-09-18T14:35:26.570Z","coordinate_source":"https://data.bodik.jp/ja/dataset/270008_event","fictional":false,"access":{"rail-007070":{"out":27.443367170997583,"back":27.443367170997583,"walk_out":91.47789056999194,"walk_back":91.47789056999194},"rail-007043":{"out":9.74460877980742,"back":9.74460877980742,"walk_out":32.48202926602473,"walk_back":32.48202926602473},"rail-006953":{"out":27.065548033071128,"back":27.065548033071128,"walk_out":90.21849344357042,"walk_back":90.21849344357042},"rail-006952":{"out":29.093372237951865,"back":29.093372237951865,"walk_out":96.97790745983954,"walk_back":96.97790745983954},"rail-006769":{"out":27.61255886846995,"back":27.61255886846995,"walk_out":92.04186289489984,"walk_back":92.04186289489984},"rail-006874":{"out":14.7539194634158,"back":14.7539194634158,"walk_out":49.17973154471933,"walk_back":49.17973154471933},"rail-007213":{"out":20.968606242434852,"back":20.968606242434852,"walk_out":69.8953541414495,"walk_back":69.8953541414495},"rail-006928":{"out":4.069189302720892,"back":4.069189302720892,"walk_out":13.563964342402972,"walk_back":13.563964342402972},"rail-006927":{"out":25.25213797184844,"back":25.25213797184844,"walk_out":84.1737932394948,"walk_back":84.1737932394948},"rail-006861":{"out":11.806055451156517,"back":11.806055451156517,"walk_out":39.353518170521724,"walk_back":39.353518170521724},"dainichi":{"out":20.900588032496348,"back":20.900588032496348,"walk_out":69.66862677498783,"walk_back":69.66862677498783},"taishibashi":{"out":27.192651134491022,"back":27.192651134491022,"walk_out":90.64217044830342,"walk_back":90.64217044830342},"rail-006883":{"out":24.053037925055158,"back":24.053037925055158,"walk_out":80.1767930835172,"walk_back":80.1767930835172},"moriguchi_shi":{"out":23.509895281651346,"back":23.509895281651346,"walk_out":78.36631760550449,"walk_back":78.36631760550449},"rail-007168":{"out":28.74330544330996,"back":28.74330544330996,"walk_out":95.81101814436653,"walk_back":95.81101814436653},"rail-006813":{"out":15.41620755561964,"back":15.41620755561964,"walk_out":51.38735851873213,"walk_back":51.38735851873213},"neyagawa":{"out":16.552125418692576,"back":16.552125418692576,"walk_out":55.17375139564192,"walk_back":55.17375139564192},"rail-007131":{"out":23.2352752548228,"back":23.2352752548228,"walk_out":77.45091751607599,"walk_back":77.45091751607599},"rail-006855":{"out":10.107901118797418,"back":10.107901118797418,"walk_out":33.69300372932473,"walk_back":33.69300372932473},"rail-007162":{"out":29.69648862310409,"back":29.69648862310409,"walk_out":98.98829541034696,"walk_back":98.98829541034696},"rail-007001":{"out":26.327005404725632,"back":26.327005404725632,"walk_out":87.75668468241876,"walk_back":87.75668468241876},"rail-007215":{"out":21.474431615195158,"back":21.474431615195158,"walk_out":71.5814387173172,"walk_back":71.5814387173172},"rail-006756":{"out":21.84728799166935,"back":21.84728799166935,"walk_out":72.82429330556451,"walk_back":72.82429330556451},"higashihanazono":{"out":28.91293497619452,"back":28.91293497619452,"walk_out":96.37644992064841,"walk_back":96.37644992064841},"rail-007287":{"out":26.66423610722524,"back":26.66423610722524,"walk_out":88.88078702408413,"walk_back":88.88078702408413},"rail-007185":{"out":28.925634545919973,"back":28.925634545919973,"walk_out":96.41878181973324,"walk_back":96.41878181973324},"rail-006977":{"out":28.39247013401908,"back":28.39247013401908,"walk_out":94.64156711339695,"walk_back":94.64156711339695},"rail-007063":{"out":23.075020027949023,"back":23.075020027949023,"walk_out":76.91673342649673,"walk_back":76.91673342649673},"rail-006733":{"out":29.32335637811905,"back":29.32335637811905,"walk_out":97.74452126039684,"walk_back":97.74452126039684},"rail-006723":{"out":29.925053011634514,"back":29.925053011634514,"walk_out":99.75017670544838,"walk_back":99.75017670544838},"rail-007359":{"out":28.986214494880613,"back":28.986214494880613,"walk_out":96.62071498293538,"walk_back":96.62071498293538},"rail-006964":{"out":24.943674614007474,"back":24.943674614007474,"walk_out":83.14558204669157,"walk_back":83.14558204669157},"rail-006933":{"out":26.066787530190766,"back":26.066787530190766,"walk_out":86.88929176730255,"walk_back":86.88929176730255},"rail-007365":{"out":29.31148977460587,"back":29.31148977460587,"walk_out":97.7049659153529,"walk_back":97.7049659153529},"ikoma":{"out":29.56645574804526,"back":29.56645574804526,"walk_out":98.5548524934842,"walk_back":98.5548524934842},"rail-007219":{"out":28.495303945530598,"back":28.495303945530598,"walk_out":94.984346485102,"walk_back":94.984346485102},"rail-007178":{"out":21.229979823099516,"back":21.229979823099516,"walk_out":70.76659941033172,"walk_back":70.76659941033172},"rail-006753":{"out":27.703788278554864,"back":27.703788278554864,"walk_out":92.3459609285162,"walk_back":92.3459609285162},"rail-007354":{"out":29.530074859173947,"back":29.530074859173947,"walk_out":98.43358286391316,"walk_back":98.43358286391316},"rail-007234":{"out":23.34855530644245,"back":23.34855530644245,"walk_out":77.8285176881415,"walk_back":77.8285176881415},"rail-006845":{"out":11.017711358122734,"back":11.017711358122734,"walk_out":36.72570452707578,"walk_back":36.72570452707578},"rail-006892":{"out":19.826266179794803,"back":19.826266179794803,"walk_out":66.08755393264934,"walk_back":66.08755393264934},"rail-006983":{"out":4.980338156952437,"back":4.980338156952437,"walk_out":16.60112718984146,"walk_back":16.60112718984146},"nagata":{"out":25.457678240094175,"back":25.457678240094175,"walk_out":84.85892746698059,"walk_back":84.85892746698059},"kadoma_minami":{"out":14.075169380610964,"back":14.075169380610964,"walk_out":46.91723126870321,"walk_back":46.91723126870321},"rail-006885":{"out":17.393058802195377,"back":17.393058802195377,"walk_out":57.97686267398459,"walk_back":57.97686267398459},"rail-007207":{"out":28.67255077527318,"back":28.67255077527318,"walk_out":95.5751692509106,"walk_back":95.5751692509106},"rail-007256":{"out":24.59689297766671,"back":24.59689297766671,"walk_out":81.98964325888903,"walk_back":81.98964325888903},"rail-006699":{"out":25.458463655863522,"back":25.458463655863522,"walk_out":84.86154551954507,"walk_back":84.86154551954507},"rail-007235":{"out":29.923931869374417,"back":29.923931869374417,"walk_out":99.7464395645814,"walk_back":99.7464395645814},"rail-007229":{"out":29.840013448453327,"back":29.840013448453327,"walk_out":99.46671149484442,"walk_back":99.46671149484442},"rail-007135":{"out":29.144099371163552,"back":29.144099371163552,"walk_out":97.1469979038785,"walk_back":97.1469979038785},"rail-007084":{"out":17.02666767858345,"back":17.02666767858345,"walk_out":56.75555892861151,"walk_back":56.75555892861151},"tsurumi":{"out":19.014033806144454,"back":19.014033806144454,"walk_out":63.38011268714817,"walk_back":63.38011268714817}}}},{"type":"Feature","geometry":{"type":"Point","coordinates":[135.5788,34.63141]},"properties":{"id":"bodik-osaka-f9f2f4fe990025cf9f3f","name":"みどり塾","venue":"久宝寺緑地","address":"","category":"その他","source_category":"","date":"2026-11-15","end_date":"2026-11-15","start":null,"end":null,"schedule":"","url":"https://kyuhoji-ryokuchi.jp/","source":"大阪府 イベント一覧（BODIK）","source_updated":"2026-09-14T08:52:41.251751","fetched_at":"2026-09-18T14:35:26.570Z","coordinate_source":"https://data.bodik.jp/ja/dataset/270008_event","fictional":false,"access":{"rail-007376":{"out":12.3360863913444,"back":12.3360863913444,"walk_out":41.120287971148,"walk_back":41.120287971148},"rail-007344":{"out":14.833195010312476,"back":14.833195010312476,"walk_out":49.443983367708256,"walk_back":49.443983367708256},"rail-007422":{"out":8.815085537781805,"back":8.815085537781805,"walk_out":29.383618459272682,"walk_back":29.383618459272682},"kyuhoji":{"out":4.5327503034730015,"back":4.5327503034730015,"walk_out":15.109167678243338,"walk_back":15.109167678243338},"rail-007491":{"out":4.5313010230363195,"back":4.5313010230363195,"walk_out":15.1043367434544,"walk_back":15.1043367434544},"rail-007529":{"out":17.60646567801607,"back":17.60646567801607,"walk_out":58.68821892672024,"walk_back":58.68821892672024},"rail-007450":{"out":28.70687434162788,"back":28.70687434162788,"walk_out":95.6895811387596,"walk_back":95.6895811387596},"rail-007459":{"out":28.677672229759636,"back":28.677672229759636,"walk_out":95.59224076586545,"walk_back":95.59224076586545},"rail-007284":{"out":20.874050828737538,"back":20.874050828737538,"walk_out":69.58016942912512,"walk_back":69.58016942912512},"rail-007342":{"out":18.202018757829997,"back":18.202018757829997,"walk_out":60.67339585943333,"walk_back":60.67339585943333},"rail-007378":{"out":12.36736585833943,"back":12.36736585833943,"walk_out":41.22455286113143,"walk_back":41.22455286113143},"rail-007549":{"out":23.72916130545068,"back":23.72916130545068,"walk_out":79.09720435150227,"walk_back":79.09720435150227},"rail-007560":{"out":9.168430406691996,"back":9.168430406691996,"walk_out":30.56143468897332,"walk_back":30.56143468897332},"rail-007618":{"out":15.27376964483595,"back":15.27376964483595,"walk_out":50.91256548278649,"walk_back":50.91256548278649},"rail-007351":{"out":14.888633534461793,"back":14.888633534461793,"walk_out":49.62877844820597,"walk_back":49.62877844820597},"rail-007582":{"out":11.092482224895164,"back":11.092482224895164,"walk_out":36.97494074965054,"walk_back":36.97494074965054},"rail-007524":{"out":4.8502657388788295,"back":4.8502657388788295,"walk_out":16.167552462929432,"walk_back":16.167552462929432},"dobutsuen":{"out":28.58622355596859,"back":28.58622355596859,"walk_out":95.28741185322863,"walk_back":95.28741185322863},"rail-007485":{"out":28.84750342346281,"back":28.84750342346281,"walk_out":96.15834474487603,"walk_back":96.15834474487603},"rail-007412":{"out":13.053082955677729,"back":13.053082955677729,"walk_out":43.510276518925764,"walk_back":43.510276518925764},"rail-007502":{"out":18.249595776689237,"back":18.249595776689237,"walk_out":60.83198592229745,"walk_back":60.83198592229745},"rail-007522":{"out":26.89441899033533,"back":26.89441899033533,"walk_out":89.64806330111776,"walk_back":89.64806330111776},"rail-007462":{"out":10.65761179448601,"back":10.65761179448601,"walk_out":35.5253726482867,"walk_back":35.5253726482867},"rail-007531":{"out":21.359005619253065,"back":21.359005619253065,"walk_out":71.19668539751022,"walk_back":71.19668539751022},"rail-007213":{"out":27.44601767773998,"back":27.44601767773998,"walk_out":91.4867255924666,"walk_back":91.4867255924666},"rail-007581":{"out":13.901609035314568,"back":13.901609035314568,"walk_out":46.338696784381895,"walk_back":46.338696784381895},"rail-007382":{"out":26.51872604929057,"back":26.51872604929057,"walk_out":88.39575349763523,"walk_back":88.39575349763523},"rail-007676":{"out":29.815966049304677,"back":29.815966049304677,"walk_out":99.38655349768226,"walk_back":99.38655349768226},"rail-007633":{"out":26.093333793129435,"back":26.093333793129435,"walk_out":86.97777931043144,"walk_back":86.97777931043144},"uehommachi":{"out":25.924218434239364,"back":25.924218434239364,"walk_out":86.41406144746455,"walk_back":86.41406144746455},"rail-007164":{"out":29.900442736915018,"back":29.900442736915018,"walk_out":99.66814245638339,"walk_back":99.66814245638339},"rail-007451":{"out":24.36135665780537,"back":24.36135665780537,"walk_out":81.20452219268456,"walk_back":81.20452219268456},"tennoji":{"out":24.432570102639293,"back":24.432570102639293,"walk_out":81.44190034213098,"walk_back":81.44190034213098},"rail-007447":{"out":24.96364928629508,"back":24.96364928629508,"walk_out":83.21216428765027,"walk_back":83.21216428765027},"rail-007515":{"out":29.697497655368245,"back":29.697497655368245,"walk_out":98.99165885122748,"walk_back":98.99165885122748},"rail-007532":{"out":27.870309916401126,"back":27.870309916401126,"walk_out":92.90103305467042,"walk_back":92.90103305467042},"rail-007653":{"out":29.29315856133514,"back":29.29315856133514,"walk_out":97.64386187111714,"walk_back":97.64386187111714},"rail-007434":{"out":21.49628591094289,"back":21.49628591094289,"walk_out":71.65428636980964,"walk_back":71.65428636980964},"rail-007368":{"out":15.65820958409393,"back":15.65820958409393,"walk_out":52.19403194697977,"walk_back":52.19403194697977},"rail-007657":{"out":27.84800140782502,"back":27.84800140782502,"walk_out":92.82667135941674,"walk_back":92.82667135941674},"fuse":{"out":15.56499408505987,"back":15.56499408505987,"walk_out":51.88331361686624,"walk_back":51.88331361686624},"rail-007538":{"out":29.743590438227383,"back":29.743590438227383,"walk_out":99.14530146075793,"walk_back":99.14530146075793},"rail-007547":{"out":28.971083287543994,"back":28.971083287543994,"walk_out":96.57027762514664,"walk_back":96.57027762514664},"rail-007559":{"out":29.852169969679448,"back":29.852169969679448,"walk_out":99.50723323226482,"walk_back":99.50723323226482},"rail-007505":{"out":10.16745600539689,"back":10.16745600539689,"walk_out":33.891520017989635,"walk_back":33.891520017989635},"rail-007546":{"out":11.954905897862298,"back":11.954905897862298,"walk_out":39.84968632620766,"walk_back":39.84968632620766},"rail-007468":{"out":4.750252733120279,"back":4.750252733120279,"walk_out":15.834175777067596,"walk_back":15.834175777067596},"rail-007131":{"out":27.184085590346967,"back":27.184085590346967,"walk_out":90.6136186344899,"walk_back":90.6136186344899},"rail-007606":{"out":19.380910945584397,"back":19.380910945584397,"walk_out":64.60303648528132,"walk_back":64.60303648528132},"rail-007578":{"out":19.843582531803175,"back":19.843582531803175,"walk_out":66.14527510601059,"walk_back":66.14527510601059},"rail-007674":{"out":25.82351270967732,"back":25.82351270967732,"walk_out":86.0783756989244,"walk_back":86.0783756989244},"rail-007399":{"out":28.780336553557433,"back":28.780336553557433,"walk_out":95.93445517852477,"walk_back":95.93445517852477},"rail-007611":{"out":28.13203171125882,"back":28.13203171125882,"walk_out":93.77343903752939,"walk_back":93.77343903752939},"rail-007595":{"out":29.28838482370203,"back":29.28838482370203,"walk_out":97.62794941234012,"walk_back":97.62794941234012},"rail-007162":{"out":25.81378593178628,"back":25.81378593178628,"walk_out":86.04595310595427,"walk_back":86.04595310595427},"rail-007486":{"out":22.23355409459852,"back":22.23355409459852,"walk_out":74.11184698199507,"walk_back":74.11184698199507},"shinimamiya":{"out":29.356807521071584,"back":29.356807521071584,"walk_out":97.85602507023862,"walk_back":97.85602507023862},"rail-007427":{"out":28.753358650968693,"back":28.753358650968693,"walk_out":95.8445288365623,"walk_back":95.8445288365623},"rail-007523":{"out":4.333110288140507,"back":4.333110288140507,"walk_out":14.443700960468355,"walk_back":14.443700960468355},"rail-007297":{"out":18.66808296958844,"back":18.66808296958844,"walk_out":62.226943231961464,"walk_back":62.226943231961464},"rail-007499":{"out":22.669900418391084,"back":22.669900418391084,"walk_out":75.56633472797029,"walk_back":75.56633472797029},"rail-007528":{"out":22.92912763257913,"back":22.92912763257913,"walk_out":76.43042544193044,"walk_back":76.43042544193044},"rail-007500":{"out":25.73623519494858,"back":25.73623519494858,"walk_out":85.7874506498286,"walk_back":85.7874506498286},"higashihanazono":{"out":22.313979088580744,"back":22.313979088580744,"walk_out":74.37993029526915,"walk_back":74.37993029526915},"rail-007479":{"out":15.338846204505753,"back":15.338846204505753,"walk_out":51.12948734835251,"walk_back":51.12948734835251},"rail-007472":{"out":28.724876441683573,"back":28.724876441683573,"walk_out":95.74958813894524,"walk_back":95.74958813894524},"rail-007487":{"out":25.300283883611595,"back":25.300283883611595,"walk_out":84.33427961203866,"walk_back":84.33427961203866},"rail-007636":{"out":25.683719016502522,"back":25.683719016502522,"walk_out":85.61239672167507,"walk_back":85.61239672167507},"rail-007652":{"out":27.86035714196441,"back":27.86035714196441,"walk_out":92.86785713988137,"walk_back":92.86785713988137},"rail-007380":{"out":22.159354951053253,"back":22.159354951053253,"walk_out":73.86451650351084,"walk_back":73.86451650351084},"morinomiya":{"out":28.024875674129362,"back":28.024875674129362,"walk_out":93.41625224709787,"walk_back":93.41625224709787},"rail-007639":{"out":25.735905794213593,"back":25.735905794213593,"walk_out":85.78635264737865,"walk_back":85.78635264737865},"rail-007350":{"out":14.515811004137934,"back":14.515811004137934,"walk_out":48.386036680459775,"walk_back":48.386036680459775},"kawachi_yamamoto":{"out":14.8558630861602,"back":14.8558630861602,"walk_out":49.519543620534,"walk_back":49.519543620534},"rail-007668":{"out":26.07307764288168,"back":26.07307764288168,"walk_out":86.91025880960561,"walk_back":86.91025880960561},"rail-007345":{"out":14.750474298547847,"back":14.750474298547847,"walk_out":49.16824766182616,"walk_back":49.16824766182616},"rail-007359":{"out":20.10963787132724,"back":20.10963787132724,"walk_out":67.03212623775747,"walk_back":67.03212623775747},"rail-007470":{"out":20.41804401582414,"back":20.41804401582414,"walk_out":68.0601467194138,"walk_back":68.0601467194138},"rail-007621":{"out":23.69958669304543,"back":23.69958669304543,"walk_out":78.99862231015143,"walk_back":78.99862231015143},"fukaebashi":{"out":22.718026710549125,"back":22.718026710549125,"walk_out":75.72675570183041,"walk_back":75.72675570183041},"rail-007260":{"out":25.162452572878067,"back":25.162452572878067,"walk_out":83.87484190959356,"walk_back":83.87484190959356},"rail-007365":{"out":25.935726305786226,"back":25.935726305786226,"walk_out":86.45242101928743,"walk_back":86.45242101928743},"rail-007519":{"out":19.65222217326981,"back":19.65222217326981,"walk_out":65.5074072442327,"walk_back":65.5074072442327},"rail-007590":{"out":20.255447172771774,"back":20.255447172771774,"walk_out":67.51815724257257,"walk_back":67.51815724257257},"rail-007201":{"out":25.172849591053637,"back":25.172849591053637,"walk_out":83.90949863684546,"walk_back":83.90949863684546},"rail-007475":{"out":20.389616893775678,"back":20.389616893775678,"walk_out":67.96538964591892,"walk_back":67.96538964591892},"rail-007498":{"out":29.045491402374232,"back":29.045491402374232,"walk_out":96.81830467458077,"walk_back":96.81830467458077},"rail-007354":{"out":17.76928185610558,"back":17.76928185610558,"walk_out":59.23093952035193,"walk_back":59.23093952035193},"rail-007234":{"out":23.083134776255484,"back":23.083134776255484,"walk_out":76.94378258751827,"walk_back":76.94378258751827},"rail-007452":{"out":29.857843112677283,"back":29.857843112677283,"walk_out":99.52614370892428,"walk_back":99.52614370892428},"rail-007678":{"out":27.21513137281386,"back":27.21513137281386,"walk_out":90.71710457604621,"walk_back":90.71710457604621},"rail-007477":{"out":5.292671039364361,"back":5.292671039364361,"walk_out":17.642236797881203,"walk_back":17.642236797881203},"rail-007540":{"out":23.68778514471783,"back":23.68778514471783,"walk_out":78.9592838157261,"walk_back":78.9592838157261},"tanimachi9":{"out":27.969189761189032,"back":27.969189761189032,"walk_out":93.23063253729677,"walk_back":93.23063253729677},"tanimachi6":{"out":29.825386665913907,"back":29.825386665913907,"walk_out":99.41795555304635,"walk_back":99.41795555304635},"kintetsu_yao":{"out":9.08339652161075,"back":9.08339652161075,"walk_out":30.277988405369168,"walk_back":30.277988405369168},"rail-007562":{"out":17.922425460140573,"back":17.922425460140573,"walk_out":59.74141820046858,"walk_back":59.74141820046858},"rail-007594":{"out":12.996870207822015,"back":12.996870207822015,"walk_out":43.32290069274005,"walk_back":43.32290069274005},"nagai":{"out":25.625670018062074,"back":25.625670018062074,"walk_out":85.41890006020691,"walk_back":85.41890006020691},"rail-007425":{"out":8.215521998023233,"back":8.215521998023233,"walk_out":27.38507332674411,"walk_back":27.38507332674411},"nagata":{"out":21.601972738646726,"back":21.601972738646726,"walk_out":72.00657579548908,"walk_back":72.00657579548908},"rail-007460":{"out":24.94714050690037,"back":24.94714050690037,"walk_out":83.15713502300123,"walk_back":83.15713502300123},"rail-007543":{"out":17.406065053200173,"back":17.406065053200173,"walk_out":58.02021684400057,"walk_back":58.02021684400057},"rail-007235":{"out":21.06543401803524,"back":21.06543401803524,"walk_out":70.21811339345079,"walk_back":70.21811339345079},"rail-007229":{"out":21.219897472779472,"back":21.219897472779472,"walk_out":70.73299157593156,"walk_back":70.73299157593156},"rail-007551":{"out":17.47660131835153,"back":17.47660131835153,"walk_out":58.25533772783844,"walk_back":58.25533772783844},"rail-007569":{"out":28.43112932573508,"back":28.43112932573508,"walk_out":94.7704310857836,"walk_back":94.7704310857836},"rail-007669":{"out":27.74257075464811,"back":27.74257075464811,"walk_out":92.47523584882703,"walk_back":92.47523584882703},"rail-007679":{"out":26.733241185337057,"back":26.733241185337057,"walk_out":89.11080395112351,"walk_back":89.11080395112351},"rail-007125":{"out":29.935945697977782,"back":29.935945697977782,"walk_out":99.78648565992594,"walk_back":99.78648565992594},"rail-007556":{"out":23.354118957231663,"back":23.354118957231663,"walk_out":77.84706319077222,"walk_back":77.84706319077222},"tsuruhashi":{"out":23.39538296941601,"back":23.39538296941601,"walk_out":77.98460989805336,"walk_back":77.98460989805336}}}},{"type":"Feature","geometry":{"type":"Point","coordinates":[135.62131,34.5456]},"properties":{"id":"bodik-osaka-574fd839e2e2fdd0c699","name":"石川自然クラブ","venue":"石川河川公園","address":"","category":"その他","source_category":"","date":"2026-11-19","end_date":"2026-11-19","start":null,"end":null,"schedule":"","url":"https://www.toshi-kouen.jp/staticpages/index.php/ishikawa_top","source":"大阪府 イベント一覧（BODIK）","source_updated":"2026-09-14T08:52:41.251751","fetched_at":"2026-09-18T14:35:26.570Z","coordinate_source":"https://data.bodik.jp/ja/dataset/270008_event","fictional":false,"access":{"rail-007767":{"out":8.21721571342496,"back":8.21721571342496,"walk_out":27.390719044749865,"walk_back":27.390719044749865},"rail-007738":{"out":24.47976445602612,"back":24.47976445602612,"walk_out":81.5992148534204,"walk_back":81.5992148534204},"rail-007754":{"out":24.050695136203778,"back":24.050695136203778,"walk_out":80.16898378734592,"walk_back":80.16898378734592},"rail-007772":{"out":27.333838689269612,"back":27.333838689269612,"walk_out":91.1127956308987,"walk_back":91.1127956308987},"rail-007618":{"out":26.943601722082786,"back":26.943601722082786,"walk_out":89.81200574027595,"walk_back":89.81200574027595},"rail-007718":{"out":5.861669273793259,"back":5.861669273793259,"walk_out":19.538897579310863,"walk_back":19.538897579310863},"rail-007790":{"out":11.436832554630183,"back":11.436832554630183,"walk_out":38.12277518210061,"walk_back":38.12277518210061},"rail-007676":{"out":11.75749862213942,"back":11.75749862213942,"walk_out":39.19166207379807,"walk_back":39.19166207379807},"rail-007633":{"out":19.176485195287878,"back":19.176485195287878,"walk_out":63.92161731762626,"walk_back":63.92161731762626},"rail-007713":{"out":9.65959284356285,"back":9.65959284356285,"walk_out":32.19864281187617,"walk_back":32.19864281187617},"rail-007831":{"out":29.680095527558855,"back":29.680095527558855,"walk_out":98.93365175852952,"walk_back":98.93365175852952},"rail-007653":{"out":15.65267883772169,"back":15.65267883772169,"walk_out":52.17559612573897,"walk_back":52.17559612573897},"rail-007832":{"out":19.841428673623362,"back":19.841428673623362,"walk_out":66.13809557874454,"walk_back":66.13809557874454},"rail-007840":{"out":22.14823234765875,"back":22.14823234765875,"walk_out":73.82744115886251,"walk_back":73.82744115886251},"rail-007856":{"out":26.367882453484835,"back":26.367882453484835,"walk_out":87.89294151161612,"walk_back":87.89294151161612},"rail-007606":{"out":24.423029644660257,"back":24.423029644660257,"walk_out":81.4100988155342,"walk_back":81.4100988155342},"rail-007578":{"out":28.646134398084573,"back":28.646134398084573,"walk_out":95.48711466028192,"walk_back":95.48711466028192},"rail-007674":{"out":21.68243493951617,"back":21.68243493951617,"walk_out":72.27478313172057,"walk_back":72.27478313172057},"rail-007636":{"out":18.285589624431342,"back":18.285589624431342,"walk_out":60.95196541477114,"walk_back":60.95196541477114},"rail-007652":{"out":16.079650916917547,"back":16.079650916917547,"walk_out":53.59883638972516,"walk_back":53.59883638972516},"takaida_osaka":{"out":10.775072492914662,"back":10.775072492914662,"walk_out":35.91690830971554,"walk_back":35.91690830971554},"rail-007670":{"out":19.978849416532054,"back":19.978849416532054,"walk_out":66.5961647217735,"walk_back":66.5961647217735},"rail-007668":{"out":26.917472414365292,"back":26.917472414365292,"walk_out":89.7249080478843,"walk_back":89.7249080478843},"rail-007621":{"out":22.131787526198345,"back":22.131787526198345,"walk_out":73.77262508732782,"walk_back":73.77262508732782},"rail-007800":{"out":29.729374614715844,"back":29.729374614715844,"walk_out":99.09791538238615,"walk_back":99.09791538238615},"rail-007678":{"out":15.262092266707386,"back":15.262092266707386,"walk_out":50.873640889024614,"walk_back":50.873640889024614},"rail-007688":{"out":10.137593852419597,"back":10.137593852419597,"walk_out":33.791979508065324,"walk_back":33.791979508065324},"rail-007723":{"out":17.45595156790946,"back":17.45595156790946,"walk_out":58.186505226364865,"walk_back":58.186505226364865},"rail-007741":{"out":0.2688938634478858,"back":0.2688938634478858,"walk_out":0.8963128781596194,"walk_back":0.8963128781596194},"rail-007680":{"out":13.200365046436236,"back":13.200365046436236,"walk_out":44.00121682145412,"walk_back":44.00121682145412},"rail-007679":{"out":17.727317845153344,"back":17.727317845153344,"walk_out":59.091059483844475,"walk_back":59.091059483844475}}}},{"type":"Feature","geometry":{"type":"Point","coordinates":[135.65222,34.76039]},"properties":{"id":"bodik-osaka-927bb7bd91f5a0bd46c3","name":"寝屋川公園・自然の会　KidsClub4　木の実工作","venue":"寝屋川公園","address":"","category":"その他","source_category":"","date":"2026-11-21","end_date":"2026-11-21","start":null,"end":null,"schedule":"","url":"http://neyagawa.osaka-park.or.jp/","source":"大阪府 イベント一覧（BODIK）","source_updated":"2026-09-14T08:52:41.251751","fetched_at":"2026-09-18T14:35:26.570Z","coordinate_source":"https://data.bodik.jp/ja/dataset/270008_event","fictional":false,"access":{"rail-006692":{"out":14.573975208470456,"back":14.573975208470456,"walk_out":48.579917361568185,"walk_back":48.579917361568185},"rail-007043":{"out":26.566803288662953,"back":26.566803288662953,"walk_out":88.55601096220984,"walk_back":88.55601096220984},"rail-006642":{"out":18.470558929070037,"back":18.470558929070037,"walk_out":61.56852976356679,"walk_back":61.56852976356679},"rail-006874":{"out":24.020208378200763,"back":24.020208378200763,"walk_out":80.06736126066922,"walk_back":80.06736126066922},"rail-006928":{"out":14.156784652145827,"back":14.156784652145827,"walk_out":47.18928217381942,"walk_back":47.18928217381942},"rail-006861":{"out":19.726024983823454,"back":19.726024983823454,"walk_out":65.75341661274484,"walk_back":65.75341661274484},"dainichi":{"out":27.43844513699659,"back":27.43844513699659,"walk_out":91.46148378998863,"walk_back":91.46148378998863},"rail-006572":{"out":23.7563007130437,"back":23.7563007130437,"walk_out":79.187669043479,"walk_back":79.187669043479},"rail-006813":{"out":2.211640750361361,"back":2.211640750361361,"walk_out":7.37213583453787,"walk_back":7.37213583453787},"neyagawa":{"out":11.61553725481791,"back":11.61553725481791,"walk_out":38.7184575160597,"walk_back":38.7184575160597},"rail-006855":{"out":7.048187181620425,"back":7.048187181620425,"walk_out":23.493957272068084,"walk_back":23.493957272068084},"rail-006597":{"out":21.178854661924504,"back":21.178854661924504,"walk_out":70.59618220641501,"walk_back":70.59618220641501},"rail-006756":{"out":5.138637611756154,"back":5.138637611756154,"walk_out":17.128792039187182,"walk_back":17.128792039187182},"rail-006620":{"out":18.956713640328207,"back":18.956713640328207,"walk_out":63.18904546776069,"walk_back":63.18904546776069},"rail-006580":{"out":23.257572993304095,"back":23.257572993304095,"walk_out":77.52524331101365,"walk_back":77.52524331101365},"hirakata":{"out":24.87385914690199,"back":24.87385914690199,"walk_out":82.91286382300663,"walk_back":82.91286382300663},"rail-006733":{"out":13.600526585801498,"back":13.600526585801498,"walk_out":45.33508861933833,"walk_back":45.33508861933833},"rail-006723":{"out":13.850520394135795,"back":13.850520394135795,"walk_out":46.168401313785985,"walk_back":46.168401313785985},"rail-006623":{"out":24.744043346911106,"back":24.744043346911106,"walk_out":82.48014448970369,"walk_back":82.48014448970369},"rail-006966":{"out":29.396012930893175,"back":29.396012930893175,"walk_out":97.98670976964391,"walk_back":97.98670976964391},"rail-006753":{"out":12.956458606454692,"back":12.956458606454692,"walk_out":43.18819535484898,"walk_back":43.18819535484898},"rail-006845":{"out":16.04238747281241,"back":16.04238747281241,"walk_out":53.474624909374704,"walk_back":53.474624909374704},"rail-006892":{"out":29.719666974476755,"back":29.719666974476755,"walk_out":99.06555658158919,"walk_back":99.06555658158919},"rail-006658":{"out":16.467269726171487,"back":16.467269726171487,"walk_out":54.89089908723829,"walk_back":54.89089908723829},"rail-006983":{"out":19.461146742562587,"back":19.461146742562587,"walk_out":64.8704891418753,"walk_back":64.8704891418753},"kadoma_minami":{"out":29.218078547938212,"back":29.218078547938212,"walk_out":97.39359515979405,"walk_back":97.39359515979405},"rail-006885":{"out":27.170218782118354,"back":27.170218782118354,"walk_out":90.5673959403945,"walk_back":90.5673959403945},"rail-006699":{"out":13.267099560125803,"back":13.267099560125803,"walk_out":44.22366520041935,"walk_back":44.22366520041935}}}},{"type":"Feature","geometry":{"type":"Point","coordinates":[135.65491,34.67479]},"properties":{"id":"bodik-osaka-6c1a09c220babf6e8daf","name":"秋の生駒自然観察会","venue":"枚岡公園","address":"","category":"その他","source_category":"","date":"2026-11-22","end_date":"2026-11-22","start":null,"end":null,"schedule":"","url":"https://hiraoka.osaka-park.or.jp/","source":"大阪府 イベント一覧（BODIK）","source_updated":"2026-09-14T08:52:41.251751","fetched_at":"2026-09-18T14:35:26.570Z","coordinate_source":"https://data.bodik.jp/ja/dataset/270008_event","fictional":false,"access":{"rail-007251":{"out":19.41229088225793,"back":19.41229088225793,"walk_out":64.7076362741931,"walk_back":64.7076362741931},"rail-007491":{"out":29.56369688397826,"back":29.56369688397826,"walk_out":98.54565627992753,"walk_back":98.54565627992753},"rail-007043":{"out":18.60309483114891,"back":18.60309483114891,"walk_out":62.01031610382969,"walk_back":62.01031610382969},"rail-007549":{"out":24.816119776637013,"back":24.816119776637013,"walk_out":82.72039925545671,"walk_back":82.72039925545671},"rail-007471":{"out":22.649648771070183,"back":22.649648771070183,"walk_out":75.4988292369006,"walk_back":75.4988292369006},"rail-007351":{"out":24.458933389771246,"back":24.458933389771246,"walk_out":81.52977796590416,"walk_back":81.52977796590416},"rail-007338":{"out":20.1662493615851,"back":20.1662493615851,"walk_out":67.22083120528366,"walk_back":67.22083120528366},"rail-007213":{"out":11.387932421034487,"back":11.387932421034487,"walk_out":37.959774736781625,"walk_back":37.959774736781625},"rail-006928":{"out":25.38884374471805,"back":25.38884374471805,"walk_out":84.62947914906016,"walk_back":84.62947914906016},"rail-007168":{"out":13.542741883067816,"back":13.542741883067816,"walk_out":45.14247294355938,"walk_back":45.14247294355938},"rail-007514":{"out":27.154016963890058,"back":27.154016963890058,"walk_out":90.51338987963352,"walk_back":90.51338987963352},"rail-007131":{"out":28.007859053119795,"back":28.007859053119795,"walk_out":93.35953017706598,"walk_back":93.35953017706598},"rail-007215":{"out":5.669079582199815,"back":5.669079582199815,"walk_out":18.89693194066605,"walk_back":18.89693194066605},"rail-007528":{"out":22.079281997327264,"back":22.079281997327264,"walk_out":73.59760665775755,"walk_back":73.59760665775755},"rail-007431":{"out":22.81271443992873,"back":22.81271443992873,"walk_out":76.0423814664291,"walk_back":76.0423814664291},"rail-007138":{"out":21.501740439586506,"back":21.501740439586506,"walk_out":71.67246813195501,"walk_back":71.67246813195501},"higashihanazono":{"out":11.677159160472586,"back":11.677159160472586,"walk_out":38.92386386824195,"walk_back":38.92386386824195},"rail-007287":{"out":3.426427710117633,"back":3.426427710117633,"walk_out":11.42142570039211,"walk_back":11.42142570039211},"rail-007185":{"out":12.221827430270375,"back":12.221827430270375,"walk_out":40.73942476756792,"walk_back":40.73942476756792},"rail-007350":{"out":27.345871092686707,"back":27.345871092686707,"walk_out":91.15290364228903,"walk_back":91.15290364228903},"kawachi_yamamoto":{"out":24.606961088883157,"back":24.606961088883157,"walk_out":82.02320362961052,"walk_back":82.02320362961052},"rail-007359":{"out":14.381687890281434,"back":14.381687890281434,"walk_out":47.93895963427144,"walk_back":47.93895963427144},"rail-007365":{"out":8.100340371069322,"back":8.100340371069322,"walk_out":27.001134570231073,"walk_back":27.001134570231073},"ikoma":{"out":17.757626975997525,"back":17.757626975997525,"walk_out":59.19208991999175,"walk_back":59.19208991999175},"rail-007219":{"out":9.616630600838066,"back":9.616630600838066,"walk_out":32.05543533612689,"walk_back":32.05543533612689},"rail-007178":{"out":4.441386662520072,"back":4.441386662520072,"walk_out":14.804622208400241,"walk_back":14.804622208400241},"rail-007354":{"out":17.80505551074384,"back":17.80505551074384,"walk_out":59.35018503581281,"walk_back":59.35018503581281},"rail-007234":{"out":18.339055660505803,"back":18.339055660505803,"walk_out":61.13018553501934,"walk_back":61.13018553501934},"rail-007175":{"out":19.528674345835675,"back":19.528674345835675,"walk_out":65.09558115278558,"walk_back":65.09558115278558},"rail-007390":{"out":21.30736126040691,"back":21.30736126040691,"walk_out":71.0245375346897,"walk_back":71.0245375346897},"kintetsu_yao":{"out":27.44255277566971,"back":27.44255277566971,"walk_out":91.47517591889904,"walk_back":91.47517591889904},"rail-006983":{"out":20.493027385604716,"back":20.493027385604716,"walk_out":68.31009128534906,"walk_back":68.31009128534906},"nagata":{"out":23.091219522255876,"back":23.091219522255876,"walk_out":76.97073174085293,"walk_back":76.97073174085293},"kadoma_minami":{"out":29.487687153990088,"back":29.487687153990088,"walk_out":98.29229051330029,"walk_back":98.29229051330029},"rail-007207":{"out":10.803074174271662,"back":10.803074174271662,"walk_out":36.01024724757221,"walk_back":36.01024724757221},"rail-007256":{"out":1.3997892242963414,"back":1.3997892242963414,"walk_out":4.665964080987805,"walk_back":4.665964080987805},"rail-007551":{"out":26.947789602748504,"back":26.947789602748504,"walk_out":89.82596534249501,"walk_back":89.82596534249501},"rail-007569":{"out":27.076366359387823,"back":27.076366359387823,"walk_out":90.25455453129274,"walk_back":90.25455453129274},"rail-007135":{"out":16.851134108105608,"back":16.851134108105608,"walk_out":56.17044702701869,"walk_back":56.17044702701869},"rail-007084":{"out":23.521286799672094,"back":23.521286799672094,"walk_out":78.40428933224031,"walk_back":78.40428933224031}}}},{"type":"Feature","geometry":{"type":"Point","coordinates":[135.5788,34.63141]},"properties":{"id":"bodik-osaka-17e28a66b45c1a7f7e33","name":"久宝寺こうえんマルシェ","venue":"久宝寺緑地","address":"","category":"その他","source_category":"","date":"2026-11-22","end_date":"2026-11-22","start":null,"end":null,"schedule":"","url":"https://kyuhoji-marche.jimdofree.com/","source":"大阪府 イベント一覧（BODIK）","source_updated":"2026-09-14T08:52:41.251751","fetched_at":"2026-09-18T14:35:26.570Z","coordinate_source":"https://data.bodik.jp/ja/dataset/270008_event","fictional":false,"access":{"rail-007376":{"out":12.3360863913444,"back":12.3360863913444,"walk_out":41.120287971148,"walk_back":41.120287971148},"rail-007344":{"out":14.833195010312476,"back":14.833195010312476,"walk_out":49.443983367708256,"walk_back":49.443983367708256},"rail-007422":{"out":8.815085537781805,"back":8.815085537781805,"walk_out":29.383618459272682,"walk_back":29.383618459272682},"kyuhoji":{"out":4.5327503034730015,"back":4.5327503034730015,"walk_out":15.109167678243338,"walk_back":15.109167678243338},"rail-007491":{"out":4.5313010230363195,"back":4.5313010230363195,"walk_out":15.1043367434544,"walk_back":15.1043367434544},"rail-007529":{"out":17.60646567801607,"back":17.60646567801607,"walk_out":58.68821892672024,"walk_back":58.68821892672024},"rail-007450":{"out":28.70687434162788,"back":28.70687434162788,"walk_out":95.6895811387596,"walk_back":95.6895811387596},"rail-007459":{"out":28.677672229759636,"back":28.677672229759636,"walk_out":95.59224076586545,"walk_back":95.59224076586545},"rail-007284":{"out":20.874050828737538,"back":20.874050828737538,"walk_out":69.58016942912512,"walk_back":69.58016942912512},"rail-007342":{"out":18.202018757829997,"back":18.202018757829997,"walk_out":60.67339585943333,"walk_back":60.67339585943333},"rail-007378":{"out":12.36736585833943,"back":12.36736585833943,"walk_out":41.22455286113143,"walk_back":41.22455286113143},"rail-007549":{"out":23.72916130545068,"back":23.72916130545068,"walk_out":79.09720435150227,"walk_back":79.09720435150227},"rail-007560":{"out":9.168430406691996,"back":9.168430406691996,"walk_out":30.56143468897332,"walk_back":30.56143468897332},"rail-007618":{"out":15.27376964483595,"back":15.27376964483595,"walk_out":50.91256548278649,"walk_back":50.91256548278649},"rail-007351":{"out":14.888633534461793,"back":14.888633534461793,"walk_out":49.62877844820597,"walk_back":49.62877844820597},"rail-007582":{"out":11.092482224895164,"back":11.092482224895164,"walk_out":36.97494074965054,"walk_back":36.97494074965054},"rail-007524":{"out":4.8502657388788295,"back":4.8502657388788295,"walk_out":16.167552462929432,"walk_back":16.167552462929432},"dobutsuen":{"out":28.58622355596859,"back":28.58622355596859,"walk_out":95.28741185322863,"walk_back":95.28741185322863},"rail-007485":{"out":28.84750342346281,"back":28.84750342346281,"walk_out":96.15834474487603,"walk_back":96.15834474487603},"rail-007412":{"out":13.053082955677729,"back":13.053082955677729,"walk_out":43.510276518925764,"walk_back":43.510276518925764},"rail-007502":{"out":18.249595776689237,"back":18.249595776689237,"walk_out":60.83198592229745,"walk_back":60.83198592229745},"rail-007522":{"out":26.89441899033533,"back":26.89441899033533,"walk_out":89.64806330111776,"walk_back":89.64806330111776},"rail-007462":{"out":10.65761179448601,"back":10.65761179448601,"walk_out":35.5253726482867,"walk_back":35.5253726482867},"rail-007531":{"out":21.359005619253065,"back":21.359005619253065,"walk_out":71.19668539751022,"walk_back":71.19668539751022},"rail-007213":{"out":27.44601767773998,"back":27.44601767773998,"walk_out":91.4867255924666,"walk_back":91.4867255924666},"rail-007581":{"out":13.901609035314568,"back":13.901609035314568,"walk_out":46.338696784381895,"walk_back":46.338696784381895},"rail-007382":{"out":26.51872604929057,"back":26.51872604929057,"walk_out":88.39575349763523,"walk_back":88.39575349763523},"rail-007676":{"out":29.815966049304677,"back":29.815966049304677,"walk_out":99.38655349768226,"walk_back":99.38655349768226},"rail-007633":{"out":26.093333793129435,"back":26.093333793129435,"walk_out":86.97777931043144,"walk_back":86.97777931043144},"uehommachi":{"out":25.924218434239364,"back":25.924218434239364,"walk_out":86.41406144746455,"walk_back":86.41406144746455},"rail-007164":{"out":29.900442736915018,"back":29.900442736915018,"walk_out":99.66814245638339,"walk_back":99.66814245638339},"rail-007451":{"out":24.36135665780537,"back":24.36135665780537,"walk_out":81.20452219268456,"walk_back":81.20452219268456},"tennoji":{"out":24.432570102639293,"back":24.432570102639293,"walk_out":81.44190034213098,"walk_back":81.44190034213098},"rail-007447":{"out":24.96364928629508,"back":24.96364928629508,"walk_out":83.21216428765027,"walk_back":83.21216428765027},"rail-007515":{"out":29.697497655368245,"back":29.697497655368245,"walk_out":98.99165885122748,"walk_back":98.99165885122748},"rail-007532":{"out":27.870309916401126,"back":27.870309916401126,"walk_out":92.90103305467042,"walk_back":92.90103305467042},"rail-007653":{"out":29.29315856133514,"back":29.29315856133514,"walk_out":97.64386187111714,"walk_back":97.64386187111714},"rail-007434":{"out":21.49628591094289,"back":21.49628591094289,"walk_out":71.65428636980964,"walk_back":71.65428636980964},"rail-007368":{"out":15.65820958409393,"back":15.65820958409393,"walk_out":52.19403194697977,"walk_back":52.19403194697977},"rail-007657":{"out":27.84800140782502,"back":27.84800140782502,"walk_out":92.82667135941674,"walk_back":92.82667135941674},"fuse":{"out":15.56499408505987,"back":15.56499408505987,"walk_out":51.88331361686624,"walk_back":51.88331361686624},"rail-007538":{"out":29.743590438227383,"back":29.743590438227383,"walk_out":99.14530146075793,"walk_back":99.14530146075793},"rail-007547":{"out":28.971083287543994,"back":28.971083287543994,"walk_out":96.57027762514664,"walk_back":96.57027762514664},"rail-007559":{"out":29.852169969679448,"back":29.852169969679448,"walk_out":99.50723323226482,"walk_back":99.50723323226482},"rail-007505":{"out":10.16745600539689,"back":10.16745600539689,"walk_out":33.891520017989635,"walk_back":33.891520017989635},"rail-007546":{"out":11.954905897862298,"back":11.954905897862298,"walk_out":39.84968632620766,"walk_back":39.84968632620766},"rail-007468":{"out":4.750252733120279,"back":4.750252733120279,"walk_out":15.834175777067596,"walk_back":15.834175777067596},"rail-007131":{"out":27.184085590346967,"back":27.184085590346967,"walk_out":90.6136186344899,"walk_back":90.6136186344899},"rail-007606":{"out":19.380910945584397,"back":19.380910945584397,"walk_out":64.60303648528132,"walk_back":64.60303648528132},"rail-007578":{"out":19.843582531803175,"back":19.843582531803175,"walk_out":66.14527510601059,"walk_back":66.14527510601059},"rail-007674":{"out":25.82351270967732,"back":25.82351270967732,"walk_out":86.0783756989244,"walk_back":86.0783756989244},"rail-007399":{"out":28.780336553557433,"back":28.780336553557433,"walk_out":95.93445517852477,"walk_back":95.93445517852477},"rail-007611":{"out":28.13203171125882,"back":28.13203171125882,"walk_out":93.77343903752939,"walk_back":93.77343903752939},"rail-007595":{"out":29.28838482370203,"back":29.28838482370203,"walk_out":97.62794941234012,"walk_back":97.62794941234012},"rail-007162":{"out":25.81378593178628,"back":25.81378593178628,"walk_out":86.04595310595427,"walk_back":86.04595310595427},"rail-007486":{"out":22.23355409459852,"back":22.23355409459852,"walk_out":74.11184698199507,"walk_back":74.11184698199507},"shinimamiya":{"out":29.356807521071584,"back":29.356807521071584,"walk_out":97.85602507023862,"walk_back":97.85602507023862},"rail-007427":{"out":28.753358650968693,"back":28.753358650968693,"walk_out":95.8445288365623,"walk_back":95.8445288365623},"rail-007523":{"out":4.333110288140507,"back":4.333110288140507,"walk_out":14.443700960468355,"walk_back":14.443700960468355},"rail-007297":{"out":18.66808296958844,"back":18.66808296958844,"walk_out":62.226943231961464,"walk_back":62.226943231961464},"rail-007499":{"out":22.669900418391084,"back":22.669900418391084,"walk_out":75.56633472797029,"walk_back":75.56633472797029},"rail-007528":{"out":22.92912763257913,"back":22.92912763257913,"walk_out":76.43042544193044,"walk_back":76.43042544193044},"rail-007500":{"out":25.73623519494858,"back":25.73623519494858,"walk_out":85.7874506498286,"walk_back":85.7874506498286},"higashihanazono":{"out":22.313979088580744,"back":22.313979088580744,"walk_out":74.37993029526915,"walk_back":74.37993029526915},"rail-007479":{"out":15.338846204505753,"back":15.338846204505753,"walk_out":51.12948734835251,"walk_back":51.12948734835251},"rail-007472":{"out":28.724876441683573,"back":28.724876441683573,"walk_out":95.74958813894524,"walk_back":95.74958813894524},"rail-007487":{"out":25.300283883611595,"back":25.300283883611595,"walk_out":84.33427961203866,"walk_back":84.33427961203866},"rail-007636":{"out":25.683719016502522,"back":25.683719016502522,"walk_out":85.61239672167507,"walk_back":85.61239672167507},"rail-007652":{"out":27.86035714196441,"back":27.86035714196441,"walk_out":92.86785713988137,"walk_back":92.86785713988137},"rail-007380":{"out":22.159354951053253,"back":22.159354951053253,"walk_out":73.86451650351084,"walk_back":73.86451650351084},"morinomiya":{"out":28.024875674129362,"back":28.024875674129362,"walk_out":93.41625224709787,"walk_back":93.41625224709787},"rail-007639":{"out":25.735905794213593,"back":25.735905794213593,"walk_out":85.78635264737865,"walk_back":85.78635264737865},"rail-007350":{"out":14.515811004137934,"back":14.515811004137934,"walk_out":48.386036680459775,"walk_back":48.386036680459775},"kawachi_yamamoto":{"out":14.8558630861602,"back":14.8558630861602,"walk_out":49.519543620534,"walk_back":49.519543620534},"rail-007668":{"out":26.07307764288168,"back":26.07307764288168,"walk_out":86.91025880960561,"walk_back":86.91025880960561},"rail-007345":{"out":14.750474298547847,"back":14.750474298547847,"walk_out":49.16824766182616,"walk_back":49.16824766182616},"rail-007359":{"out":20.10963787132724,"back":20.10963787132724,"walk_out":67.03212623775747,"walk_back":67.03212623775747},"rail-007470":{"out":20.41804401582414,"back":20.41804401582414,"walk_out":68.0601467194138,"walk_back":68.0601467194138},"rail-007621":{"out":23.69958669304543,"back":23.69958669304543,"walk_out":78.99862231015143,"walk_back":78.99862231015143},"fukaebashi":{"out":22.718026710549125,"back":22.718026710549125,"walk_out":75.72675570183041,"walk_back":75.72675570183041},"rail-007260":{"out":25.162452572878067,"back":25.162452572878067,"walk_out":83.87484190959356,"walk_back":83.87484190959356},"rail-007365":{"out":25.935726305786226,"back":25.935726305786226,"walk_out":86.45242101928743,"walk_back":86.45242101928743},"rail-007519":{"out":19.65222217326981,"back":19.65222217326981,"walk_out":65.5074072442327,"walk_back":65.5074072442327},"rail-007590":{"out":20.255447172771774,"back":20.255447172771774,"walk_out":67.51815724257257,"walk_back":67.51815724257257},"rail-007201":{"out":25.172849591053637,"back":25.172849591053637,"walk_out":83.90949863684546,"walk_back":83.90949863684546},"rail-007475":{"out":20.389616893775678,"back":20.389616893775678,"walk_out":67.96538964591892,"walk_back":67.96538964591892},"rail-007498":{"out":29.045491402374232,"back":29.045491402374232,"walk_out":96.81830467458077,"walk_back":96.81830467458077},"rail-007354":{"out":17.76928185610558,"back":17.76928185610558,"walk_out":59.23093952035193,"walk_back":59.23093952035193},"rail-007234":{"out":23.083134776255484,"back":23.083134776255484,"walk_out":76.94378258751827,"walk_back":76.94378258751827},"rail-007452":{"out":29.857843112677283,"back":29.857843112677283,"walk_out":99.52614370892428,"walk_back":99.52614370892428},"rail-007678":{"out":27.21513137281386,"back":27.21513137281386,"walk_out":90.71710457604621,"walk_back":90.71710457604621},"rail-007477":{"out":5.292671039364361,"back":5.292671039364361,"walk_out":17.642236797881203,"walk_back":17.642236797881203},"rail-007540":{"out":23.68778514471783,"back":23.68778514471783,"walk_out":78.9592838157261,"walk_back":78.9592838157261},"tanimachi9":{"out":27.969189761189032,"back":27.969189761189032,"walk_out":93.23063253729677,"walk_back":93.23063253729677},"tanimachi6":{"out":29.825386665913907,"back":29.825386665913907,"walk_out":99.41795555304635,"walk_back":99.41795555304635},"kintetsu_yao":{"out":9.08339652161075,"back":9.08339652161075,"walk_out":30.277988405369168,"walk_back":30.277988405369168},"rail-007562":{"out":17.922425460140573,"back":17.922425460140573,"walk_out":59.74141820046858,"walk_back":59.74141820046858},"rail-007594":{"out":12.996870207822015,"back":12.996870207822015,"walk_out":43.32290069274005,"walk_back":43.32290069274005},"nagai":{"out":25.625670018062074,"back":25.625670018062074,"walk_out":85.41890006020691,"walk_back":85.41890006020691},"rail-007425":{"out":8.215521998023233,"back":8.215521998023233,"walk_out":27.38507332674411,"walk_back":27.38507332674411},"nagata":{"out":21.601972738646726,"back":21.601972738646726,"walk_out":72.00657579548908,"walk_back":72.00657579548908},"rail-007460":{"out":24.94714050690037,"back":24.94714050690037,"walk_out":83.15713502300123,"walk_back":83.15713502300123},"rail-007543":{"out":17.406065053200173,"back":17.406065053200173,"walk_out":58.02021684400057,"walk_back":58.02021684400057},"rail-007235":{"out":21.06543401803524,"back":21.06543401803524,"walk_out":70.21811339345079,"walk_back":70.21811339345079},"rail-007229":{"out":21.219897472779472,"back":21.219897472779472,"walk_out":70.73299157593156,"walk_back":70.73299157593156},"rail-007551":{"out":17.47660131835153,"back":17.47660131835153,"walk_out":58.25533772783844,"walk_back":58.25533772783844},"rail-007569":{"out":28.43112932573508,"back":28.43112932573508,"walk_out":94.7704310857836,"walk_back":94.7704310857836},"rail-007669":{"out":27.74257075464811,"back":27.74257075464811,"walk_out":92.47523584882703,"walk_back":92.47523584882703},"rail-007679":{"out":26.733241185337057,"back":26.733241185337057,"walk_out":89.11080395112351,"walk_back":89.11080395112351},"rail-007125":{"out":29.935945697977782,"back":29.935945697977782,"walk_out":99.78648565992594,"walk_back":99.78648565992594},"rail-007556":{"out":23.354118957231663,"back":23.354118957231663,"walk_out":77.84706319077222,"walk_back":77.84706319077222},"tsuruhashi":{"out":23.39538296941601,"back":23.39538296941601,"walk_out":77.98460989805336,"walk_back":77.98460989805336}}}},{"type":"Feature","geometry":{"type":"Point","coordinates":[135.5788,34.63141]},"properties":{"id":"bodik-osaka-6d066d6bd3d906eff1c8","name":"公園インフォメーションワークショップ","venue":"久宝寺緑地","address":"","category":"その他","source_category":"","date":"2026-11-22","end_date":"2026-11-22","start":null,"end":null,"schedule":"","url":"https://kyuhoji-ryokuchi.jp/","source":"大阪府 イベント一覧（BODIK）","source_updated":"2026-09-14T08:52:41.251751","fetched_at":"2026-09-18T14:35:26.570Z","coordinate_source":"https://data.bodik.jp/ja/dataset/270008_event","fictional":false,"access":{"rail-007376":{"out":12.3360863913444,"back":12.3360863913444,"walk_out":41.120287971148,"walk_back":41.120287971148},"rail-007344":{"out":14.833195010312476,"back":14.833195010312476,"walk_out":49.443983367708256,"walk_back":49.443983367708256},"rail-007422":{"out":8.815085537781805,"back":8.815085537781805,"walk_out":29.383618459272682,"walk_back":29.383618459272682},"kyuhoji":{"out":4.5327503034730015,"back":4.5327503034730015,"walk_out":15.109167678243338,"walk_back":15.109167678243338},"rail-007491":{"out":4.5313010230363195,"back":4.5313010230363195,"walk_out":15.1043367434544,"walk_back":15.1043367434544},"rail-007529":{"out":17.60646567801607,"back":17.60646567801607,"walk_out":58.68821892672024,"walk_back":58.68821892672024},"rail-007450":{"out":28.70687434162788,"back":28.70687434162788,"walk_out":95.6895811387596,"walk_back":95.6895811387596},"rail-007459":{"out":28.677672229759636,"back":28.677672229759636,"walk_out":95.59224076586545,"walk_back":95.59224076586545},"rail-007284":{"out":20.874050828737538,"back":20.874050828737538,"walk_out":69.58016942912512,"walk_back":69.58016942912512},"rail-007342":{"out":18.202018757829997,"back":18.202018757829997,"walk_out":60.67339585943333,"walk_back":60.67339585943333},"rail-007378":{"out":12.36736585833943,"back":12.36736585833943,"walk_out":41.22455286113143,"walk_back":41.22455286113143},"rail-007549":{"out":23.72916130545068,"back":23.72916130545068,"walk_out":79.09720435150227,"walk_back":79.09720435150227},"rail-007560":{"out":9.168430406691996,"back":9.168430406691996,"walk_out":30.56143468897332,"walk_back":30.56143468897332},"rail-007618":{"out":15.27376964483595,"back":15.27376964483595,"walk_out":50.91256548278649,"walk_back":50.91256548278649},"rail-007351":{"out":14.888633534461793,"back":14.888633534461793,"walk_out":49.62877844820597,"walk_back":49.62877844820597},"rail-007582":{"out":11.092482224895164,"back":11.092482224895164,"walk_out":36.97494074965054,"walk_back":36.97494074965054},"rail-007524":{"out":4.8502657388788295,"back":4.8502657388788295,"walk_out":16.167552462929432,"walk_back":16.167552462929432},"dobutsuen":{"out":28.58622355596859,"back":28.58622355596859,"walk_out":95.28741185322863,"walk_back":95.28741185322863},"rail-007485":{"out":28.84750342346281,"back":28.84750342346281,"walk_out":96.15834474487603,"walk_back":96.15834474487603},"rail-007412":{"out":13.053082955677729,"back":13.053082955677729,"walk_out":43.510276518925764,"walk_back":43.510276518925764},"rail-007502":{"out":18.249595776689237,"back":18.249595776689237,"walk_out":60.83198592229745,"walk_back":60.83198592229745},"rail-007522":{"out":26.89441899033533,"back":26.89441899033533,"walk_out":89.64806330111776,"walk_back":89.64806330111776},"rail-007462":{"out":10.65761179448601,"back":10.65761179448601,"walk_out":35.5253726482867,"walk_back":35.5253726482867},"rail-007531":{"out":21.359005619253065,"back":21.359005619253065,"walk_out":71.19668539751022,"walk_back":71.19668539751022},"rail-007213":{"out":27.44601767773998,"back":27.44601767773998,"walk_out":91.4867255924666,"walk_back":91.4867255924666},"rail-007581":{"out":13.901609035314568,"back":13.901609035314568,"walk_out":46.338696784381895,"walk_back":46.338696784381895},"rail-007382":{"out":26.51872604929057,"back":26.51872604929057,"walk_out":88.39575349763523,"walk_back":88.39575349763523},"rail-007676":{"out":29.815966049304677,"back":29.815966049304677,"walk_out":99.38655349768226,"walk_back":99.38655349768226},"rail-007633":{"out":26.093333793129435,"back":26.093333793129435,"walk_out":86.97777931043144,"walk_back":86.97777931043144},"uehommachi":{"out":25.924218434239364,"back":25.924218434239364,"walk_out":86.41406144746455,"walk_back":86.41406144746455},"rail-007164":{"out":29.900442736915018,"back":29.900442736915018,"walk_out":99.66814245638339,"walk_back":99.66814245638339},"rail-007451":{"out":24.36135665780537,"back":24.36135665780537,"walk_out":81.20452219268456,"walk_back":81.20452219268456},"tennoji":{"out":24.432570102639293,"back":24.432570102639293,"walk_out":81.44190034213098,"walk_back":81.44190034213098},"rail-007447":{"out":24.96364928629508,"back":24.96364928629508,"walk_out":83.21216428765027,"walk_back":83.21216428765027},"rail-007515":{"out":29.697497655368245,"back":29.697497655368245,"walk_out":98.99165885122748,"walk_back":98.99165885122748},"rail-007532":{"out":27.870309916401126,"back":27.870309916401126,"walk_out":92.90103305467042,"walk_back":92.90103305467042},"rail-007653":{"out":29.29315856133514,"back":29.29315856133514,"walk_out":97.64386187111714,"walk_back":97.64386187111714},"rail-007434":{"out":21.49628591094289,"back":21.49628591094289,"walk_out":71.65428636980964,"walk_back":71.65428636980964},"rail-007368":{"out":15.65820958409393,"back":15.65820958409393,"walk_out":52.19403194697977,"walk_back":52.19403194697977},"rail-007657":{"out":27.84800140782502,"back":27.84800140782502,"walk_out":92.82667135941674,"walk_back":92.82667135941674},"fuse":{"out":15.56499408505987,"back":15.56499408505987,"walk_out":51.88331361686624,"walk_back":51.88331361686624},"rail-007538":{"out":29.743590438227383,"back":29.743590438227383,"walk_out":99.14530146075793,"walk_back":99.14530146075793},"rail-007547":{"out":28.971083287543994,"back":28.971083287543994,"walk_out":96.57027762514664,"walk_back":96.57027762514664},"rail-007559":{"out":29.852169969679448,"back":29.852169969679448,"walk_out":99.50723323226482,"walk_back":99.50723323226482},"rail-007505":{"out":10.16745600539689,"back":10.16745600539689,"walk_out":33.891520017989635,"walk_back":33.891520017989635},"rail-007546":{"out":11.954905897862298,"back":11.954905897862298,"walk_out":39.84968632620766,"walk_back":39.84968632620766},"rail-007468":{"out":4.750252733120279,"back":4.750252733120279,"walk_out":15.834175777067596,"walk_back":15.834175777067596},"rail-007131":{"out":27.184085590346967,"back":27.184085590346967,"walk_out":90.6136186344899,"walk_back":90.6136186344899},"rail-007606":{"out":19.380910945584397,"back":19.380910945584397,"walk_out":64.60303648528132,"walk_back":64.60303648528132},"rail-007578":{"out":19.843582531803175,"back":19.843582531803175,"walk_out":66.14527510601059,"walk_back":66.14527510601059},"rail-007674":{"out":25.82351270967732,"back":25.82351270967732,"walk_out":86.0783756989244,"walk_back":86.0783756989244},"rail-007399":{"out":28.780336553557433,"back":28.780336553557433,"walk_out":95.93445517852477,"walk_back":95.93445517852477},"rail-007611":{"out":28.13203171125882,"back":28.13203171125882,"walk_out":93.77343903752939,"walk_back":93.77343903752939},"rail-007595":{"out":29.28838482370203,"back":29.28838482370203,"walk_out":97.62794941234012,"walk_back":97.62794941234012},"rail-007162":{"out":25.81378593178628,"back":25.81378593178628,"walk_out":86.04595310595427,"walk_back":86.04595310595427},"rail-007486":{"out":22.23355409459852,"back":22.23355409459852,"walk_out":74.11184698199507,"walk_back":74.11184698199507},"shinimamiya":{"out":29.356807521071584,"back":29.356807521071584,"walk_out":97.85602507023862,"walk_back":97.85602507023862},"rail-007427":{"out":28.753358650968693,"back":28.753358650968693,"walk_out":95.8445288365623,"walk_back":95.8445288365623},"rail-007523":{"out":4.333110288140507,"back":4.333110288140507,"walk_out":14.443700960468355,"walk_back":14.443700960468355},"rail-007297":{"out":18.66808296958844,"back":18.66808296958844,"walk_out":62.226943231961464,"walk_back":62.226943231961464},"rail-007499":{"out":22.669900418391084,"back":22.669900418391084,"walk_out":75.56633472797029,"walk_back":75.56633472797029},"rail-007528":{"out":22.92912763257913,"back":22.92912763257913,"walk_out":76.43042544193044,"walk_back":76.43042544193044},"rail-007500":{"out":25.73623519494858,"back":25.73623519494858,"walk_out":85.7874506498286,"walk_back":85.7874506498286},"higashihanazono":{"out":22.313979088580744,"back":22.313979088580744,"walk_out":74.37993029526915,"walk_back":74.37993029526915},"rail-007479":{"out":15.338846204505753,"back":15.338846204505753,"walk_out":51.12948734835251,"walk_back":51.12948734835251},"rail-007472":{"out":28.724876441683573,"back":28.724876441683573,"walk_out":95.74958813894524,"walk_back":95.74958813894524},"rail-007487":{"out":25.300283883611595,"back":25.300283883611595,"walk_out":84.33427961203866,"walk_back":84.33427961203866},"rail-007636":{"out":25.683719016502522,"back":25.683719016502522,"walk_out":85.61239672167507,"walk_back":85.61239672167507},"rail-007652":{"out":27.86035714196441,"back":27.86035714196441,"walk_out":92.86785713988137,"walk_back":92.86785713988137},"rail-007380":{"out":22.159354951053253,"back":22.159354951053253,"walk_out":73.86451650351084,"walk_back":73.86451650351084},"morinomiya":{"out":28.024875674129362,"back":28.024875674129362,"walk_out":93.41625224709787,"walk_back":93.41625224709787},"rail-007639":{"out":25.735905794213593,"back":25.735905794213593,"walk_out":85.78635264737865,"walk_back":85.78635264737865},"rail-007350":{"out":14.515811004137934,"back":14.515811004137934,"walk_out":48.386036680459775,"walk_back":48.386036680459775},"kawachi_yamamoto":{"out":14.8558630861602,"back":14.8558630861602,"walk_out":49.519543620534,"walk_back":49.519543620534},"rail-007668":{"out":26.07307764288168,"back":26.07307764288168,"walk_out":86.91025880960561,"walk_back":86.91025880960561},"rail-007345":{"out":14.750474298547847,"back":14.750474298547847,"walk_out":49.16824766182616,"walk_back":49.16824766182616},"rail-007359":{"out":20.10963787132724,"back":20.10963787132724,"walk_out":67.03212623775747,"walk_back":67.03212623775747},"rail-007470":{"out":20.41804401582414,"back":20.41804401582414,"walk_out":68.0601467194138,"walk_back":68.0601467194138},"rail-007621":{"out":23.69958669304543,"back":23.69958669304543,"walk_out":78.99862231015143,"walk_back":78.99862231015143},"fukaebashi":{"out":22.718026710549125,"back":22.718026710549125,"walk_out":75.72675570183041,"walk_back":75.72675570183041},"rail-007260":{"out":25.162452572878067,"back":25.162452572878067,"walk_out":83.87484190959356,"walk_back":83.87484190959356},"rail-007365":{"out":25.935726305786226,"back":25.935726305786226,"walk_out":86.45242101928743,"walk_back":86.45242101928743},"rail-007519":{"out":19.65222217326981,"back":19.65222217326981,"walk_out":65.5074072442327,"walk_back":65.5074072442327},"rail-007590":{"out":20.255447172771774,"back":20.255447172771774,"walk_out":67.51815724257257,"walk_back":67.51815724257257},"rail-007201":{"out":25.172849591053637,"back":25.172849591053637,"walk_out":83.90949863684546,"walk_back":83.90949863684546},"rail-007475":{"out":20.389616893775678,"back":20.389616893775678,"walk_out":67.96538964591892,"walk_back":67.96538964591892},"rail-007498":{"out":29.045491402374232,"back":29.045491402374232,"walk_out":96.81830467458077,"walk_back":96.81830467458077},"rail-007354":{"out":17.76928185610558,"back":17.76928185610558,"walk_out":59.23093952035193,"walk_back":59.23093952035193},"rail-007234":{"out":23.083134776255484,"back":23.083134776255484,"walk_out":76.94378258751827,"walk_back":76.94378258751827},"rail-007452":{"out":29.857843112677283,"back":29.857843112677283,"walk_out":99.52614370892428,"walk_back":99.52614370892428},"rail-007678":{"out":27.21513137281386,"back":27.21513137281386,"walk_out":90.71710457604621,"walk_back":90.71710457604621},"rail-007477":{"out":5.292671039364361,"back":5.292671039364361,"walk_out":17.642236797881203,"walk_back":17.642236797881203},"rail-007540":{"out":23.68778514471783,"back":23.68778514471783,"walk_out":78.9592838157261,"walk_back":78.9592838157261},"tanimachi9":{"out":27.969189761189032,"back":27.969189761189032,"walk_out":93.23063253729677,"walk_back":93.23063253729677},"tanimachi6":{"out":29.825386665913907,"back":29.825386665913907,"walk_out":99.41795555304635,"walk_back":99.41795555304635},"kintetsu_yao":{"out":9.08339652161075,"back":9.08339652161075,"walk_out":30.277988405369168,"walk_back":30.277988405369168},"rail-007562":{"out":17.922425460140573,"back":17.922425460140573,"walk_out":59.74141820046858,"walk_back":59.74141820046858},"rail-007594":{"out":12.996870207822015,"back":12.996870207822015,"walk_out":43.32290069274005,"walk_back":43.32290069274005},"nagai":{"out":25.625670018062074,"back":25.625670018062074,"walk_out":85.41890006020691,"walk_back":85.41890006020691},"rail-007425":{"out":8.215521998023233,"back":8.215521998023233,"walk_out":27.38507332674411,"walk_back":27.38507332674411},"nagata":{"out":21.601972738646726,"back":21.601972738646726,"walk_out":72.00657579548908,"walk_back":72.00657579548908},"rail-007460":{"out":24.94714050690037,"back":24.94714050690037,"walk_out":83.15713502300123,"walk_back":83.15713502300123},"rail-007543":{"out":17.406065053200173,"back":17.406065053200173,"walk_out":58.02021684400057,"walk_back":58.02021684400057},"rail-007235":{"out":21.06543401803524,"back":21.06543401803524,"walk_out":70.21811339345079,"walk_back":70.21811339345079},"rail-007229":{"out":21.219897472779472,"back":21.219897472779472,"walk_out":70.73299157593156,"walk_back":70.73299157593156},"rail-007551":{"out":17.47660131835153,"back":17.47660131835153,"walk_out":58.25533772783844,"walk_back":58.25533772783844},"rail-007569":{"out":28.43112932573508,"back":28.43112932573508,"walk_out":94.7704310857836,"walk_back":94.7704310857836},"rail-007669":{"out":27.74257075464811,"back":27.74257075464811,"walk_out":92.47523584882703,"walk_back":92.47523584882703},"rail-007679":{"out":26.733241185337057,"back":26.733241185337057,"walk_out":89.11080395112351,"walk_back":89.11080395112351},"rail-007125":{"out":29.935945697977782,"back":29.935945697977782,"walk_out":99.78648565992594,"walk_back":99.78648565992594},"rail-007556":{"out":23.354118957231663,"back":23.354118957231663,"walk_out":77.84706319077222,"walk_back":77.84706319077222},"tsuruhashi":{"out":23.39538296941601,"back":23.39538296941601,"walk_out":77.98460989805336,"walk_back":77.98460989805336}}}},{"type":"Feature","geometry":{"type":"Point","coordinates":[135.47462,34.60968]},"properties":{"id":"bodik-osaka-32eb7068db5a362ac786","name":"すみおとスプリングフェスタ×あいどる","venue":"住之江公園","address":"","category":"その他","source_category":"","date":"2026-11-22","end_date":"2026-11-22","start":null,"end":null,"schedule":"","url":"https://www.toshi-kouen.jp/staticpages/index.php/suminoe_events","source":"大阪府 イベント一覧（BODIK）","source_updated":"2026-09-14T08:52:41.251751","fetched_at":"2026-09-18T14:35:26.570Z","coordinate_source":"https://data.bodik.jp/ja/dataset/270008_event","fictional":false,"access":{"namba":{"out":26.820477679363105,"back":26.820477679363105,"walk_out":89.40159226454368,"walk_back":89.40159226454368},"rail-007464":{"out":27.12303528116674,"back":27.12303528116674,"walk_out":90.41011760388913,"walk_back":90.41011760388913},"rail-007473":{"out":26.3671033841322,"back":26.3671033841322,"walk_out":87.890344613774,"walk_back":87.890344613774},"rail-007283":{"out":27.00858445230824,"back":27.00858445230824,"walk_out":90.02861484102748,"walk_back":90.02861484102748},"rail-007280":{"out":27.26431807796322,"back":27.26431807796322,"walk_out":90.8810602598774,"walk_back":90.8810602598774},"rail-007552":{"out":15.143149136938392,"back":15.143149136938392,"walk_out":50.47716378979465,"walk_back":50.47716378979465},"rail-007507":{"out":19.168538650781375,"back":19.168538650781375,"walk_out":63.895128835937925,"walk_back":63.895128835937925},"rail-007506":{"out":21.20512203852736,"back":21.20512203852736,"walk_out":70.68374012842453,"walk_back":70.68374012842453},"rail-007300":{"out":29.03893554759321,"back":29.03893554759321,"walk_out":96.7964518253107,"walk_back":96.7964518253107},"rail-007626":{"out":8.072552359457058,"back":8.072552359457058,"walk_out":26.90850786485686,"walk_back":26.90850786485686},"rail-007693":{"out":20.44914251495274,"back":20.44914251495274,"walk_out":68.1638083831758,"walk_back":68.1638083831758},"rail-007735":{"out":26.844035919124234,"back":26.844035919124234,"walk_out":89.48011973041412,"walk_back":89.48011973041412},"rail-007494":{"out":23.613138747587456,"back":23.613138747587456,"walk_out":78.71046249195818,"walk_back":78.71046249195818},"nakamozu":{"out":26.39345658928918,"back":26.39345658928918,"walk_out":87.97818863096394,"walk_back":87.97818863096394},"kujo":{"out":28.364779183982176,"back":28.364779183982176,"walk_out":94.54926394660725,"walk_back":94.54926394660725},"rail-007407":{"out":20.803534385212146,"back":20.803534385212146,"walk_out":69.34511461737382,"walk_back":69.34511461737382},"rail-007402":{"out":22.376268194394186,"back":22.376268194394186,"walk_out":74.58756064798061,"walk_back":74.58756064798061},"rail-007529":{"out":21.954586247622334,"back":21.954586247622334,"walk_out":73.18195415874112,"walk_back":73.18195415874112},"rail-007450":{"out":18.938290464827947,"back":18.938290464827947,"walk_out":63.12763488275983,"walk_back":63.12763488275983},"rail-007459":{"out":17.818769389139728,"back":17.818769389139728,"walk_out":59.395897963799094,"walk_back":59.395897963799094},"rail-007593":{"out":4.943305713248565,"back":4.943305713248565,"walk_out":16.47768571082855,"walk_back":16.47768571082855},"rail-007580":{"out":0.6610294123616766,"back":0.6610294123616766,"walk_out":2.203431374538922,"walk_back":2.203431374538922},"rail-007567":{"out":6.547562360582639,"back":6.547562360582639,"walk_out":21.825207868608796,"walk_back":21.825207868608796},"rail-007573":{"out":5.84506881899346,"back":5.84506881899346,"walk_out":19.4835627299782,"walk_back":19.4835627299782},"rail-007572":{"out":8.563150812697778,"back":8.563150812697778,"walk_out":28.543836042325925,"walk_back":28.543836042325925},"rail-007574":{"out":6.203078054532132,"back":6.203078054532132,"walk_out":20.67692684844044,"walk_back":20.67692684844044},"dobutsuen":{"out":19.967594244370797,"back":19.967594244370797,"walk_out":66.558647481236,"walk_back":66.558647481236},"rail-007544":{"out":5.449120966891714,"back":5.449120966891714,"walk_out":18.16373655630571,"walk_back":18.16373655630571},"rail-007485":{"out":15.099787824261773,"back":15.099787824261773,"walk_out":50.33262608087258,"walk_back":50.33262608087258},"rail-007502":{"out":22.229005449644678,"back":22.229005449644678,"walk_out":74.09668483214892,"walk_back":74.09668483214892},"rail-007522":{"out":13.749735101565006,"back":13.749735101565006,"walk_out":45.83245033855002,"walk_back":45.83245033855002},"rail-007647":{"out":19.497255906008576,"back":19.497255906008576,"walk_out":64.99085302002858,"walk_back":64.99085302002858},"rail-007570":{"out":10.68238534533366,"back":10.68238534533366,"walk_out":35.6079511511122,"walk_back":35.6079511511122},"rail-007571":{"out":13.413850485804996,"back":13.413850485804996,"walk_out":44.712834952683316,"walk_back":44.712834952683316},"rail-007531":{"out":18.34524366122247,"back":18.34524366122247,"walk_out":61.150812204074896,"walk_back":61.150812204074896},"rail-007581":{"out":28.360532391936463,"back":28.360532391936463,"walk_out":94.53510797312154,"walk_back":94.53510797312154},"rail-007268":{"out":29.706153112314112,"back":29.706153112314112,"walk_out":99.02051037438038,"walk_back":99.02051037438038},"rail-007382":{"out":26.065712808848016,"back":26.065712808848016,"walk_out":86.88570936282672,"walk_back":86.88570936282672},"rail-007649":{"out":12.58469317348695,"back":12.58469317348695,"walk_out":41.9489772449565,"walk_back":41.9489772449565},"rail-007660":{"out":16.759438903394805,"back":16.759438903394805,"walk_out":55.86479634464935,"walk_back":55.86479634464935},"rail-007667":{"out":15.520020190733637,"back":15.520020190733637,"walk_out":51.7334006357788,"walk_back":51.7334006357788},"rail-007534":{"out":9.572161351509722,"back":9.572161351509722,"walk_out":31.907204505032404,"walk_back":31.907204505032404},"rail-007622":{"out":8.02194704006759,"back":8.02194704006759,"walk_out":26.739823466891963,"walk_back":26.739823466891963},"rail-007395":{"out":22.41009847801827,"back":22.41009847801827,"walk_out":74.7003282600609,"walk_back":74.7003282600609},"rail-007654":{"out":13.588093190164187,"back":13.588093190164187,"walk_out":45.29364396721395,"walk_back":45.29364396721395},"taisho":{"out":24.912083588414824,"back":24.912083588414824,"walk_out":83.0402786280494,"walk_back":83.0402786280494},"osakako":{"out":24.56835617411057,"back":24.56835617411057,"walk_out":81.89452058036856,"walk_back":81.89452058036856},"rail-007451":{"out":21.65059841561516,"back":21.65059841561516,"walk_out":72.16866138538387,"walk_back":72.16866138538387},"rail-007483":{"out":14.662311196589972,"back":14.662311196589972,"walk_out":48.874370655299906,"walk_back":48.874370655299906},"tennoji":{"out":21.862396394215956,"back":21.862396394215956,"walk_out":72.87465464738652,"walk_back":72.87465464738652},"rail-007447":{"out":21.483760163359868,"back":21.483760163359868,"walk_out":71.61253387786623,"walk_back":71.61253387786623},"rail-007515":{"out":12.110729287424476,"back":12.110729287424476,"walk_out":40.36909762474826,"walk_back":40.36909762474826},"rail-007646":{"out":11.659340779686927,"back":11.659340779686927,"walk_out":38.864469265623086,"walk_back":38.864469265623086},"rail-007532":{"out":12.26164464160506,"back":12.26164464160506,"walk_out":40.8721488053502,"walk_back":40.8721488053502},"rail-007592":{"out":5.966219433765536,"back":5.966219433765536,"walk_out":19.887398112551786,"walk_back":19.887398112551786},"rail-007666":{"out":14.828666623178853,"back":14.828666623178853,"walk_out":49.428888743929505,"walk_back":49.428888743929505},"rail-007673":{"out":16.15026912368815,"back":16.15026912368815,"walk_out":53.834230412293834,"walk_back":53.834230412293834},"rail-007434":{"out":24.717053901886395,"back":24.717053901886395,"walk_out":82.39017967295464,"walk_back":82.39017967295464},"rail-007493":{"out":12.970147334927308,"back":12.970147334927308,"walk_out":43.23382444975769,"walk_back":43.23382444975769},"rail-007517":{"out":11.544871608583898,"back":11.544871608583898,"walk_out":38.48290536194633,"walk_back":38.48290536194633},"rail-007657":{"out":27.628446562730254,"back":27.628446562730254,"walk_out":92.09482187576752,"walk_back":92.09482187576752},"rail-007538":{"out":10.258399695664313,"back":10.258399695664313,"walk_out":34.194665652214375,"walk_back":34.194665652214375},"rail-007547":{"out":10.71933312558143,"back":10.71933312558143,"walk_out":35.73111041860477,"walk_back":35.73111041860477},"rail-007559":{"out":9.590125947412036,"back":9.590125947412036,"walk_out":31.967086491373454,"walk_back":31.967086491373454},"rail-007575":{"out":5.896808167696145,"back":5.896808167696145,"walk_out":19.65602722565382,"walk_back":19.65602722565382},"rail-007505":{"out":29.517297474327613,"back":29.517297474327613,"walk_out":98.39099158109204,"walk_back":98.39099158109204},"rail-007546":{"out":27.567661459100325,"back":27.567661459100325,"walk_out":91.89220486366776,"walk_back":91.89220486366776},"bentencho":{"out":27.23671483383316,"back":27.23671483383316,"walk_out":90.78904944611054,"walk_back":90.78904944611054},"rail-007682":{"out":17.55525429454218,"back":17.55525429454218,"walk_out":58.5175143151406,"walk_back":58.5175143151406},"rail-007399":{"out":22.495210441709308,"back":22.495210441709308,"walk_out":74.98403480569769,"walk_back":74.98403480569769},"rail-007611":{"out":14.753891956734558,"back":14.753891956734558,"walk_out":49.17963985578186,"walk_back":49.17963985578186},"rail-007609":{"out":9.22062686294915,"back":9.22062686294915,"walk_out":30.735422876497164,"walk_back":30.735422876497164},"rail-007595":{"out":12.313562727534318,"back":12.313562727534318,"walk_out":41.04520909178106,"walk_back":41.04520909178106},"rail-007607":{"out":6.649845417690973,"back":6.649845417690973,"walk_out":22.166151392303245,"walk_back":22.166151392303245},"rail-007486":{"out":19.766268422971624,"back":19.766268422971624,"walk_out":65.88756140990542,"walk_back":65.88756140990542},"shinimamiya":{"out":20.468922183128942,"back":20.468922183128942,"walk_out":68.2297406104298,"walk_back":68.2297406104298},"rail-007427":{"out":20.613339455766617,"back":20.613339455766617,"walk_out":68.71113151922205,"walk_back":68.71113151922205},"rail-007690":{"out":23.705134785811186,"back":23.705134785811186,"walk_out":79.01711595270395,"walk_back":79.01711595270395},"nipponbashi":{"out":27.804681150659476,"back":27.804681150659476,"walk_out":92.68227050219825,"walk_back":92.68227050219825},"rail-007499":{"out":18.619088322679936,"back":18.619088322679936,"walk_out":62.063627742266455,"walk_back":62.063627742266455},"rail-007370":{"out":24.622832556018412,"back":24.622832556018412,"walk_out":82.07610852006137,"walk_back":82.07610852006137},"rail-007406":{"out":20.24054223879022,"back":20.24054223879022,"walk_out":67.46847412930073,"walk_back":67.46847412930073},"rail-007623":{"out":12.770375950458197,"back":12.770375950458197,"walk_out":42.56791983486065,"walk_back":42.56791983486065},"rail-007500":{"out":16.02357419355246,"back":16.02357419355246,"walk_out":53.411913978508196,"walk_back":53.411913978508196},"rail-007699":{"out":20.426842686604456,"back":20.426842686604456,"walk_out":68.08947562201485,"walk_back":68.08947562201485},"rail-007525":{"out":10.928534388823007,"back":10.928534388823007,"walk_out":36.428447962743356,"walk_back":36.428447962743356},"rail-007553":{"out":7.598133505086263,"back":7.598133505086263,"walk_out":25.32711168362088,"walk_back":25.32711168362088},"rail-007479":{"out":26.313229598099074,"back":26.313229598099074,"walk_out":87.7107653269969,"walk_back":87.7107653269969},"rail-007472":{"out":16.373885475138536,"back":16.373885475138536,"walk_out":54.57961825046179,"walk_back":54.57961825046179},"rail-007487":{"out":17.261542743900975,"back":17.261542743900975,"walk_out":57.53847581300325,"walk_back":57.53847581300325},"rail-007380":{"out":29.218288146032677,"back":29.218288146032677,"walk_out":97.39429382010893,"walk_back":97.39429382010893},"rail-007364":{"out":28.01786114173521,"back":28.01786114173521,"walk_out":93.39287047245071,"walk_back":93.39287047245071},"sakuragawa":{"out":26.490396576297588,"back":26.490396576297588,"walk_out":88.30132192099197,"walk_back":88.30132192099197},"rail-007303":{"out":26.118145949908037,"back":26.118145949908037,"walk_out":87.06048649969345,"walk_back":87.06048649969345},"rail-007587":{"out":8.28263418104632,"back":8.28263418104632,"walk_out":27.608780603487737,"walk_back":27.608780603487737},"rail-007639":{"out":24.714950857716296,"back":24.714950857716296,"walk_out":82.38316952572099,"walk_back":82.38316952572099},"rail-007470":{"out":22.898084741999106,"back":22.898084741999106,"walk_out":76.32694913999703,"walk_back":76.32694913999703},"rail-007442":{"out":16.933146433717763,"back":16.933146433717763,"walk_out":56.44382144572588,"walk_back":56.44382144572588},"rail-007641":{"out":14.891072010754055,"back":14.891072010754055,"walk_out":49.63690670251352,"walk_back":49.63690670251352},"rail-007630":{"out":10.760729605454397,"back":10.760729605454397,"walk_out":35.86909868484799,"walk_back":35.86909868484799},"rail-007683":{"out":18.168961762977492,"back":18.168961762977492,"walk_out":60.56320587659164,"walk_back":60.56320587659164},"rail-007533":{"out":8.6484460805985,"back":8.6484460805985,"walk_out":28.828153601994998,"walk_back":28.828153601994998},"rail-007519":{"out":20.33711586468428,"back":20.33711586468428,"walk_out":67.79038621561426,"walk_back":67.79038621561426},"rail-007709":{"out":23.35923872942695,"back":23.35923872942695,"walk_out":77.86412909808982,"walk_back":77.86412909808982},"rail-007704":{"out":23.416544026114053,"back":23.416544026114053,"walk_out":78.0551467537135,"walk_back":78.0551467537135},"rail-007590":{"out":21.421211121507373,"back":21.421211121507373,"walk_out":71.40403707169125,"walk_back":71.40403707169125},"rail-007714":{"out":25.18540164148242,"back":25.18540164148242,"walk_out":83.9513388049414,"walk_back":83.9513388049414},"rail-007706":{"out":22.649442509734268,"back":22.649442509734268,"walk_out":75.49814169911423,"walk_back":75.49814169911423},"rail-007707":{"out":23.720708423186032,"back":23.720708423186032,"walk_out":79.06902807728677,"walk_back":79.06902807728677},"rail-007564":{"out":8.546772861217132,"back":8.546772861217132,"walk_out":28.48924287072377,"walk_back":28.48924287072377},"rail-007640":{"out":10.954368878970346,"back":10.954368878970346,"walk_out":36.51456292990115,"walk_back":36.51456292990115},"rail-007554":{"out":7.2794623414077,"back":7.2794623414077,"walk_out":24.264874471359,"walk_back":24.264874471359},"rail-007579":{"out":6.054847500737824,"back":6.054847500737824,"walk_out":20.182825002459413,"walk_back":20.182825002459413},"rail-007635":{"out":10.177558470939482,"back":10.177558470939482,"walk_out":33.92519490313161,"walk_back":33.92519490313161},"rail-007475":{"out":22.125740371075825,"back":22.125740371075825,"walk_out":73.75246790358608,"walk_back":73.75246790358608},"rail-007498":{"out":13.811437451413422,"back":13.811437451413422,"walk_out":46.03812483804474,"walk_back":46.03812483804474},"rail-007734":{"out":27.986624450128346,"back":27.986624450128346,"walk_out":93.28874816709448,"walk_back":93.28874816709448},"rail-007379":{"out":22.39166182456612,"back":22.39166182456612,"walk_out":74.63887274855374,"walk_back":74.63887274855374},"rail-007371":{"out":23.01492240960779,"back":23.01492240960779,"walk_out":76.71640803202598,"walk_back":76.71640803202598},"rail-007454":{"out":17.32712796484849,"back":17.32712796484849,"walk_out":57.75709321616163,"walk_back":57.75709321616163},"rail-007650":{"out":12.444940347846101,"back":12.444940347846101,"walk_out":41.483134492820334,"walk_back":41.483134492820334},"rail-007452":{"out":18.304424421045127,"back":18.304424421045127,"walk_out":61.01474807015042,"walk_back":61.01474807015042},"rail-007476":{"out":13.919898700887972,"back":13.919898700887972,"walk_out":46.39966233629324,"walk_back":46.39966233629324},"rail-007540":{"out":15.770822110378406,"back":15.770822110378406,"walk_out":52.56940703459468,"walk_back":52.56940703459468},"rail-007246":{"out":28.936755860755042,"back":28.936755860755042,"walk_out":96.45585286918347,"walk_back":96.45585286918347},"rail-007729":{"out":27.373503861738442,"back":27.373503861738442,"walk_out":91.24501287246147,"walk_back":91.24501287246147},"tanimachi9":{"out":29.646928551103805,"back":29.646928551103805,"walk_out":98.82309517034601,"walk_back":98.82309517034601},"rail-007317":{"out":27.925450877192006,"back":27.925450877192006,"walk_out":93.08483625730669,"walk_back":93.08483625730669},"rail-007562":{"out":21.63804976773136,"back":21.63804976773136,"walk_out":72.12683255910453,"walk_back":72.12683255910453},"nagai":{"out":14.345195374040076,"back":14.345195374040076,"walk_out":47.81731791346692,"walk_back":47.81731791346692},"rail-007460":{"out":19.724886316741273,"back":19.724886316741273,"walk_out":65.74962105580424,"walk_back":65.74962105580424},"rail-007543":{"out":21.93290137938692,"back":21.93290137938692,"walk_out":73.10967126462306,"walk_back":73.10967126462306},"rail-007628":{"out":9.386037953060637,"back":9.386037953060637,"walk_out":31.28679317686879,"walk_back":31.28679317686879},"rail-007556":{"out":15.986808783485621,"back":15.986808783485621,"walk_out":53.28936261161874,"walk_back":53.28936261161874}}}},{"type":"Feature","geometry":{"type":"Point","coordinates":[135.29394,34.41192]},"properties":{"id":"bodik-osaka-b311f42479c2785d7c6a","name":"りんくう公園リラクゼーションヨガ","venue":"りんくう公園","address":"","category":"その他","source_category":"","date":"2026-11-23","end_date":"2026-11-23","start":null,"end":null,"schedule":"","url":"https://rinku.osaka-park.or.jp/","source":"大阪府 イベント一覧（BODIK）","source_updated":"2026-09-14T08:52:41.251751","fetched_at":"2026-09-18T14:35:26.570Z","coordinate_source":"https://data.bodik.jp/ja/dataset/270008_event","fictional":false,"access":{"rail-007996":{"out":2.0659986420144367,"back":2.0659986420144367,"walk_out":6.886662140048122,"walk_back":6.886662140048122},"rail-007964":{"out":20.708110754004462,"back":20.708110754004462,"walk_out":69.02703584668154,"walk_back":69.02703584668154},"rail-007985":{"out":13.809086793814481,"back":13.809086793814481,"walk_out":46.03028931271494,"walk_back":46.03028931271494},"rail-008069":{"out":9.203816928369813,"back":9.203816928369813,"walk_out":30.679389761232706,"walk_back":30.679389761232706},"rail-007973":{"out":24.770164815972727,"back":24.770164815972727,"walk_out":82.56721605324243,"walk_back":82.56721605324243},"rail-008142":{"out":23.459637563168315,"back":23.459637563168315,"walk_out":78.19879187722772,"walk_back":78.19879187722772},"rail-008091":{"out":13.698166797072574,"back":13.698166797072574,"walk_out":45.66055599024191,"walk_back":45.66055599024191},"rail-008120":{"out":17.700136024926735,"back":17.700136024926735,"walk_out":59.00045341642245,"walk_back":59.00045341642245},"rail-008072":{"out":16.63312005530945,"back":16.63312005530945,"walk_out":55.44373351769817,"walk_back":55.44373351769817},"rail-007989":{"out":20.691413589899188,"back":20.691413589899188,"walk_out":68.9713786329973,"walk_back":68.9713786329973},"rail-008118":{"out":20.614293819408086,"back":20.614293819408086,"walk_out":68.71431273136028,"walk_back":68.71431273136028},"rail-007992":{"out":8.607733362390626,"back":8.607733362390626,"walk_out":28.692444541302088,"walk_back":28.692444541302088},"rail-007976":{"out":29.30929263506682,"back":29.30929263506682,"walk_out":97.6976421168894,"walk_back":97.6976421168894},"rail-008008":{"out":17.527564769624338,"back":17.527564769624338,"walk_out":58.425215898747794,"walk_back":58.425215898747794},"rail-007967":{"out":28.463014661916354,"back":28.463014661916354,"walk_out":94.87671553972118,"walk_back":94.87671553972118},"rail-008022":{"out":5.95986350050845,"back":5.95986350050845,"walk_out":19.8662116683615,"walk_back":19.8662116683615},"rail-007942":{"out":27.77025486993653,"back":27.77025486993653,"walk_out":92.56751623312176,"walk_back":92.56751623312176},"rail-007952":{"out":27.358599564771186,"back":27.358599564771186,"walk_out":91.19533188257063,"walk_back":91.19533188257063},"rail-007956":{"out":27.637680833724524,"back":27.637680833724524,"walk_out":92.12560277908175,"walk_back":92.12560277908175},"rail-008097":{"out":16.427389253319486,"back":16.427389253319486,"walk_out":54.75796417773162,"walk_back":54.75796417773162},"rail-007958":{"out":21.413083641431843,"back":21.413083641431843,"walk_out":71.37694547143947,"walk_back":71.37694547143947},"rail-007975":{"out":17.510729576341536,"back":17.510729576341536,"walk_out":58.36909858780512,"walk_back":58.36909858780512}}}},{"type":"Feature","geometry":{"type":"Point","coordinates":[135.48764,34.61375]},"properties":{"id":"bodik-osaka-d5446797f3addb2ac0d7","name":"すみすみマルシェ","venue":"住吉公園","address":"","category":"その他","source_category":"","date":"2026-11-28","end_date":"2026-11-28","start":null,"end":null,"schedule":"","url":"https://www.toshi-kouen.jp/staticpages/index.php/sumiyoshi_top","source":"大阪府 イベント一覧（BODIK）","source_updated":"2026-09-14T08:52:41.251751","fetched_at":"2026-09-18T14:35:26.570Z","coordinate_source":"https://data.bodik.jp/ja/dataset/270008_event","fictional":false,"access":{"namba":{"out":23.767975206189984,"back":23.767975206189984,"walk_out":79.22658402063328,"walk_back":79.22658402063328},"rail-007473":{"out":29.888994712032822,"back":29.888994712032822,"walk_out":99.62998237344274,"walk_back":99.62998237344274},"rail-007283":{"out":25.36507037382659,"back":25.36507037382659,"walk_out":84.55023457942197,"walk_back":84.55023457942197},"rail-007280":{"out":25.579911189533284,"back":25.579911189533284,"walk_out":85.26637063177762,"walk_back":85.26637063177762},"rail-007552":{"out":19.449250484559396,"back":19.449250484559396,"walk_out":64.83083494853132,"walk_back":64.83083494853132},"rail-007507":{"out":22.76679468749529,"back":22.76679468749529,"walk_out":75.88931562498429,"walk_back":75.88931562498429},"rail-007506":{"out":24.950068205646815,"back":24.950068205646815,"walk_out":83.16689401882272,"walk_back":83.16689401882272},"rail-007626":{"out":9.93838565831591,"back":9.93838565831591,"walk_out":33.12795219438637,"walk_back":33.12795219438637},"rail-007693":{"out":21.232556166056916,"back":21.232556166056916,"walk_out":70.77518722018972,"walk_back":70.77518722018972},"rail-007735":{"out":28.84116976343908,"back":28.84116976343908,"walk_out":96.13723254479693,"walk_back":96.13723254479693},"rail-007494":{"out":27.289079888069004,"back":27.289079888069004,"walk_out":90.96359962689668,"walk_back":90.96359962689668},"nakamozu":{"out":26.415340839148037,"back":26.415340839148037,"walk_out":88.05113613049346,"walk_back":88.05113613049346},"kujo":{"out":26.98971708081561,"back":26.98971708081561,"walk_out":89.9657236027187,"walk_back":89.9657236027187},"rail-007407":{"out":18.0115364370522,"back":18.0115364370522,"walk_out":60.038454790173994,"walk_back":60.038454790173994},"rail-007402":{"out":18.976874078312743,"back":18.976874078312743,"walk_out":63.25624692770915,"walk_back":63.25624692770915},"rail-007529":{"out":16.85746869314108,"back":16.85746869314108,"walk_out":56.19156231047027,"walk_back":56.19156231047027},"rail-007450":{"out":15.171914254521583,"back":15.171914254521583,"walk_out":50.57304751507194,"walk_back":50.57304751507194},"rail-007459":{"out":13.978797557860384,"back":13.978797557860384,"walk_out":46.595991859534614,"walk_back":46.595991859534614},"rail-007593":{"out":3.7741200314191805,"back":3.7741200314191805,"walk_out":12.580400104730602,"walk_back":12.580400104730602},"rail-007580":{"out":5.745590386023994,"back":5.745590386023994,"walk_out":19.151967953413315,"walk_back":19.151967953413315},"rail-007567":{"out":1.5036025370412733,"back":1.5036025370412733,"walk_out":5.012008456804244,"walk_back":5.012008456804244},"rail-007573":{"out":1.071386058333291,"back":1.071386058333291,"walk_out":3.57128686111097,"walk_back":3.57128686111097},"rail-007572":{"out":3.6426148022975324,"back":3.6426148022975324,"walk_out":12.142049340991774,"walk_back":12.142049340991774},"rail-007574":{"out":1.4108330318726754,"back":1.4108330318726754,"walk_out":4.702776772908918,"walk_back":4.702776772908918},"rail-007582":{"out":28.55726434049306,"back":28.55726434049306,"walk_out":95.19088113497686,"walk_back":95.19088113497686},"rail-007524":{"out":29.537504478430503,"back":29.537504478430503,"walk_out":98.458348261435,"walk_back":98.458348261435},"dobutsuen":{"out":16.22284634147396,"back":16.22284634147396,"walk_out":54.07615447157987,"walk_back":54.07615447157987},"rail-007544":{"out":4.5231228201544385,"back":4.5231228201544385,"walk_out":15.077076067181462,"walk_back":15.077076067181462},"rail-007485":{"out":11.039168733668761,"back":11.039168733668761,"walk_out":36.7972291122292,"walk_back":36.7972291122292},"rail-007502":{"out":17.1642416649663,"back":17.1642416649663,"walk_out":57.214138883221004,"walk_back":57.214138883221004},"rail-007522":{"out":8.88735969573275,"back":8.88735969573275,"walk_out":29.624532319109168,"walk_back":29.624532319109168},"rail-007647":{"out":17.438199030129212,"back":17.438199030129212,"walk_out":58.12733010043071,"walk_back":58.12733010043071},"rail-007462":{"out":27.250982328232816,"back":27.250982328232816,"walk_out":90.83660776077605,"walk_back":90.83660776077605},"rail-007570":{"out":15.288280322881223,"back":15.288280322881223,"walk_out":50.96093440960408,"walk_back":50.96093440960408},"rail-007571":{"out":18.053803009910474,"back":18.053803009910474,"walk_out":60.17934336636824,"walk_back":60.17934336636824},"rail-007531":{"out":13.250600987110353,"back":13.250600987110353,"walk_out":44.16866995703451,"walk_back":44.16866995703451},"rail-007581":{"out":23.67986132074072,"back":23.67986132074072,"walk_out":78.93287106913573,"walk_back":78.93287106913573},"rail-007268":{"out":26.977848315553327,"back":26.977848315553327,"walk_out":89.92616105184443,"walk_back":89.92616105184443},"rail-007382":{"out":22.112024095398315,"back":22.112024095398315,"walk_out":73.70674698466105,"walk_back":73.70674698466105},"rail-007649":{"out":15.813149560538104,"back":15.813149560538104,"walk_out":52.710498535127016,"walk_back":52.710498535127016},"rail-007660":{"out":16.569587643310662,"back":16.569587643310662,"walk_out":55.23195881103554,"walk_back":55.23195881103554},"rail-007667":{"out":16.882018748272216,"back":16.882018748272216,"walk_out":56.273395827574056,"walk_back":56.273395827574056},"rail-007534":{"out":5.052504687038202,"back":5.052504687038202,"walk_out":16.84168229012734,"walk_back":16.84168229012734},"rail-007622":{"out":8.497105599012553,"back":8.497105599012553,"walk_out":28.32368533004184,"walk_back":28.32368533004184},"rail-007395":{"out":19.289249738843807,"back":19.289249738843807,"walk_out":64.29749912947936,"walk_back":64.29749912947936},"rail-007654":{"out":16.130714722218443,"back":16.130714722218443,"walk_out":53.76904907406148,"walk_back":53.76904907406148},"taisho":{"out":23.193396937408576,"back":23.193396937408576,"walk_out":77.31132312469525,"walk_back":77.31132312469525},"uehommachi":{"out":26.097895742728404,"back":26.097895742728404,"walk_out":86.99298580909469,"walk_back":86.99298580909469},"osakako":{"out":26.437548720341002,"back":26.437548720341002,"walk_out":88.12516240113668,"walk_back":88.12516240113668},"rail-007451":{"out":17.254136370616468,"back":17.254136370616468,"walk_out":57.513787902054894,"walk_back":57.513787902054894},"rail-007483":{"out":10.905725337074989,"back":10.905725337074989,"walk_out":36.35241779024996,"walk_back":36.35241779024996},"tennoji":{"out":17.48898603576542,"back":17.48898603576542,"walk_out":58.29662011921807,"walk_back":58.29662011921807},"rail-007447":{"out":17.169790509257606,"back":17.169790509257606,"walk_out":57.23263503085868,"walk_back":57.23263503085868},"rail-007515":{"out":7.792279497988862,"back":7.792279497988862,"walk_out":25.974264993296206,"walk_back":25.974264993296206},"rail-007646":{"out":13.76489790207801,"back":13.76489790207801,"walk_out":45.882993006926704,"walk_back":45.882993006926704},"rail-007532":{"out":7.314722753474328,"back":7.314722753474328,"walk_out":24.38240917824776,"walk_back":24.38240917824776},"rail-007592":{"out":3.79473927942159,"back":3.79473927942159,"walk_out":12.6491309314053,"walk_back":12.6491309314053},"rail-007666":{"out":17.56639823424142,"back":17.56639823424142,"walk_out":58.554660780804724,"walk_back":58.554660780804724},"rail-007673":{"out":19.05609316189803,"back":19.05609316189803,"walk_out":63.5203105396601,"walk_back":63.5203105396601},"rail-007434":{"out":20.11107634381742,"back":20.11107634381742,"walk_out":67.03692114605806,"walk_back":67.03692114605806},"rail-007493":{"out":9.371024503016693,"back":9.371024503016693,"walk_out":31.23674834338898,"walk_back":31.23674834338898},"rail-007517":{"out":7.324423123045335,"back":7.324423123045335,"walk_out":24.41474374348445,"walk_back":24.41474374348445},"rail-007657":{"out":24.786824749724886,"back":24.786824749724886,"walk_out":82.62274916574962,"walk_back":82.62274916574962},"rail-007538":{"out":5.354474400949221,"back":5.354474400949221,"walk_out":17.84824800316407,"walk_back":17.84824800316407},"rail-007547":{"out":5.67475072731145,"back":5.67475072731145,"walk_out":18.91583575770483,"walk_back":18.91583575770483},"rail-007559":{"out":4.492849164241722,"back":4.492849164241722,"walk_out":14.976163880805741,"walk_back":14.976163880805741},"rail-007575":{"out":10.740783894965887,"back":10.740783894965887,"walk_out":35.802612983219625,"walk_back":35.802612983219625},"rail-007505":{"out":24.423177818483683,"back":24.423177818483683,"walk_out":81.41059272827894,"walk_back":81.41059272827894},"rail-007546":{"out":22.56773364607588,"back":22.56773364607588,"walk_out":75.22577882025294,"walk_back":75.22577882025294},"bentencho":{"out":26.734073437462925,"back":26.734073437462925,"walk_out":89.11357812487643,"walk_back":89.11357812487643},"rail-007682":{"out":20.60242488178026,"back":20.60242488178026,"walk_out":68.6747496059342,"walk_back":68.6747496059342},"shinsaibashi":{"out":27.373600161502022,"back":27.373600161502022,"walk_out":91.24533387167341,"walk_back":91.24533387167341},"rail-007399":{"out":18.85187118117474,"back":18.85187118117474,"walk_out":62.839570603915796,"walk_back":62.839570603915796},"rail-007611":{"out":11.297395241194192,"back":11.297395241194192,"walk_out":37.657984137313974,"walk_back":37.657984137313974},"rail-007609":{"out":6.985523796552969,"back":6.985523796552969,"walk_out":23.28507932184323,"walk_back":23.28507932184323},"rail-007595":{"out":8.740300802399027,"back":8.740300802399027,"walk_out":29.134336007996755,"walk_back":29.134336007996755},"rail-007607":{"out":6.00273678135479,"back":6.00273678135479,"walk_out":20.009122604515966,"walk_back":20.009122604515966},"rail-007486":{"out":14.908090259884784,"back":14.908090259884784,"walk_out":49.69363419961594,"walk_back":49.69363419961594},"shinimamiya":{"out":16.89428520420694,"back":16.89428520420694,"walk_out":56.31428401402314,"walk_back":56.31428401402314},"rail-007427":{"out":16.924087969444077,"back":16.924087969444077,"walk_out":56.41362656481359,"walk_back":56.41362656481359},"rail-007690":{"out":22.64526229867446,"back":22.64526229867446,"walk_out":75.4842076622482,"walk_back":75.4842076622482},"nipponbashi":{"out":24.444266670735217,"back":24.444266670735217,"walk_out":81.48088890245072,"walk_back":81.48088890245072},"rail-007499":{"out":13.700141685634259,"back":13.700141685634259,"walk_out":45.66713895211419,"walk_back":45.66713895211419},"rail-007370":{"out":25.306171229590618,"back":25.306171229590618,"walk_out":84.35390409863538,"walk_back":84.35390409863538},"rail-007406":{"out":18.267564189224515,"back":18.267564189224515,"walk_out":60.891880630748375,"walk_back":60.891880630748375},"rail-007623":{"out":10.807393308398025,"back":10.807393308398025,"walk_out":36.02464436132675,"walk_back":36.02464436132675},"rail-007500":{"out":11.305942150683842,"back":11.305942150683842,"walk_out":37.68647383561281,"walk_back":37.68647383561281},"rail-007699":{"out":23.603480540728864,"back":23.603480540728864,"walk_out":78.67826846909621,"walk_back":78.67826846909621},"rail-007525":{"out":6.579252741797293,"back":6.579252741797293,"walk_out":21.930842472657645,"walk_back":21.930842472657645},"rail-007553":{"out":2.693245331212966,"back":2.693245331212966,"walk_out":8.977484437376553,"walk_back":8.977484437376553},"rail-007479":{"out":21.275063081569865,"back":21.275063081569865,"walk_out":70.91687693856622,"walk_back":70.91687693856622},"rail-007250":{"out":28.935071413062772,"back":28.935071413062772,"walk_out":96.45023804354258,"walk_back":96.45023804354258},"rail-007472":{"out":12.425380493479487,"back":12.425380493479487,"walk_out":41.41793497826496,"walk_back":41.41793497826496},"rail-007487":{"out":12.629631258233585,"back":12.629631258233585,"walk_out":42.098770860778615,"walk_back":42.098770860778615},"rail-007380":{"out":24.79615160326164,"back":24.79615160326164,"walk_out":82.6538386775388,"walk_back":82.6538386775388},"rail-007364":{"out":29.55596518742838,"back":29.55596518742838,"walk_out":98.5198839580946,"walk_back":98.5198839580946},"sakuragawa":{"out":24.322900923022537,"back":24.322900923022537,"walk_out":81.07633641007513,"walk_back":81.07633641007513},"rail-007303":{"out":23.965910223743407,"back":23.965910223743407,"walk_out":79.88636741247802,"walk_back":79.88636741247802},"rail-007587":{"out":4.726028108816042,"back":4.726028108816042,"walk_out":15.753427029386804,"walk_back":15.753427029386804},"rail-007639":{"out":21.507308309212082,"back":21.507308309212082,"walk_out":71.69102769737361,"walk_back":71.69102769737361},"rail-007470":{"out":18.075113691531026,"back":18.075113691531026,"walk_out":60.25037897177008,"walk_back":60.25037897177008},"rail-007442":{"out":14.914140485370426,"back":14.914140485370426,"walk_out":49.71380161790142,"walk_back":49.71380161790142},"rail-007641":{"out":13.774524611689774,"back":13.774524611689774,"walk_out":45.91508203896591,"walk_back":45.91508203896591},"rail-007630":{"out":10.795151223138138,"back":10.795151223138138,"walk_out":35.98383741046046,"walk_back":35.98383741046046},"rail-007683":{"out":21.673044303592793,"back":21.673044303592793,"walk_out":72.24348101197597,"walk_back":72.24348101197597},"rail-007533":{"out":4.7136882878767485,"back":4.7136882878767485,"walk_out":15.712294292922497,"walk_back":15.712294292922497},"rail-007519":{"out":15.252390162846007,"back":15.252390162846007,"walk_out":50.84130054282002,"walk_back":50.84130054282002},"rail-007733":{"out":29.831459373202946,"back":29.831459373202946,"walk_out":99.4381979106765,"walk_back":99.4381979106765},"rail-007709":{"out":24.562463583473544,"back":24.562463583473544,"walk_out":81.87487861157848,"walk_back":81.87487861157848},"rail-007704":{"out":23.88078155130043,"back":23.88078155130043,"walk_out":79.60260517100143,"walk_back":79.60260517100143},"rail-007590":{"out":16.951536707509177,"back":16.951536707509177,"walk_out":56.50512235836393,"walk_back":56.50512235836393},"rail-007714":{"out":28.56752882799779,"back":28.56752882799779,"walk_out":95.22509609332597,"walk_back":95.22509609332597},"rail-007706":{"out":25.934817123459844,"back":25.934817123459844,"walk_out":86.4493904115328,"walk_back":86.4493904115328},"rail-007707":{"out":27.28218984014447,"back":27.28218984014447,"walk_out":90.94063280048157,"walk_back":90.94063280048157},"rail-007564":{"out":3.4571369493471105,"back":3.4571369493471105,"walk_out":11.523789831157034,"walk_back":11.523789831157034},"rail-007640":{"out":12.826190786728674,"back":12.826190786728674,"walk_out":42.75396928909558,"walk_back":42.75396928909558},"rail-007554":{"out":2.431696507226192,"back":2.431696507226192,"walk_out":8.105655024087305,"walk_back":8.105655024087305},"rail-007579":{"out":2.211161614854199,"back":2.211161614854199,"walk_out":7.370538716180662,"walk_back":7.370538716180662},"rail-007635":{"out":11.6053062450828,"back":11.6053062450828,"walk_out":38.684354150276,"walk_back":38.684354150276},"rail-007475":{"out":17.245828451735754,"back":17.245828451735754,"walk_out":57.48609483911918,"walk_back":57.48609483911918},"rail-007498":{"out":9.61479152781519,"back":9.61479152781519,"walk_out":32.0493050927173,"walk_back":32.0493050927173},"rail-007379":{"out":19.945345328632094,"back":19.945345328632094,"walk_out":66.48448442877364,"walk_back":66.48448442877364},"rail-007371":{"out":20.810421086083622,"back":20.810421086083622,"walk_out":69.36807028694541,"walk_back":69.36807028694541},"rail-007454":{"out":13.932768679961155,"back":13.932768679961155,"walk_out":46.44256226653718,"walk_back":46.44256226653718},"rail-007650":{"out":14.756320504060907,"back":14.756320504060907,"walk_out":49.18773501353636,"walk_back":49.18773501353636},"rail-007452":{"out":14.764643103225216,"back":14.764643103225216,"walk_out":49.21547701075072,"walk_back":49.21547701075072},"rail-007249":{"out":27.570661720936045,"back":27.570661720936045,"walk_out":91.90220573645348,"walk_back":91.90220573645348},"rail-007476":{"out":11.060865486143873,"back":11.060865486143873,"walk_out":36.86955162047958,"walk_back":36.86955162047958},"rail-007540":{"out":10.673763565127116,"back":10.673763565127116,"walk_out":35.579211883757054,"walk_back":35.579211883757054},"rail-007246":{"out":26.770096239835567,"back":26.770096239835567,"walk_out":89.23365413278523,"walk_back":89.23365413278523},"tanimachi9":{"out":25.860785651637013,"back":25.860785651637013,"walk_out":86.20261883879004,"walk_back":86.20261883879004},"tanimachi6":{"out":29.378856693000536,"back":29.378856693000536,"walk_out":97.92952231000179,"walk_back":97.92952231000179},"rail-007317":{"out":24.567350659494483,"back":24.567350659494483,"walk_out":81.89116886498161,"walk_back":81.89116886498161},"rail-007562":{"out":16.686675348333452,"back":16.686675348333452,"walk_out":55.62225116111151,"walk_back":55.62225116111151},"nagahoribashi":{"out":28.23448141076655,"back":28.23448141076655,"walk_out":94.1149380358885,"walk_back":94.1149380358885},"nagai":{"out":9.722549934837486,"back":9.722549934837486,"walk_out":32.40849978279162,"walk_back":32.40849978279162},"rail-007460":{"out":15.285642881464055,"back":15.285642881464055,"walk_out":50.95214293821351,"walk_back":50.95214293821351},"rail-007543":{"out":16.882139955198927,"back":16.882139955198927,"walk_out":56.27379985066309,"walk_back":56.27379985066309},"rail-007669":{"out":27.40373832954166,"back":27.40373832954166,"walk_out":91.34579443180553,"walk_back":91.34579443180553},"rail-007628":{"out":10.389328469919088,"back":10.389328469919088,"walk_out":34.63109489973029,"walk_back":34.63109489973029},"rail-007556":{"out":10.950032611643335,"back":10.950032611643335,"walk_out":36.500108705477786,"walk_back":36.500108705477786},"tsuruhashi":{"out":27.918040725335423,"back":27.918040725335423,"walk_out":93.06013575111808,"walk_back":93.06013575111808}}}},{"type":"Feature","geometry":{"type":"Point","coordinates":[135.5788,34.63141]},"properties":{"id":"bodik-osaka-a1680d82145f1b3a683d","name":"大阪ピンコロクラブ","venue":"久宝寺緑地","address":"","category":"その他","source_category":"","date":"2026-11-28","end_date":"2026-11-28","start":null,"end":null,"schedule":"","url":"https://kyuhoji-ryokuchi.jp/","source":"大阪府 イベント一覧（BODIK）","source_updated":"2026-09-14T08:52:41.251751","fetched_at":"2026-09-18T14:35:26.570Z","coordinate_source":"https://data.bodik.jp/ja/dataset/270008_event","fictional":false,"access":{"rail-007376":{"out":12.3360863913444,"back":12.3360863913444,"walk_out":41.120287971148,"walk_back":41.120287971148},"rail-007344":{"out":14.833195010312476,"back":14.833195010312476,"walk_out":49.443983367708256,"walk_back":49.443983367708256},"rail-007422":{"out":8.815085537781805,"back":8.815085537781805,"walk_out":29.383618459272682,"walk_back":29.383618459272682},"kyuhoji":{"out":4.5327503034730015,"back":4.5327503034730015,"walk_out":15.109167678243338,"walk_back":15.109167678243338},"rail-007491":{"out":4.5313010230363195,"back":4.5313010230363195,"walk_out":15.1043367434544,"walk_back":15.1043367434544},"rail-007529":{"out":17.60646567801607,"back":17.60646567801607,"walk_out":58.68821892672024,"walk_back":58.68821892672024},"rail-007450":{"out":28.70687434162788,"back":28.70687434162788,"walk_out":95.6895811387596,"walk_back":95.6895811387596},"rail-007459":{"out":28.677672229759636,"back":28.677672229759636,"walk_out":95.59224076586545,"walk_back":95.59224076586545},"rail-007284":{"out":20.874050828737538,"back":20.874050828737538,"walk_out":69.58016942912512,"walk_back":69.58016942912512},"rail-007342":{"out":18.202018757829997,"back":18.202018757829997,"walk_out":60.67339585943333,"walk_back":60.67339585943333},"rail-007378":{"out":12.36736585833943,"back":12.36736585833943,"walk_out":41.22455286113143,"walk_back":41.22455286113143},"rail-007549":{"out":23.72916130545068,"back":23.72916130545068,"walk_out":79.09720435150227,"walk_back":79.09720435150227},"rail-007560":{"out":9.168430406691996,"back":9.168430406691996,"walk_out":30.56143468897332,"walk_back":30.56143468897332},"rail-007618":{"out":15.27376964483595,"back":15.27376964483595,"walk_out":50.91256548278649,"walk_back":50.91256548278649},"rail-007351":{"out":14.888633534461793,"back":14.888633534461793,"walk_out":49.62877844820597,"walk_back":49.62877844820597},"rail-007582":{"out":11.092482224895164,"back":11.092482224895164,"walk_out":36.97494074965054,"walk_back":36.97494074965054},"rail-007524":{"out":4.8502657388788295,"back":4.8502657388788295,"walk_out":16.167552462929432,"walk_back":16.167552462929432},"dobutsuen":{"out":28.58622355596859,"back":28.58622355596859,"walk_out":95.28741185322863,"walk_back":95.28741185322863},"rail-007485":{"out":28.84750342346281,"back":28.84750342346281,"walk_out":96.15834474487603,"walk_back":96.15834474487603},"rail-007412":{"out":13.053082955677729,"back":13.053082955677729,"walk_out":43.510276518925764,"walk_back":43.510276518925764},"rail-007502":{"out":18.249595776689237,"back":18.249595776689237,"walk_out":60.83198592229745,"walk_back":60.83198592229745},"rail-007522":{"out":26.89441899033533,"back":26.89441899033533,"walk_out":89.64806330111776,"walk_back":89.64806330111776},"rail-007462":{"out":10.65761179448601,"back":10.65761179448601,"walk_out":35.5253726482867,"walk_back":35.5253726482867},"rail-007531":{"out":21.359005619253065,"back":21.359005619253065,"walk_out":71.19668539751022,"walk_back":71.19668539751022},"rail-007213":{"out":27.44601767773998,"back":27.44601767773998,"walk_out":91.4867255924666,"walk_back":91.4867255924666},"rail-007581":{"out":13.901609035314568,"back":13.901609035314568,"walk_out":46.338696784381895,"walk_back":46.338696784381895},"rail-007382":{"out":26.51872604929057,"back":26.51872604929057,"walk_out":88.39575349763523,"walk_back":88.39575349763523},"rail-007676":{"out":29.815966049304677,"back":29.815966049304677,"walk_out":99.38655349768226,"walk_back":99.38655349768226},"rail-007633":{"out":26.093333793129435,"back":26.093333793129435,"walk_out":86.97777931043144,"walk_back":86.97777931043144},"uehommachi":{"out":25.924218434239364,"back":25.924218434239364,"walk_out":86.41406144746455,"walk_back":86.41406144746455},"rail-007164":{"out":29.900442736915018,"back":29.900442736915018,"walk_out":99.66814245638339,"walk_back":99.66814245638339},"rail-007451":{"out":24.36135665780537,"back":24.36135665780537,"walk_out":81.20452219268456,"walk_back":81.20452219268456},"tennoji":{"out":24.432570102639293,"back":24.432570102639293,"walk_out":81.44190034213098,"walk_back":81.44190034213098},"rail-007447":{"out":24.96364928629508,"back":24.96364928629508,"walk_out":83.21216428765027,"walk_back":83.21216428765027},"rail-007515":{"out":29.697497655368245,"back":29.697497655368245,"walk_out":98.99165885122748,"walk_back":98.99165885122748},"rail-007532":{"out":27.870309916401126,"back":27.870309916401126,"walk_out":92.90103305467042,"walk_back":92.90103305467042},"rail-007653":{"out":29.29315856133514,"back":29.29315856133514,"walk_out":97.64386187111714,"walk_back":97.64386187111714},"rail-007434":{"out":21.49628591094289,"back":21.49628591094289,"walk_out":71.65428636980964,"walk_back":71.65428636980964},"rail-007368":{"out":15.65820958409393,"back":15.65820958409393,"walk_out":52.19403194697977,"walk_back":52.19403194697977},"rail-007657":{"out":27.84800140782502,"back":27.84800140782502,"walk_out":92.82667135941674,"walk_back":92.82667135941674},"fuse":{"out":15.56499408505987,"back":15.56499408505987,"walk_out":51.88331361686624,"walk_back":51.88331361686624},"rail-007538":{"out":29.743590438227383,"back":29.743590438227383,"walk_out":99.14530146075793,"walk_back":99.14530146075793},"rail-007547":{"out":28.971083287543994,"back":28.971083287543994,"walk_out":96.57027762514664,"walk_back":96.57027762514664},"rail-007559":{"out":29.852169969679448,"back":29.852169969679448,"walk_out":99.50723323226482,"walk_back":99.50723323226482},"rail-007505":{"out":10.16745600539689,"back":10.16745600539689,"walk_out":33.891520017989635,"walk_back":33.891520017989635},"rail-007546":{"out":11.954905897862298,"back":11.954905897862298,"walk_out":39.84968632620766,"walk_back":39.84968632620766},"rail-007468":{"out":4.750252733120279,"back":4.750252733120279,"walk_out":15.834175777067596,"walk_back":15.834175777067596},"rail-007131":{"out":27.184085590346967,"back":27.184085590346967,"walk_out":90.6136186344899,"walk_back":90.6136186344899},"rail-007606":{"out":19.380910945584397,"back":19.380910945584397,"walk_out":64.60303648528132,"walk_back":64.60303648528132},"rail-007578":{"out":19.843582531803175,"back":19.843582531803175,"walk_out":66.14527510601059,"walk_back":66.14527510601059},"rail-007674":{"out":25.82351270967732,"back":25.82351270967732,"walk_out":86.0783756989244,"walk_back":86.0783756989244},"rail-007399":{"out":28.780336553557433,"back":28.780336553557433,"walk_out":95.93445517852477,"walk_back":95.93445517852477},"rail-007611":{"out":28.13203171125882,"back":28.13203171125882,"walk_out":93.77343903752939,"walk_back":93.77343903752939},"rail-007595":{"out":29.28838482370203,"back":29.28838482370203,"walk_out":97.62794941234012,"walk_back":97.62794941234012},"rail-007162":{"out":25.81378593178628,"back":25.81378593178628,"walk_out":86.04595310595427,"walk_back":86.04595310595427},"rail-007486":{"out":22.23355409459852,"back":22.23355409459852,"walk_out":74.11184698199507,"walk_back":74.11184698199507},"shinimamiya":{"out":29.356807521071584,"back":29.356807521071584,"walk_out":97.85602507023862,"walk_back":97.85602507023862},"rail-007427":{"out":28.753358650968693,"back":28.753358650968693,"walk_out":95.8445288365623,"walk_back":95.8445288365623},"rail-007523":{"out":4.333110288140507,"back":4.333110288140507,"walk_out":14.443700960468355,"walk_back":14.443700960468355},"rail-007297":{"out":18.66808296958844,"back":18.66808296958844,"walk_out":62.226943231961464,"walk_back":62.226943231961464},"rail-007499":{"out":22.669900418391084,"back":22.669900418391084,"walk_out":75.56633472797029,"walk_back":75.56633472797029},"rail-007528":{"out":22.92912763257913,"back":22.92912763257913,"walk_out":76.43042544193044,"walk_back":76.43042544193044},"rail-007500":{"out":25.73623519494858,"back":25.73623519494858,"walk_out":85.7874506498286,"walk_back":85.7874506498286},"higashihanazono":{"out":22.313979088580744,"back":22.313979088580744,"walk_out":74.37993029526915,"walk_back":74.37993029526915},"rail-007479":{"out":15.338846204505753,"back":15.338846204505753,"walk_out":51.12948734835251,"walk_back":51.12948734835251},"rail-007472":{"out":28.724876441683573,"back":28.724876441683573,"walk_out":95.74958813894524,"walk_back":95.74958813894524},"rail-007487":{"out":25.300283883611595,"back":25.300283883611595,"walk_out":84.33427961203866,"walk_back":84.33427961203866},"rail-007636":{"out":25.683719016502522,"back":25.683719016502522,"walk_out":85.61239672167507,"walk_back":85.61239672167507},"rail-007652":{"out":27.86035714196441,"back":27.86035714196441,"walk_out":92.86785713988137,"walk_back":92.86785713988137},"rail-007380":{"out":22.159354951053253,"back":22.159354951053253,"walk_out":73.86451650351084,"walk_back":73.86451650351084},"morinomiya":{"out":28.024875674129362,"back":28.024875674129362,"walk_out":93.41625224709787,"walk_back":93.41625224709787},"rail-007639":{"out":25.735905794213593,"back":25.735905794213593,"walk_out":85.78635264737865,"walk_back":85.78635264737865},"rail-007350":{"out":14.515811004137934,"back":14.515811004137934,"walk_out":48.386036680459775,"walk_back":48.386036680459775},"kawachi_yamamoto":{"out":14.8558630861602,"back":14.8558630861602,"walk_out":49.519543620534,"walk_back":49.519543620534},"rail-007668":{"out":26.07307764288168,"back":26.07307764288168,"walk_out":86.91025880960561,"walk_back":86.91025880960561},"rail-007345":{"out":14.750474298547847,"back":14.750474298547847,"walk_out":49.16824766182616,"walk_back":49.16824766182616},"rail-007359":{"out":20.10963787132724,"back":20.10963787132724,"walk_out":67.03212623775747,"walk_back":67.03212623775747},"rail-007470":{"out":20.41804401582414,"back":20.41804401582414,"walk_out":68.0601467194138,"walk_back":68.0601467194138},"rail-007621":{"out":23.69958669304543,"back":23.69958669304543,"walk_out":78.99862231015143,"walk_back":78.99862231015143},"fukaebashi":{"out":22.718026710549125,"back":22.718026710549125,"walk_out":75.72675570183041,"walk_back":75.72675570183041},"rail-007260":{"out":25.162452572878067,"back":25.162452572878067,"walk_out":83.87484190959356,"walk_back":83.87484190959356},"rail-007365":{"out":25.935726305786226,"back":25.935726305786226,"walk_out":86.45242101928743,"walk_back":86.45242101928743},"rail-007519":{"out":19.65222217326981,"back":19.65222217326981,"walk_out":65.5074072442327,"walk_back":65.5074072442327},"rail-007590":{"out":20.255447172771774,"back":20.255447172771774,"walk_out":67.51815724257257,"walk_back":67.51815724257257},"rail-007201":{"out":25.172849591053637,"back":25.172849591053637,"walk_out":83.90949863684546,"walk_back":83.90949863684546},"rail-007475":{"out":20.389616893775678,"back":20.389616893775678,"walk_out":67.96538964591892,"walk_back":67.96538964591892},"rail-007498":{"out":29.045491402374232,"back":29.045491402374232,"walk_out":96.81830467458077,"walk_back":96.81830467458077},"rail-007354":{"out":17.76928185610558,"back":17.76928185610558,"walk_out":59.23093952035193,"walk_back":59.23093952035193},"rail-007234":{"out":23.083134776255484,"back":23.083134776255484,"walk_out":76.94378258751827,"walk_back":76.94378258751827},"rail-007452":{"out":29.857843112677283,"back":29.857843112677283,"walk_out":99.52614370892428,"walk_back":99.52614370892428},"rail-007678":{"out":27.21513137281386,"back":27.21513137281386,"walk_out":90.71710457604621,"walk_back":90.71710457604621},"rail-007477":{"out":5.292671039364361,"back":5.292671039364361,"walk_out":17.642236797881203,"walk_back":17.642236797881203},"rail-007540":{"out":23.68778514471783,"back":23.68778514471783,"walk_out":78.9592838157261,"walk_back":78.9592838157261},"tanimachi9":{"out":27.969189761189032,"back":27.969189761189032,"walk_out":93.23063253729677,"walk_back":93.23063253729677},"tanimachi6":{"out":29.825386665913907,"back":29.825386665913907,"walk_out":99.41795555304635,"walk_back":99.41795555304635},"kintetsu_yao":{"out":9.08339652161075,"back":9.08339652161075,"walk_out":30.277988405369168,"walk_back":30.277988405369168},"rail-007562":{"out":17.922425460140573,"back":17.922425460140573,"walk_out":59.74141820046858,"walk_back":59.74141820046858},"rail-007594":{"out":12.996870207822015,"back":12.996870207822015,"walk_out":43.32290069274005,"walk_back":43.32290069274005},"nagai":{"out":25.625670018062074,"back":25.625670018062074,"walk_out":85.41890006020691,"walk_back":85.41890006020691},"rail-007425":{"out":8.215521998023233,"back":8.215521998023233,"walk_out":27.38507332674411,"walk_back":27.38507332674411},"nagata":{"out":21.601972738646726,"back":21.601972738646726,"walk_out":72.00657579548908,"walk_back":72.00657579548908},"rail-007460":{"out":24.94714050690037,"back":24.94714050690037,"walk_out":83.15713502300123,"walk_back":83.15713502300123},"rail-007543":{"out":17.406065053200173,"back":17.406065053200173,"walk_out":58.02021684400057,"walk_back":58.02021684400057},"rail-007235":{"out":21.06543401803524,"back":21.06543401803524,"walk_out":70.21811339345079,"walk_back":70.21811339345079},"rail-007229":{"out":21.219897472779472,"back":21.219897472779472,"walk_out":70.73299157593156,"walk_back":70.73299157593156},"rail-007551":{"out":17.47660131835153,"back":17.47660131835153,"walk_out":58.25533772783844,"walk_back":58.25533772783844},"rail-007569":{"out":28.43112932573508,"back":28.43112932573508,"walk_out":94.7704310857836,"walk_back":94.7704310857836},"rail-007669":{"out":27.74257075464811,"back":27.74257075464811,"walk_out":92.47523584882703,"walk_back":92.47523584882703},"rail-007679":{"out":26.733241185337057,"back":26.733241185337057,"walk_out":89.11080395112351,"walk_back":89.11080395112351},"rail-007125":{"out":29.935945697977782,"back":29.935945697977782,"walk_out":99.78648565992594,"walk_back":99.78648565992594},"rail-007556":{"out":23.354118957231663,"back":23.354118957231663,"walk_out":77.84706319077222,"walk_back":77.84706319077222},"tsuruhashi":{"out":23.39538296941601,"back":23.39538296941601,"walk_out":77.98460989805336,"walk_back":77.98460989805336}}}},{"type":"Feature","geometry":{"type":"Point","coordinates":[135.57449,34.44807]},"properties":{"id":"bodik-osaka-cf104450367b175cfac0","name":"クリスマスリースづくり","venue":"長野公園","address":"","category":"その他","source_category":"","date":"2026-11-28","end_date":"2026-11-28","start":null,"end":null,"schedule":"","url":"https://www.toshi-kouen.jp/staticpages/index.php/nagano_top","source":"大阪府 イベント一覧（BODIK）","source_updated":"2026-09-14T08:52:41.251751","fetched_at":"2026-09-18T14:35:26.570Z","coordinate_source":"https://data.bodik.jp/ja/dataset/270008_event","fictional":false,"access":{"rail-007957":{"out":5.2069842147972345,"back":5.2069842147972345,"walk_out":17.356614049324115,"walk_back":17.356614049324115},"rail-007909":{"out":9.778991152974498,"back":9.778991152974498,"walk_out":32.596637176581666,"walk_back":32.596637176581666},"rail-007991":{"out":17.1613808720401,"back":17.1613808720401,"walk_out":57.20460290680034,"walk_back":57.20460290680034},"rail-007831":{"out":25.98661862785348,"back":25.98661862785348,"walk_out":86.62206209284493,"walk_back":86.62206209284493},"rail-008028":{"out":23.7307399542312,"back":23.7307399542312,"walk_out":79.10246651410401,"walk_back":79.10246651410401},"rail-007832":{"out":26.812608701208912,"back":26.812608701208912,"walk_out":89.37536233736304,"walk_back":89.37536233736304},"rail-007840":{"out":24.555906563430973,"back":24.555906563430973,"walk_out":81.85302187810325,"walk_back":81.85302187810325},"rail-007856":{"out":20.404144890821296,"back":20.404144890821296,"walk_out":68.01381630273765,"walk_back":68.01381630273765},"rail-007912":{"out":8.592841972845187,"back":8.592841972845187,"walk_out":28.642806576150626,"walk_back":28.642806576150626},"rail-007934":{"out":1.435968780144363,"back":1.435968780144363,"walk_out":4.7865626004812105,"walk_back":4.7865626004812105},"rail-007887":{"out":14.72932141621519,"back":14.72932141621519,"walk_out":49.09773805405064,"walk_back":49.09773805405064},"rail-007882":{"out":15.48011079495993,"back":15.48011079495993,"walk_out":51.600369316533104,"walk_back":51.600369316533104},"rail-007977":{"out":10.402477503381059,"back":10.402477503381059,"walk_out":34.6749250112702,"walk_back":34.6749250112702},"rail-007851":{"out":21.69748123913452,"back":21.69748123913452,"walk_out":72.32493746378174,"walk_back":72.32493746378174}}}},{"type":"Feature","geometry":{"type":"Point","coordinates":[135.5788,34.63141]},"properties":{"id":"bodik-osaka-001a58ee1cc427517a70","name":"レッツ久宝探検隊","venue":"久宝寺緑地","address":"","category":"その他","source_category":"","date":"2026-11-29","end_date":"2026-11-29","start":null,"end":null,"schedule":"","url":"https://kyuhoji-ryokuchi.jp/","source":"大阪府 イベント一覧（BODIK）","source_updated":"2026-09-14T08:52:41.251751","fetched_at":"2026-09-18T14:35:26.570Z","coordinate_source":"https://data.bodik.jp/ja/dataset/270008_event","fictional":false,"access":{"rail-007376":{"out":12.3360863913444,"back":12.3360863913444,"walk_out":41.120287971148,"walk_back":41.120287971148},"rail-007344":{"out":14.833195010312476,"back":14.833195010312476,"walk_out":49.443983367708256,"walk_back":49.443983367708256},"rail-007422":{"out":8.815085537781805,"back":8.815085537781805,"walk_out":29.383618459272682,"walk_back":29.383618459272682},"kyuhoji":{"out":4.5327503034730015,"back":4.5327503034730015,"walk_out":15.109167678243338,"walk_back":15.109167678243338},"rail-007491":{"out":4.5313010230363195,"back":4.5313010230363195,"walk_out":15.1043367434544,"walk_back":15.1043367434544},"rail-007529":{"out":17.60646567801607,"back":17.60646567801607,"walk_out":58.68821892672024,"walk_back":58.68821892672024},"rail-007450":{"out":28.70687434162788,"back":28.70687434162788,"walk_out":95.6895811387596,"walk_back":95.6895811387596},"rail-007459":{"out":28.677672229759636,"back":28.677672229759636,"walk_out":95.59224076586545,"walk_back":95.59224076586545},"rail-007284":{"out":20.874050828737538,"back":20.874050828737538,"walk_out":69.58016942912512,"walk_back":69.58016942912512},"rail-007342":{"out":18.202018757829997,"back":18.202018757829997,"walk_out":60.67339585943333,"walk_back":60.67339585943333},"rail-007378":{"out":12.36736585833943,"back":12.36736585833943,"walk_out":41.22455286113143,"walk_back":41.22455286113143},"rail-007549":{"out":23.72916130545068,"back":23.72916130545068,"walk_out":79.09720435150227,"walk_back":79.09720435150227},"rail-007560":{"out":9.168430406691996,"back":9.168430406691996,"walk_out":30.56143468897332,"walk_back":30.56143468897332},"rail-007618":{"out":15.27376964483595,"back":15.27376964483595,"walk_out":50.91256548278649,"walk_back":50.91256548278649},"rail-007351":{"out":14.888633534461793,"back":14.888633534461793,"walk_out":49.62877844820597,"walk_back":49.62877844820597},"rail-007582":{"out":11.092482224895164,"back":11.092482224895164,"walk_out":36.97494074965054,"walk_back":36.97494074965054},"rail-007524":{"out":4.8502657388788295,"back":4.8502657388788295,"walk_out":16.167552462929432,"walk_back":16.167552462929432},"dobutsuen":{"out":28.58622355596859,"back":28.58622355596859,"walk_out":95.28741185322863,"walk_back":95.28741185322863},"rail-007485":{"out":28.84750342346281,"back":28.84750342346281,"walk_out":96.15834474487603,"walk_back":96.15834474487603},"rail-007412":{"out":13.053082955677729,"back":13.053082955677729,"walk_out":43.510276518925764,"walk_back":43.510276518925764},"rail-007502":{"out":18.249595776689237,"back":18.249595776689237,"walk_out":60.83198592229745,"walk_back":60.83198592229745},"rail-007522":{"out":26.89441899033533,"back":26.89441899033533,"walk_out":89.64806330111776,"walk_back":89.64806330111776},"rail-007462":{"out":10.65761179448601,"back":10.65761179448601,"walk_out":35.5253726482867,"walk_back":35.5253726482867},"rail-007531":{"out":21.359005619253065,"back":21.359005619253065,"walk_out":71.19668539751022,"walk_back":71.19668539751022},"rail-007213":{"out":27.44601767773998,"back":27.44601767773998,"walk_out":91.4867255924666,"walk_back":91.4867255924666},"rail-007581":{"out":13.901609035314568,"back":13.901609035314568,"walk_out":46.338696784381895,"walk_back":46.338696784381895},"rail-007382":{"out":26.51872604929057,"back":26.51872604929057,"walk_out":88.39575349763523,"walk_back":88.39575349763523},"rail-007676":{"out":29.815966049304677,"back":29.815966049304677,"walk_out":99.38655349768226,"walk_back":99.38655349768226},"rail-007633":{"out":26.093333793129435,"back":26.093333793129435,"walk_out":86.97777931043144,"walk_back":86.97777931043144},"uehommachi":{"out":25.924218434239364,"back":25.924218434239364,"walk_out":86.41406144746455,"walk_back":86.41406144746455},"rail-007164":{"out":29.900442736915018,"back":29.900442736915018,"walk_out":99.66814245638339,"walk_back":99.66814245638339},"rail-007451":{"out":24.36135665780537,"back":24.36135665780537,"walk_out":81.20452219268456,"walk_back":81.20452219268456},"tennoji":{"out":24.432570102639293,"back":24.432570102639293,"walk_out":81.44190034213098,"walk_back":81.44190034213098},"rail-007447":{"out":24.96364928629508,"back":24.96364928629508,"walk_out":83.21216428765027,"walk_back":83.21216428765027},"rail-007515":{"out":29.697497655368245,"back":29.697497655368245,"walk_out":98.99165885122748,"walk_back":98.99165885122748},"rail-007532":{"out":27.870309916401126,"back":27.870309916401126,"walk_out":92.90103305467042,"walk_back":92.90103305467042},"rail-007653":{"out":29.29315856133514,"back":29.29315856133514,"walk_out":97.64386187111714,"walk_back":97.64386187111714},"rail-007434":{"out":21.49628591094289,"back":21.49628591094289,"walk_out":71.65428636980964,"walk_back":71.65428636980964},"rail-007368":{"out":15.65820958409393,"back":15.65820958409393,"walk_out":52.19403194697977,"walk_back":52.19403194697977},"rail-007657":{"out":27.84800140782502,"back":27.84800140782502,"walk_out":92.82667135941674,"walk_back":92.82667135941674},"fuse":{"out":15.56499408505987,"back":15.56499408505987,"walk_out":51.88331361686624,"walk_back":51.88331361686624},"rail-007538":{"out":29.743590438227383,"back":29.743590438227383,"walk_out":99.14530146075793,"walk_back":99.14530146075793},"rail-007547":{"out":28.971083287543994,"back":28.971083287543994,"walk_out":96.57027762514664,"walk_back":96.57027762514664},"rail-007559":{"out":29.852169969679448,"back":29.852169969679448,"walk_out":99.50723323226482,"walk_back":99.50723323226482},"rail-007505":{"out":10.16745600539689,"back":10.16745600539689,"walk_out":33.891520017989635,"walk_back":33.891520017989635},"rail-007546":{"out":11.954905897862298,"back":11.954905897862298,"walk_out":39.84968632620766,"walk_back":39.84968632620766},"rail-007468":{"out":4.750252733120279,"back":4.750252733120279,"walk_out":15.834175777067596,"walk_back":15.834175777067596},"rail-007131":{"out":27.184085590346967,"back":27.184085590346967,"walk_out":90.6136186344899,"walk_back":90.6136186344899},"rail-007606":{"out":19.380910945584397,"back":19.380910945584397,"walk_out":64.60303648528132,"walk_back":64.60303648528132},"rail-007578":{"out":19.843582531803175,"back":19.843582531803175,"walk_out":66.14527510601059,"walk_back":66.14527510601059},"rail-007674":{"out":25.82351270967732,"back":25.82351270967732,"walk_out":86.0783756989244,"walk_back":86.0783756989244},"rail-007399":{"out":28.780336553557433,"back":28.780336553557433,"walk_out":95.93445517852477,"walk_back":95.93445517852477},"rail-007611":{"out":28.13203171125882,"back":28.13203171125882,"walk_out":93.77343903752939,"walk_back":93.77343903752939},"rail-007595":{"out":29.28838482370203,"back":29.28838482370203,"walk_out":97.62794941234012,"walk_back":97.62794941234012},"rail-007162":{"out":25.81378593178628,"back":25.81378593178628,"walk_out":86.04595310595427,"walk_back":86.04595310595427},"rail-007486":{"out":22.23355409459852,"back":22.23355409459852,"walk_out":74.11184698199507,"walk_back":74.11184698199507},"shinimamiya":{"out":29.356807521071584,"back":29.356807521071584,"walk_out":97.85602507023862,"walk_back":97.85602507023862},"rail-007427":{"out":28.753358650968693,"back":28.753358650968693,"walk_out":95.8445288365623,"walk_back":95.8445288365623},"rail-007523":{"out":4.333110288140507,"back":4.333110288140507,"walk_out":14.443700960468355,"walk_back":14.443700960468355},"rail-007297":{"out":18.66808296958844,"back":18.66808296958844,"walk_out":62.226943231961464,"walk_back":62.226943231961464},"rail-007499":{"out":22.669900418391084,"back":22.669900418391084,"walk_out":75.56633472797029,"walk_back":75.56633472797029},"rail-007528":{"out":22.92912763257913,"back":22.92912763257913,"walk_out":76.43042544193044,"walk_back":76.43042544193044},"rail-007500":{"out":25.73623519494858,"back":25.73623519494858,"walk_out":85.7874506498286,"walk_back":85.7874506498286},"higashihanazono":{"out":22.313979088580744,"back":22.313979088580744,"walk_out":74.37993029526915,"walk_back":74.37993029526915},"rail-007479":{"out":15.338846204505753,"back":15.338846204505753,"walk_out":51.12948734835251,"walk_back":51.12948734835251},"rail-007472":{"out":28.724876441683573,"back":28.724876441683573,"walk_out":95.74958813894524,"walk_back":95.74958813894524},"rail-007487":{"out":25.300283883611595,"back":25.300283883611595,"walk_out":84.33427961203866,"walk_back":84.33427961203866},"rail-007636":{"out":25.683719016502522,"back":25.683719016502522,"walk_out":85.61239672167507,"walk_back":85.61239672167507},"rail-007652":{"out":27.86035714196441,"back":27.86035714196441,"walk_out":92.86785713988137,"walk_back":92.86785713988137},"rail-007380":{"out":22.159354951053253,"back":22.159354951053253,"walk_out":73.86451650351084,"walk_back":73.86451650351084},"morinomiya":{"out":28.024875674129362,"back":28.024875674129362,"walk_out":93.41625224709787,"walk_back":93.41625224709787},"rail-007639":{"out":25.735905794213593,"back":25.735905794213593,"walk_out":85.78635264737865,"walk_back":85.78635264737865},"rail-007350":{"out":14.515811004137934,"back":14.515811004137934,"walk_out":48.386036680459775,"walk_back":48.386036680459775},"kawachi_yamamoto":{"out":14.8558630861602,"back":14.8558630861602,"walk_out":49.519543620534,"walk_back":49.519543620534},"rail-007668":{"out":26.07307764288168,"back":26.07307764288168,"walk_out":86.91025880960561,"walk_back":86.91025880960561},"rail-007345":{"out":14.750474298547847,"back":14.750474298547847,"walk_out":49.16824766182616,"walk_back":49.16824766182616},"rail-007359":{"out":20.10963787132724,"back":20.10963787132724,"walk_out":67.03212623775747,"walk_back":67.03212623775747},"rail-007470":{"out":20.41804401582414,"back":20.41804401582414,"walk_out":68.0601467194138,"walk_back":68.0601467194138},"rail-007621":{"out":23.69958669304543,"back":23.69958669304543,"walk_out":78.99862231015143,"walk_back":78.99862231015143},"fukaebashi":{"out":22.718026710549125,"back":22.718026710549125,"walk_out":75.72675570183041,"walk_back":75.72675570183041},"rail-007260":{"out":25.162452572878067,"back":25.162452572878067,"walk_out":83.87484190959356,"walk_back":83.87484190959356},"rail-007365":{"out":25.935726305786226,"back":25.935726305786226,"walk_out":86.45242101928743,"walk_back":86.45242101928743},"rail-007519":{"out":19.65222217326981,"back":19.65222217326981,"walk_out":65.5074072442327,"walk_back":65.5074072442327},"rail-007590":{"out":20.255447172771774,"back":20.255447172771774,"walk_out":67.51815724257257,"walk_back":67.51815724257257},"rail-007201":{"out":25.172849591053637,"back":25.172849591053637,"walk_out":83.90949863684546,"walk_back":83.90949863684546},"rail-007475":{"out":20.389616893775678,"back":20.389616893775678,"walk_out":67.96538964591892,"walk_back":67.96538964591892},"rail-007498":{"out":29.045491402374232,"back":29.045491402374232,"walk_out":96.81830467458077,"walk_back":96.81830467458077},"rail-007354":{"out":17.76928185610558,"back":17.76928185610558,"walk_out":59.23093952035193,"walk_back":59.23093952035193},"rail-007234":{"out":23.083134776255484,"back":23.083134776255484,"walk_out":76.94378258751827,"walk_back":76.94378258751827},"rail-007452":{"out":29.857843112677283,"back":29.857843112677283,"walk_out":99.52614370892428,"walk_back":99.52614370892428},"rail-007678":{"out":27.21513137281386,"back":27.21513137281386,"walk_out":90.71710457604621,"walk_back":90.71710457604621},"rail-007477":{"out":5.292671039364361,"back":5.292671039364361,"walk_out":17.642236797881203,"walk_back":17.642236797881203},"rail-007540":{"out":23.68778514471783,"back":23.68778514471783,"walk_out":78.9592838157261,"walk_back":78.9592838157261},"tanimachi9":{"out":27.969189761189032,"back":27.969189761189032,"walk_out":93.23063253729677,"walk_back":93.23063253729677},"tanimachi6":{"out":29.825386665913907,"back":29.825386665913907,"walk_out":99.41795555304635,"walk_back":99.41795555304635},"kintetsu_yao":{"out":9.08339652161075,"back":9.08339652161075,"walk_out":30.277988405369168,"walk_back":30.277988405369168},"rail-007562":{"out":17.922425460140573,"back":17.922425460140573,"walk_out":59.74141820046858,"walk_back":59.74141820046858},"rail-007594":{"out":12.996870207822015,"back":12.996870207822015,"walk_out":43.32290069274005,"walk_back":43.32290069274005},"nagai":{"out":25.625670018062074,"back":25.625670018062074,"walk_out":85.41890006020691,"walk_back":85.41890006020691},"rail-007425":{"out":8.215521998023233,"back":8.215521998023233,"walk_out":27.38507332674411,"walk_back":27.38507332674411},"nagata":{"out":21.601972738646726,"back":21.601972738646726,"walk_out":72.00657579548908,"walk_back":72.00657579548908},"rail-007460":{"out":24.94714050690037,"back":24.94714050690037,"walk_out":83.15713502300123,"walk_back":83.15713502300123},"rail-007543":{"out":17.406065053200173,"back":17.406065053200173,"walk_out":58.02021684400057,"walk_back":58.02021684400057},"rail-007235":{"out":21.06543401803524,"back":21.06543401803524,"walk_out":70.21811339345079,"walk_back":70.21811339345079},"rail-007229":{"out":21.219897472779472,"back":21.219897472779472,"walk_out":70.73299157593156,"walk_back":70.73299157593156},"rail-007551":{"out":17.47660131835153,"back":17.47660131835153,"walk_out":58.25533772783844,"walk_back":58.25533772783844},"rail-007569":{"out":28.43112932573508,"back":28.43112932573508,"walk_out":94.7704310857836,"walk_back":94.7704310857836},"rail-007669":{"out":27.74257075464811,"back":27.74257075464811,"walk_out":92.47523584882703,"walk_back":92.47523584882703},"rail-007679":{"out":26.733241185337057,"back":26.733241185337057,"walk_out":89.11080395112351,"walk_back":89.11080395112351},"rail-007125":{"out":29.935945697977782,"back":29.935945697977782,"walk_out":99.78648565992594,"walk_back":99.78648565992594},"rail-007556":{"out":23.354118957231663,"back":23.354118957231663,"walk_out":77.84706319077222,"walk_back":77.84706319077222},"tsuruhashi":{"out":23.39538296941601,"back":23.39538296941601,"walk_out":77.98460989805336,"walk_back":77.98460989805336}}}},{"type":"Feature","geometry":{"type":"Point","coordinates":[135.52419,34.56602]},"properties":{"id":"bodik-osaka-50d0c0c09c3973c3fbf5","name":"クリスマスのウォールパネル","venue":"大泉緑地","address":"","category":"その他","source_category":"","date":"2026-11-29","end_date":"2026-11-29","start":null,"end":null,"schedule":"","url":"https://oizumi.osaka-park.or.jp/","source":"大阪府 イベント一覧（BODIK）","source_updated":"2026-09-14T08:52:41.251751","fetched_at":"2026-09-18T14:35:26.570Z","coordinate_source":"https://data.bodik.jp/ja/dataset/270008_event","fictional":false,"access":{"rail-007626":{"out":19.782737707068787,"back":19.782737707068787,"walk_out":65.94245902356262,"walk_back":65.94245902356262},"rail-007693":{"out":11.508299122151096,"back":11.508299122151096,"walk_out":38.360997073836984,"walk_back":38.360997073836984},"rail-007735":{"out":18.45761170514828,"back":18.45761170514828,"walk_out":61.52537235049428,"walk_back":61.52537235049428},"nakamozu":{"out":7.825155483123821,"back":7.825155483123821,"walk_out":26.083851610412733,"walk_back":26.083851610412733},"rail-007529":{"out":26.932501752829193,"back":26.932501752829193,"walk_out":89.77500584276397,"walk_back":89.77500584276397},"rail-007593":{"out":22.139987025212935,"back":22.139987025212935,"walk_out":73.79995675070978,"walk_back":73.79995675070978},"rail-007580":{"out":26.70193046804018,"back":26.70193046804018,"walk_out":89.00643489346727,"walk_back":89.00643489346727},"rail-007567":{"out":24.401886974168463,"back":24.401886974168463,"walk_out":81.33962324722822,"walk_back":81.33962324722822},"rail-007573":{"out":24.16017542163456,"back":24.16017542163456,"walk_out":80.5339180721152,"walk_back":80.5339180721152},"rail-007572":{"out":23.20303579519925,"back":23.20303579519925,"walk_out":77.34345265066416,"walk_back":77.34345265066416},"rail-007574":{"out":23.95964628473421,"back":23.95964628473421,"walk_out":79.8654876157807,"walk_back":79.8654876157807},"rail-007618":{"out":25.57037607539488,"back":25.57037607539488,"walk_out":85.23458691798292,"walk_back":85.23458691798292},"rail-007582":{"out":24.37248373843173,"back":24.37248373843173,"walk_out":81.2416124614391,"walk_back":81.2416124614391},"rail-007747":{"out":10.617176062024015,"back":10.617176062024015,"walk_out":35.39058687341338,"walk_back":35.39058687341338},"rail-007544":{"out":29.562122294659005,"back":29.562122294659005,"walk_out":98.54040764886335,"walk_back":98.54040764886335},"rail-007502":{"out":29.411408570526255,"back":29.411408570526255,"walk_out":98.03802856842086,"walk_back":98.03802856842086},"rail-007522":{"out":28.10335159471841,"back":28.10335159471841,"walk_out":93.67783864906137,"walk_back":93.67783864906137},"rail-007647":{"out":7.864197344160726,"back":7.864197344160726,"walk_out":26.213991147202417,"walk_back":26.213991147202417},"rail-007788":{"out":20.392383079668765,"back":20.392383079668765,"walk_out":67.97461026556255,"walk_back":67.97461026556255},"rail-007531":{"out":26.510019580701197,"back":26.510019580701197,"walk_out":88.36673193567066,"walk_back":88.36673193567066},"rail-007581":{"out":21.7498061262108,"back":21.7498061262108,"walk_out":72.499353754036,"walk_back":72.499353754036},"rail-007649":{"out":21.516349302148946,"back":21.516349302148946,"walk_out":71.72116434049649,"walk_back":71.72116434049649},"rail-007660":{"out":10.67593136837051,"back":10.67593136837051,"walk_out":35.58643789456836,"walk_back":35.58643789456836},"rail-007667":{"out":14.994350618982999,"back":14.994350618982999,"walk_out":49.98116872994333,"walk_back":49.98116872994333},"rail-007534":{"out":27.787893287651542,"back":27.787893287651542,"walk_out":92.62631095883847,"walk_back":92.62631095883847},"rail-007622":{"out":18.714959319426644,"back":18.714959319426644,"walk_out":62.38319773142214,"walk_back":62.38319773142214},"rail-007654":{"out":19.1043932292385,"back":19.1043932292385,"walk_out":63.68131076412834,"walk_back":63.68131076412834},"rail-007831":{"out":29.827540712763508,"back":29.827540712763508,"walk_out":99.42513570921169,"walk_back":99.42513570921169},"rail-007515":{"out":29.72360462112311,"back":29.72360462112311,"walk_out":99.07868207041037,"walk_back":99.07868207041037},"rail-007646":{"out":18.411155121287468,"back":18.411155121287468,"walk_out":61.37051707095823,"walk_back":61.37051707095823},"rail-007532":{"out":26.95490744390536,"back":26.95490744390536,"walk_out":89.84969147968454,"walk_back":89.84969147968454},"rail-007592":{"out":21.532375314448604,"back":21.532375314448604,"walk_out":71.77458438149534,"walk_back":71.77458438149534},"rail-007666":{"out":19.66130724040419,"back":19.66130724040419,"walk_out":65.53769080134731,"walk_back":65.53769080134731},"rail-007673":{"out":20.351618163073688,"back":20.351618163073688,"walk_out":67.83872721024562,"walk_back":67.83872721024562},"rail-007517":{"out":29.694190029435948,"back":29.694190029435948,"walk_out":98.98063343145316,"walk_back":98.98063343145316},"rail-007657":{"out":7.665128800783616,"back":7.665128800783616,"walk_out":25.550429335945385,"walk_back":25.550429335945385},"rail-007538":{"out":26.614951954969904,"back":26.614951954969904,"walk_out":88.71650651656635,"walk_back":88.71650651656635},"rail-007547":{"out":25.731771033970126,"back":25.731771033970126,"walk_out":85.77257011323375,"walk_back":85.77257011323375},"rail-007559":{"out":24.73609014714906,"back":24.73609014714906,"walk_out":82.4536338238302,"walk_back":82.4536338238302},"rail-007546":{"out":26.072591594249158,"back":26.072591594249158,"walk_out":86.90863864749718,"walk_back":86.90863864749718},"rail-007682":{"out":21.153503248500105,"back":21.153503248500105,"walk_out":70.51167749500036,"walk_back":70.51167749500036},"rail-007674":{"out":18.123624985242518,"back":18.123624985242518,"walk_out":60.41208328414172,"walk_back":60.41208328414172},"rail-007611":{"out":15.262507030244395,"back":15.262507030244395,"walk_out":50.87502343414798,"walk_back":50.87502343414798},"rail-007609":{"out":18.12514057074336,"back":18.12514057074336,"walk_out":60.41713523581119,"walk_back":60.41713523581119},"rail-007595":{"out":17.31212140759033,"back":17.31212140759033,"walk_out":57.70707135863443,"walk_back":57.70707135863443},"rail-007607":{"out":20.0172799105858,"back":20.0172799105858,"walk_out":66.72426636861933,"walk_back":66.72426636861933},"rail-007690":{"out":3.407887527462735,"back":3.407887527462735,"walk_out":11.35962509154245,"walk_back":11.35962509154245},"rail-007499":{"out":29.900119320185986,"back":29.900119320185986,"walk_out":99.66706440061995,"walk_back":99.66706440061995},"rail-007623":{"out":14.29031656713143,"back":14.29031656713143,"walk_out":47.63438855710477,"walk_back":47.63438855710477},"rail-007699":{"out":22.528148249339246,"back":22.528148249339246,"walk_out":75.09382749779748,"walk_back":75.09382749779748},"rail-007525":{"out":28.96652166508333,"back":28.96652166508333,"walk_out":96.55507221694444,"walk_back":96.55507221694444},"rail-007553":{"out":25.94480313221004,"back":25.94480313221004,"walk_out":86.4826771073668,"walk_back":86.4826771073668},"rail-007587":{"out":20.528383558988807,"back":20.528383558988807,"walk_out":68.42794519662937,"walk_back":68.42794519662937},"rail-007639":{"out":9.72777671258199,"back":9.72777671258199,"walk_out":32.4259223752733,"walk_back":32.4259223752733},"rail-007668":{"out":12.87755335160262,"back":12.87755335160262,"walk_out":42.9251778386754,"walk_back":42.9251778386754},"rail-007746":{"out":23.052259510779233,"back":23.052259510779233,"walk_out":76.84086503593078,"walk_back":76.84086503593078},"rail-007641":{"out":11.690273841265247,"back":11.690273841265247,"walk_out":38.967579470884154,"walk_back":38.967579470884154},"rail-007630":{"out":16.0402720953413,"back":16.0402720953413,"walk_out":53.46757365113767,"walk_back":53.46757365113767},"rail-007776":{"out":18.626692965882885,"back":18.626692965882885,"walk_out":62.088976552942945,"walk_back":62.088976552942945},"rail-007683":{"out":23.564069878708057,"back":23.564069878708057,"walk_out":78.54689959569352,"walk_back":78.54689959569352},"rail-007800":{"out":23.652500540941663,"back":23.652500540941663,"walk_out":78.84166846980554,"walk_back":78.84166846980554},"rail-007533":{"out":28.622318461650295,"back":28.622318461650295,"walk_out":95.40772820550097,"walk_back":95.40772820550097},"rail-007519":{"out":27.827444880978664,"back":27.827444880978664,"walk_out":92.75814960326221,"walk_back":92.75814960326221},"rail-007733":{"out":8.118076047840942,"back":8.118076047840942,"walk_out":27.060253492803138,"walk_back":27.060253492803138},"rail-007709":{"out":13.262230490820661,"back":13.262230490820661,"walk_out":44.2074349694022,"walk_back":44.2074349694022},"rail-007704":{"out":9.75389436382508,"back":9.75389436382508,"walk_out":32.51298121275027,"walk_back":32.51298121275027},"rail-007590":{"out":18.02806086086241,"back":18.02806086086241,"walk_out":60.093536202874695,"walk_back":60.093536202874695},"rail-007714":{"out":25.767297053714078,"back":25.767297053714078,"walk_out":85.89099017904692,"walk_back":85.89099017904692},"rail-007706":{"out":23.977389458373203,"back":23.977389458373203,"walk_out":79.92463152791068,"walk_back":79.92463152791068},"rail-007707":{"out":26.148216977732332,"back":26.148216977732332,"walk_out":87.16072325910777,"walk_back":87.16072325910777},"rail-007564":{"out":24.327840259850813,"back":24.327840259850813,"walk_out":81.09280086616937,"walk_back":81.09280086616937},"rail-007640":{"out":18.213713601048482,"back":18.213713601048482,"walk_out":60.7123786701616,"walk_back":60.7123786701616},"rail-007554":{"out":26.039706011232333,"back":26.039706011232333,"walk_out":86.79902003744111,"walk_back":86.79902003744111},"rail-007579":{"out":22.888820131694565,"back":22.888820131694565,"walk_out":76.29606710564855,"walk_back":76.29606710564855},"rail-007635":{"out":17.893408692152146,"back":17.893408692152146,"walk_out":59.64469564050716,"walk_back":59.64469564050716},"rail-007734":{"out":27.868587439802532,"back":27.868587439802532,"walk_out":92.89529146600844,"walk_back":92.89529146600844},"rail-007650":{"out":18.669421024150807,"back":18.669421024150807,"walk_out":62.231403413836034,"walk_back":62.231403413836034},"rail-007760":{"out":13.47267573936368,"back":13.47267573936368,"walk_out":44.90891913121227,"walk_back":44.90891913121227},"rail-007678":{"out":25.684634369367625,"back":25.684634369367625,"walk_out":85.61544789789208,"walk_back":85.61544789789208},"rail-007540":{"out":24.962322178237045,"back":24.962322178237045,"walk_out":83.20774059412349,"walk_back":83.20774059412349},"rail-007729":{"out":28.193421573249278,"back":28.193421573249278,"walk_out":93.97807191083093,"walk_back":93.97807191083093},"rail-007562":{"out":22.92560672380577,"back":22.92560672380577,"walk_out":76.41868907935257,"walk_back":76.41868907935257},"rail-007594":{"out":24.34213050195954,"back":24.34213050195954,"walk_out":81.1404350065318,"walk_back":81.1404350065318},"nagai":{"out":19.925436873456313,"back":19.925436873456313,"walk_out":66.41812291152104,"walk_back":66.41812291152104},"rail-007543":{"out":24.893969561145756,"back":24.893969561145756,"walk_out":82.97989853715252,"walk_back":82.97989853715252},"rail-007669":{"out":8.96844808809805,"back":8.96844808809805,"walk_out":29.894826960326835,"walk_back":29.894826960326835},"rail-007628":{"out":17.936504089518788,"back":17.936504089518788,"walk_out":59.78834696506262,"walk_back":59.78834696506262},"rail-007679":{"out":22.227734845702678,"back":22.227734845702678,"walk_out":74.09244948567559,"walk_back":74.09244948567559},"rail-007773":{"out":28.352157159923646,"back":28.352157159923646,"walk_out":94.50719053307883,"walk_back":94.50719053307883},"rail-007556":{"out":23.27602134676747,"back":23.27602134676747,"walk_out":77.58673782255825,"walk_back":77.58673782255825}}}},{"type":"Feature","geometry":{"type":"Point","coordinates":[135.57272,34.48347]},"properties":{"id":"bodik-osaka-7a87b13714a9089184eb","name":"季節の寄せ植えづくり","venue":"錦織公園","address":"","category":"その他","source_category":"","date":"2026-11-29","end_date":"2026-11-29","start":null,"end":null,"schedule":"","url":"https://nishikori.osaka-park.or.jp/","source":"大阪府 イベント一覧（BODIK）","source_updated":"2026-09-14T08:52:41.251751","fetched_at":"2026-09-18T14:35:26.570Z","coordinate_source":"https://data.bodik.jp/ja/dataset/270008_event","fictional":false,"access":{"rail-007957":{"out":20.828540053961294,"back":20.828540053961294,"walk_out":69.42846684653765,"walk_back":69.42846684653765},"rail-007788":{"out":20.617413612512,"back":20.617413612512,"walk_out":68.72471204170667,"walk_back":68.72471204170667},"rail-007909":{"out":6.849799733320226,"back":6.849799733320226,"walk_out":22.832665777734086,"walk_back":22.832665777734086},"rail-007790":{"out":21.53486454118113,"back":21.53486454118113,"walk_out":71.78288180393709,"walk_back":71.78288180393709},"rail-007831":{"out":11.028143520070044,"back":11.028143520070044,"walk_out":36.76047840023348,"walk_back":36.76047840023348},"rail-007832":{"out":13.843085662692246,"back":13.843085662692246,"walk_out":46.14361887564082,"walk_back":46.14361887564082},"rail-007840":{"out":11.422099063896493,"back":11.422099063896493,"walk_out":38.07366354632165,"walk_back":38.07366354632165},"rail-007856":{"out":7.585042718003429,"back":7.585042718003429,"walk_out":25.283475726678095,"walk_back":25.283475726678095},"rail-007912":{"out":7.686861488821962,"back":7.686861488821962,"walk_out":25.62287162940654,"walk_back":25.62287162940654},"rail-007934":{"out":14.396198844640194,"back":14.396198844640194,"walk_out":47.98732948213398,"walk_back":47.98732948213398},"rail-007846":{"out":23.255997905858937,"back":23.255997905858937,"walk_out":77.51999301952979,"walk_back":77.51999301952979},"rail-007887":{"out":4.256666256261785,"back":4.256666256261785,"walk_out":14.188887520872617,"walk_back":14.188887520872617},"rail-007882":{"out":5.202932056618796,"back":5.202932056618796,"walk_out":17.343106855395988,"walk_back":17.343106855395988},"rail-007800":{"out":17.28315973830153,"back":17.28315973830153,"walk_out":57.61053246100511,"walk_back":57.61053246100511},"rail-007977":{"out":26.153860966146148,"back":26.153860966146148,"walk_out":87.1795365538205,"walk_back":87.1795365538205},"rail-007760":{"out":27.555077495717445,"back":27.555077495717445,"walk_out":91.85025831905816,"walk_back":91.85025831905816},"rail-007851":{"out":7.154354878288646,"back":7.154354878288646,"walk_out":23.847849594295486,"walk_back":23.847849594295486}}}}]}
